﻿<?xml version="1.0" encoding="utf-8"?>
<deployment>
  <id>5224c5d6cc704c258dc957572e447140</id>
  <author>ms-azuretools-vscode</author>
  <deployer>ms-azuretools-vscode</deployer>
  <authorEmail>N/A</authorEmail>
  <message>Created via a push deployment</message>
  <progress></progress>
  <status>Success</status>
  <statusText></statusText>
  <lastSuccessEndTime>2025-07-17T18:19:03.8476977Z</lastSuccessEndTime>
  <receivedTime>2025-07-17T18:19:02.5494714Z</receivedTime>
  <startTime>2025-07-17T18:19:02.7525924Z</startTime>
  <endTime>2025-07-17T18:19:03.8476977Z</endTime>
  <complete>True</complete>
  <is_temp>False</is_temp>
  <is_readonly>True</is_readonly>
  <project_type>BASIC</project_type>
  <vsproject_id></vsproject_id>
</deployment>