{"TimeStamp":"2025-09-28T19:02:51Z","SiteName":"Whiteboardv2-backend","RequestId":"b08869d6-9c9d-11f0-bc42-7a5b12043ae0","Kind":"OneDeploy","Status":"Success","Details":"{\"Id\":\"872a1885e87f468f8fb8f73bfefbb3b0\",\"Status\":4,\"StatusText\":\"\",\"AuthorEmail\":\"N/A\",\"Author\":\"N/A\",\"Message\":\"OneDeploy\",\"Progress\":\"\",\"Deployer\":\"OneDeploy\",\"ReceivedTime\":\"2025-09-28T19:02:49.4568229Z\",\"StartTime\":\"2025-09-28T19:02:49.6608201Z\",\"EndTime\":\"2025-09-28T19:02:51.5046238Z\",\"LastSuccessEndTime\":\"2025-09-28T19:02:51.5046238Z\",\"Complete\":true,\"IsTemporary\":false,\"IsReadOnly\":true,\"SiteName\":\"Whiteboardv2-backend\",\"HostName\":\"whiteboardv2-backend-ckf7efgxbxbjg0ft.scm.eastus-01.azurewebsites.net\",\"ProjectType\":\"OneDeploy\",\"VsProjectId\":null}"}