﻿<?xml version="1.0" encoding="utf-8"?>
<deployment>
  <id>54090466b6b94b4aa3435e92e5e87445</id>
  <author>N/A</author>
  <deployer>ZipDeploy</deployer>
  <authorEmail>N/A</authorEmail>
  <message>Created via a push deployment</message>
  <progress></progress>
  <status>Success</status>
  <statusText></statusText>
  <lastSuccessEndTime>2025-07-17T00:59:01.9917441Z</lastSuccessEndTime>
  <receivedTime>2025-07-17T00:58:58.4830733Z</receivedTime>
  <startTime>2025-07-17T00:58:58.6393239Z</startTime>
  <endTime>2025-07-17T00:59:01.9917441Z</endTime>
  <complete>True</complete>
  <is_temp>False</is_temp>
  <is_readonly>True</is_readonly>
  <project_type>BASIC</project_type>
  <vsproject_id></vsproject_id>
</deployment>