﻿<?xml version="1.0" encoding="utf-8"?>
<deployment>
  <id>f973123b650a4d97931ce2a06a8ae1eb</id>
  <author>ms-azuretools-vscode</author>
  <deployer>ms-azuretools-vscode</deployer>
  <authorEmail>N/A</authorEmail>
  <message>Created via a push deployment</message>
  <progress></progress>
  <status>Success</status>
  <statusText></statusText>
  <lastSuccessEndTime>2025-06-21T05:09:50.7825533Z</lastSuccessEndTime>
  <receivedTime>2025-06-21T05:09:49.673172Z</receivedTime>
  <startTime>2025-06-21T05:09:49.7356712Z</startTime>
  <endTime>2025-06-21T05:09:50.7825533Z</endTime>
  <complete>True</complete>
  <is_temp>False</is_temp>
  <is_readonly>True</is_readonly>
  <project_type>BASIC</project_type>
  <vsproject_id></vsproject_id>
</deployment>