﻿<?xml version="1.0" encoding="utf-8"?>
<deployment>
  <id>626fe63c903940068ec5512fbdbb5688</id>
  <author>ms-azuretools-vscode</author>
  <deployer>ms-azuretools-vscode</deployer>
  <authorEmail>N/A</authorEmail>
  <message>Created via a push deployment</message>
  <progress></progress>
  <status>Success</status>
  <statusText></statusText>
  <lastSuccessEndTime>2025-06-22T23:01:54.2832742Z</lastSuccessEndTime>
  <receivedTime>2025-06-22T23:01:51.1713065Z</receivedTime>
  <startTime>2025-06-22T23:01:51.2338412Z</startTime>
  <endTime>2025-06-22T23:01:54.2832742Z</endTime>
  <complete>True</complete>
  <is_temp>False</is_temp>
  <is_readonly>True</is_readonly>
  <project_type>BASIC</project_type>
  <vsproject_id></vsproject_id>
</deployment>