﻿<?xml version="1.0" encoding="utf-8"?>
<deployment>
  <id>fc32be0edb1a450aafdf501c2d47d5c1</id>
  <author>ms-azuretools-vscode</author>
  <deployer>ms-azuretools-vscode</deployer>
  <authorEmail>N/A</authorEmail>
  <message>Created via a push deployment</message>
  <progress></progress>
  <status>Success</status>
  <statusText></statusText>
  <lastSuccessEndTime>2025-07-17T00:52:40.0004674Z</lastSuccessEndTime>
  <receivedTime>2025-07-17T00:52:38.1410881Z</receivedTime>
  <startTime>2025-07-17T00:52:38.2973384Z</startTime>
  <endTime>2025-07-17T00:52:40.0004674Z</endTime>
  <complete>True</complete>
  <is_temp>False</is_temp>
  <is_readonly>True</is_readonly>
  <project_type>BASIC</project_type>
  <vsproject_id></vsproject_id>
</deployment>