﻿<?xml version="1.0" encoding="utf-8"?>
<deployment>
  <id>fd175a1fd52f424da9f4fe2520c9a922</id>
  <author>ms-azuretools-vscode</author>
  <deployer>ms-azuretools-vscode</deployer>
  <authorEmail>N/A</authorEmail>
  <message>Created via a push deployment</message>
  <progress></progress>
  <status>Success</status>
  <statusText></statusText>
  <lastSuccessEndTime>2025-07-17T19:50:52.8973947Z</lastSuccessEndTime>
  <receivedTime>2025-07-17T19:50:51.6615416Z</receivedTime>
  <startTime>2025-07-17T19:50:51.8335163Z</startTime>
  <endTime>2025-07-17T19:50:52.8973947Z</endTime>
  <complete>True</complete>
  <is_temp>False</is_temp>
  <is_readonly>True</is_readonly>
  <project_type>BASIC</project_type>
  <vsproject_id></vsproject_id>
</deployment>