﻿<?xml version="1.0" encoding="utf-8"?>
<deployment>
  <id>872a1885e87f468f8fb8f73bfefbb3b0</id>
  <author>N/A</author>
  <deployer>OneDeploy</deployer>
  <authorEmail>N/A</authorEmail>
  <message>OneDeploy</message>
  <progress></progress>
  <status>Success</status>
  <statusText></statusText>
  <lastSuccessEndTime>2025-09-28T19:02:51.5046238Z</lastSuccessEndTime>
  <receivedTime>2025-09-28T19:02:49.4568229Z</receivedTime>
  <startTime>2025-09-28T19:02:49.6608201Z</startTime>
  <endTime>2025-09-28T19:02:51.5046238Z</endTime>
  <complete>True</complete>
  <is_temp>False</is_temp>
  <is_readonly>True</is_readonly>
  <project_type>OneDeploy</project_type>
  <vsproject_id></vsproject_id>
</deployment>