﻿<?xml version="1.0" encoding="utf-8"?>
<deployment>
  <id>1fd5193969c342d384f2d0604bcc5e04</id>
  <author>N/A</author>
  <deployer>OneDeploy</deployer>
  <authorEmail>N/A</authorEmail>
  <message>OneDeploy</message>
  <progress></progress>
  <status>Success</status>
  <statusText></statusText>
  <lastSuccessEndTime>2025-06-22T23:11:28.9241948Z</lastSuccessEndTime>
  <receivedTime>2025-06-22T23:11:27.7991899Z</receivedTime>
  <startTime>2025-06-22T23:11:27.8773161Z</startTime>
  <endTime>2025-06-22T23:11:28.9241948Z</endTime>
  <complete>True</complete>
  <is_temp>False</is_temp>
  <is_readonly>True</is_readonly>
  <project_type>OneDeploy</project_type>
  <vsproject_id></vsproject_id>
</deployment>