﻿<?xml version="1.0" encoding="utf-8"?>
<deployment>
  <id>b769c12e000646ee8a8ddb5af97137d1</id>
  <author>ms-azuretools-vscode</author>
  <deployer>ms-azuretools-vscode</deployer>
  <authorEmail>N/A</authorEmail>
  <message>Created via a push deployment</message>
  <progress></progress>
  <status>Success</status>
  <statusText></statusText>
  <lastSuccessEndTime>2025-06-22T21:53:58.7394092Z</lastSuccessEndTime>
  <receivedTime>2025-06-22T21:53:55.5199922Z</receivedTime>
  <startTime>2025-06-22T21:53:55.5668641Z</startTime>
  <endTime>2025-06-22T21:53:58.7394092Z</endTime>
  <complete>True</complete>
  <is_temp>False</is_temp>
  <is_readonly>True</is_readonly>
  <project_type>BASIC</project_type>
  <vsproject_id></vsproject_id>
</deployment>