{"TimeStamp":"2025-06-22T23:17:18Z","SiteName":"Whiteboardv2-backend","RequestId":"038909d2-4fbf-11f0-9283-7a5b12043ae0","Kind":"OneDeploy","Status":"Success","Details":"{\"Id\":\"2558db7cc5334e3e916d4ade1882b2e1\",\"Status\":4,\"StatusText\":\"\",\"AuthorEmail\":\"N/A\",\"Author\":\"N/A\",\"Message\":\"OneDeploy\",\"Progress\":\"\",\"Deployer\":\"OneDeploy\",\"ReceivedTime\":\"2025-06-22T23:17:17.07732Z\",\"StartTime\":\"2025-06-22T23:17:17.5148209Z\",\"EndTime\":\"2025-06-22T23:17:18.3585737Z\",\"LastSuccessEndTime\":\"2025-06-22T23:17:18.3585737Z\",\"Complete\":true,\"IsTemporary\":false,\"IsReadOnly\":true,\"SiteName\":\"Whiteboardv2-backend\",\"HostName\":\"whiteboardv2-backend-ckf7efgxbxbjg0ft.scm.eastus-01.azurewebsites.net\",\"ProjectType\":\"OneDeploy\",\"VsProjectId\":null}"}