﻿<?xml version="1.0" encoding="utf-8"?>
<deployment>
  <id>2558db7cc5334e3e916d4ade1882b2e1</id>
  <author>N/A</author>
  <deployer>OneDeploy</deployer>
  <authorEmail>N/A</authorEmail>
  <message>OneDeploy</message>
  <progress></progress>
  <status>Success</status>
  <statusText></statusText>
  <lastSuccessEndTime>2025-06-22T23:17:18.3585737Z</lastSuccessEndTime>
  <receivedTime>2025-06-22T23:17:17.07732Z</receivedTime>
  <startTime>2025-06-22T23:17:17.5148209Z</startTime>
  <endTime>2025-06-22T23:17:18.3585737Z</endTime>
  <complete>True</complete>
  <is_temp>False</is_temp>
  <is_readonly>True</is_readonly>
  <project_type>OneDeploy</project_type>
  <vsproject_id></vsproject_id>
</deployment>