{"TimeStamp":"2025-06-22T23:11:28Z","SiteName":"Whiteboardv2-backend","RequestId":"312fde3e-4fbe-11f0-9c73-7a5b12043ae0","Kind":"OneDeploy","Status":"Success","Details":"{\"Id\":\"1fd5193969c342d384f2d0604bcc5e04\",\"Status\":4,\"StatusText\":\"\",\"AuthorEmail\":\"N/A\",\"Author\":\"N/A\",\"Message\":\"OneDeploy\",\"Progress\":\"\",\"Deployer\":\"OneDeploy\",\"ReceivedTime\":\"2025-06-22T23:11:27.7991899Z\",\"StartTime\":\"2025-06-22T23:11:27.8773161Z\",\"EndTime\":\"2025-06-22T23:11:28.9241948Z\",\"LastSuccessEndTime\":\"2025-06-22T23:11:28.9241948Z\",\"Complete\":true,\"IsTemporary\":false,\"IsReadOnly\":true,\"SiteName\":\"Whiteboardv2-backend\",\"HostName\":\"whiteboardv2-backend-ckf7efgxbxbjg0ft.scm.eastus-01.azurewebsites.net\",\"ProjectType\":\"OneDeploy\",\"VsProjectId\":null}"}