﻿<?xml version="1.0" encoding="utf-8"?>
<deployment>
  <id>c8a32e3a47544bd7ba91f216f7f33f72</id>
  <author>ms-azuretools-vscode</author>
  <deployer>ms-azuretools-vscode</deployer>
  <authorEmail>N/A</authorEmail>
  <message>Created via a push deployment</message>
  <progress></progress>
  <status>Success</status>
  <statusText></statusText>
  <lastSuccessEndTime>2025-07-17T17:48:20.3826446Z</lastSuccessEndTime>
  <receivedTime>2025-07-17T17:48:19.3670157Z</receivedTime>
  <startTime>2025-07-17T17:48:19.5232659Z</startTime>
  <endTime>2025-07-17T17:48:20.3826446Z</endTime>
  <complete>True</complete>
  <is_temp>False</is_temp>
  <is_readonly>True</is_readonly>
  <project_type>BASIC</project_type>
  <vsproject_id></vsproject_id>
</deployment>