﻿<?xml version="1.0" encoding="utf-8"?>
<deployment>
  <id>25fbc42999db45a3bcc58808cb2e65cc</id>
  <author>ms-azuretools-vscode</author>
  <deployer>ms-azuretools-vscode</deployer>
  <authorEmail>N/A</authorEmail>
  <message>Created via a push deployment</message>
  <progress></progress>
  <status>Success</status>
  <statusText></statusText>
  <lastSuccessEndTime>2025-06-21T05:33:18.1319881Z</lastSuccessEndTime>
  <receivedTime>2025-06-21T05:33:17.4757373Z</receivedTime>
  <startTime>2025-06-21T05:33:17.553862Z</startTime>
  <endTime>2025-06-21T05:33:18.1319881Z</endTime>
  <complete>True</complete>
  <is_temp>False</is_temp>
  <is_readonly>True</is_readonly>
  <project_type>BASIC</project_type>
  <vsproject_id></vsproject_id>
</deployment>