<step title="Incoming Request" date="2025-09-28T18:55:19.226" instance="5c3b3e" url="/api/zipdeploy?isAsync=true" method="POST" type="request" pid="10888,2,8" Cache-Control="no-cache" Content-Length="16525883" Content-Type="application/octet-stream" Accept="*/*" Accept-Encoding="gzip, deflate" Authorization="Bas..." Host="whiteboardv2-backend-ckf7efgxbxbjg0ft.scm.eastus-01.azurewebsites.net" User-Agent="AZURECLI/2.73.0 (HOMEBREW)" x-ms-client-request-id="a865db0e-9c9c-11f0-89a3-7a5b12043ae0" X-ARR-LOG-ID="a865db0e-9c9c-11f0-89a3-7a5b12043ae0" CLIENT-IP="67.2.23.153:65318" X-SITE-DEPLOYMENT-ID="Whiteboardv2-backend" WAS-DEFAULT-HOSTNAME="whiteboardv2-backend-ckf7efgxbxbjg0ft.scm.eastus-01.azurewebsites.net" X-Forwarded-Proto="https" X-AppService-Proto="https" X-Forwarded-TlsVersion="1.3" X-WAWS-Unencoded-URL="/api/zipdeploy?isAsync=true" >
  <step title="ZipPushDeploy" date="2025-09-28T18:55:19.507" >
    <step title="ZipDeploy. Extract zip. " date="2025-09-28T18:55:19.523" /><!-- duration: 16ms -->
    <step title="Starting PushDeployAsync" date="2025-09-28T18:55:19.538" /><!-- duration: 16ms -->
    <step title="Updating shutdown sentinel last write time" date="2025-09-28T18:55:19.601" SemaphoreCount="7" /><!-- duration: 0ms -->
    <step title="LockFile &apos;C:\home\site\locks\deployments.lock&apos; acquired" date="2025-09-28T18:55:19.616" /><!-- duration: 0ms -->
    <step title="Saving request content to C:\local\Temp\zipdeploy\qtld3qlw.zip" date="2025-09-28T18:55:19.632" >
      <step title="Total 16,525,883 bytes written to C:\local\Temp\zipdeploy\qtld3qlw.zip" date="2025-09-28T18:55:22.380" /><!-- duration: 0ms -->
    </step><!-- duration: 2764ms -->
    <step title="LockFile &apos;C:\home\site\locks\deployments.lock&apos; released" date="2025-09-28T18:55:22.396" /><!-- duration: 0ms -->
    <step title="Deleting shutdown sentinel file" date="2025-09-28T18:55:22.411" SemaphoreCount="8" /><!-- duration: 0ms -->
    <step title="Starting FetchDeploy" date="2025-09-28T18:55:22.428" /><!-- duration: 0ms -->
    <step title="Start deployment in the background" date="2025-09-28T18:55:22.443" /><!-- duration: 94ms -->
  </step><!-- duration: 3030ms -->
  <step title="Outgoing response" date="2025-09-28T18:55:22.584" type="response" statusCode="202" statusText="Accepted" Server="Microsoft-IIS/10.0" x-ms-request-id="a865db0e-9c9c-11f0-89a3-7a5b12043ae0" Retry-After="30" Cache-Control="private" X-AspNet-Version="4.0.30319" Location="https://whiteboardv2-backend-ckf7efgxbxbjg0ft.scm.eastus-01.azurewebsites.net/api/deployments/latest?deployer=ZipDeploy&amp;time=2025-09-28_18-55-22Z" /><!-- duration: 0ms -->
</step><!-- duration: 3358ms -->
