<step title="BackgroundTrace" date="2025-07-15T23:35:16.675" instance="46bc5b" url="/api/zipdeploy" method="POST" >
  <step title="Updating shutdown sentinel last write time" date="2025-07-15T23:35:16.675" SemaphoreCount="7" /><!-- duration: 16ms -->
  <step title="LockFile &apos;C:\home\site\locks\deployments.lock&apos; acquired" date="2025-07-15T23:35:16.691" /><!-- duration: 0ms -->
  <step title="Creating temporary deployment" date="2025-07-15T23:35:16.706" /><!-- duration: 16ms -->
  <step title="Performing fetch based deployment" date="2025-07-15T23:35:16.738" >
    <step title="Fetching changes." date="2025-07-15T23:35:16.784" /><!-- duration: 16ms -->
    <step title="Starting LocalZipHandler" date="2025-07-15T23:35:16.800" /><!-- duration: 0ms -->
    <step title="Cleaning up temp folders from previous zip deployments and extracting pushed zip file C:\local\Temp\zipdeploy\jw1buoc0.zip (15.69 MB) to C:\local\Temp\zipdeploy\extracted" date="2025-07-15T23:35:16.831" /><!-- duration: 0ms -->
    <step title="Cleaning up temp folders from previous zip deployments and extracting pushed zip file C:\local\Temp\zipdeploy\jw1buoc0.zip (15.69 MB) to C:\local\Temp\zipdeploy\extracted" date="2025-07-15T23:35:16.847" >
      <step title="Renaming extractTargetDirectory(C:\local\Temp\zipdeploy\extracted) to tempDirectory(C:\local\Temp\zipdeploy\azmtl0vg.ycb)" date="2025-07-15T23:35:16.847" /><!-- duration: 0ms -->
      <step title="Extracting 103 entries to C:\local\Temp\zipdeploy\extracted directory" date="2025-07-15T23:35:16.863" >
        <step title="Extracting to C:\local\Temp\zipdeploy\extracted\Microsoft.AspNetCore.Connections.Abstractions.dll ..." date="2025-07-15T23:35:16.863" /><!-- duration: 16ms -->
        <step title="Extracting to C:\local\Temp\zipdeploy\extracted\Microsoft.EntityFrameworkCore.Sqlite.dll ..." date="2025-07-15T23:35:16.878" /><!-- duration: 16ms -->
        <step title="Extracting to C:\local\Temp\zipdeploy\extracted\Microsoft.AspNetCore.Http.Connections.Client.dll ..." date="2025-07-15T23:35:16.894" /><!-- duration: 0ms -->
        <step title="Extracting to C:\local\Temp\zipdeploy\extracted\Microsoft.IdentityModel.Logging.dll ..." date="2025-07-15T23:35:16.909" /><!-- duration: 0ms -->
        <step title="Extracting to C:\local\Temp\zipdeploy\extracted\Microsoft.EntityFrameworkCore.dll ..." date="2025-07-15T23:35:16.909" /><!-- duration: 31ms -->
        <step title="Omitting extracting file traces ..." date="2025-07-15T23:35:16.956" /><!-- duration: 0ms -->
      </step><!-- duration: 578ms -->
    </step><!-- duration: 609ms -->
    <step title="Before sending BuildRequestReceived status to /api/updatedeploystatus" date="2025-07-15T23:35:17.456" /><!-- duration: 0ms -->
    <step title="DeploymentManager.Deploy(id:bf6fc07ac475452ea826e79f538718cd)" date="2025-07-15T23:35:17.472" >
      <step title="Collecting changeset information" date="2025-07-15T23:35:17.488" /><!-- duration: 31ms -->
      <step title="Updating submodules" date="2025-07-15T23:35:17.534" >
        <step title="Updating submodules." date="2025-07-15T23:35:17.566" /><!-- duration: 0ms -->
      </step><!-- duration: 47ms -->
      <step title="Preparing deployment for commit id &apos;bf6fc07ac4&apos;." date="2025-07-15T23:35:17.628" /><!-- duration: 0ms -->
      <step title="Determining deployment builder" date="2025-07-15T23:35:17.659" >
        <step title="Builder is BasicBuilder" date="2025-07-15T23:35:17.675" /><!-- duration: 0ms -->
      </step><!-- duration: 16ms -->
      <step title="Copying SSH keys" date="2025-07-15T23:35:17.706" /><!-- duration: 0ms -->
      <step title="Building" date="2025-07-15T23:35:17.706" >
        <step title="Generating deployment script." date="2025-07-15T23:35:17.753" /><!-- duration: 0ms -->
        <step title="Generating deployment script" date="2025-07-15T23:35:17.769" >
          <step title="Using cached version of the deployment script for command: -y --no-dot-deployment -r &quot;C:\local\Temp\zipdeploy\extracted&quot; -o &quot;C:\home\site\deployments\tools&quot; --basic --sitePath &quot;C:\local\Temp\zipdeploy\extracted&quot;" date="2025-07-15T23:35:17.785" /><!-- duration: 0ms -->
          <step title="Using cached version of deployment script (command: &apos;azure -y --no-dot-deployment -r &quot;C:\local\Temp\zipdeploy\extracted&quot; -o &quot;C:\home\site\deployments\tools&quot; --basic --sitePath &quot;C:\local\Temp\zipdeploy\extracted&quot;&apos;)." date="2025-07-15T23:35:17.800" /><!-- duration: 0ms -->
        </step><!-- duration: 31ms -->
        <step title="Running deployment command..." date="2025-07-15T23:35:17.847" /><!-- duration: 0ms -->
        <step title="Command: &quot;C:\home\site\deployments\tools\deploy.cmd&quot;" date="2025-07-15T23:35:17.878" /><!-- duration: 0ms -->
        <step title="Executing external process" date="2025-07-15T23:35:17.878" type="process" path="starter.cmd" arguments="&quot;C:\home\site\deployments\tools\deploy.cmd&quot;" >
          <step title="Handling Basic Web Site deployment." date="2025-07-15T23:35:17.988" /><!-- duration: 16ms -->
          <step title="Creating app_offline.htm" date="2025-07-15T23:35:18.316" /><!-- duration: 16ms -->
          <step title="KuduSync.NET from: &apos;C:\local\Temp\zipdeploy\extracted&apos; to: &apos;C:\home\site\wwwroot&apos;" date="2025-07-15T23:35:18.332" /><!-- duration: 16ms -->
          <step title="Deleting file: &apos;publish\appsettings.Development.json&apos;" date="2025-07-15T23:35:18.347" /><!-- duration: 0ms -->
          <step title="Deleting file: &apos;publish\appsettings.json&apos;" date="2025-07-15T23:35:18.363" /><!-- duration: 0ms -->
          <step title="Deleting file: &apos;publish\web.config&apos;" date="2025-07-15T23:35:18.378" /><!-- duration: 0ms -->
          <step title="Deleting file: &apos;publish\Whiteboard.deps.json&apos;" date="2025-07-15T23:35:18.394" /><!-- duration: 0ms -->
          <step title="Deleting file: &apos;publish\Whiteboard.runtimeconfig.json&apos;" date="2025-07-15T23:35:18.410" /><!-- duration: 0ms -->
          <step title="Deleting directory: &apos;publish&apos;" date="2025-07-15T23:35:18.425" /><!-- duration: 0ms -->
          <step title="Deleting app_offline.htm" date="2025-07-15T23:35:18.441" /><!-- duration: 0ms -->
          <step title="Finished successfully." date="2025-07-15T23:35:18.441" /><!-- duration: 16ms -->
        </step><!-- duration: 578ms -->
        <step title="Running post deployment command(s)..." date="2025-07-15T23:35:18.503" /><!-- duration: 16ms -->
        <step title="Triggering recycle (preview mode disabled)." date="2025-07-15T23:35:18.550" /><!-- duration: 16ms -->
        <step title="Ignoring FS watcher based recycle request as this is a classic Windows app." date="2025-07-15T23:35:18.566" /><!-- duration: 16ms -->
        <step title="Deployment successful. DEPLOYMENTINFO: deploymentPath = ZipDeploy. Extract zip. , deployer = ZipDeploy, os = windows, sku = Free, siteName = Whiteboardv2-backend, siteHostName = whiteboardv2-backend-ckf7efgxbxbjg0ft.eastus-01.azurewebsites.net, deploymentStatus = Success" date="2025-07-15T23:35:18.628" /><!-- duration: 0ms -->
        <step title="Purge deployment items" date="2025-07-15T23:35:18.738" >
          <step title="Remove b7a87a582, Success, received at 7/13/2025 4:08:44 AM" date="2025-07-15T23:35:18.800" /><!-- duration: 16ms -->
        </step><!-- duration: 78ms -->
      </step><!-- duration: 1125ms -->
    </step><!-- duration: 1375ms -->
    <step title="Cleaning up temp files" date="2025-07-15T23:35:18.847" /><!-- duration: 16ms -->
    <step title="Skip function trigger and logicapp sync because function is not enabled." date="2025-07-15T23:35:18.863" /><!-- duration: 0ms -->
  </step><!-- duration: 2188ms -->
  <step title="LockFile &apos;C:\home\site\locks\deployments.lock&apos; released" date="2025-07-15T23:35:18.925" /><!-- duration: 0ms -->
  <step title="Deleting shutdown sentinel file" date="2025-07-15T23:35:18.957" SemaphoreCount="8" /><!-- duration: 0ms -->
</step><!-- duration: 2282ms -->
