<step title="Incoming Request" date="2025-07-13T04:08:39.608" instance="46bc5b" url="/api/publish?type=zip" method="POST" type="request" pid="10032,2,70" Cache-Control="no-cache" Content-Length="16240798" Content-Type="application/octet-stream" Accept="*/*" Accept-Encoding="gzip, deflate" Authorization="Bas..." Host="whiteboardv2-backend-ckf7efgxbxbjg0ft.scm.eastus-01.azurewebsites.net" User-Agent="AZURECLI/2.73.0 (HOMEBREW)" x-ms-client-request-id="0bcdb2a6-5f9f-11f0-9a56-7a5b12043ae0" X-ARR-LOG-ID="0bcdb2a6-5f9f-11f0-9a56-7a5b12043ae0" CLIENT-IP="67.2.17.107:54428" X-SITE-DEPLOYMENT-ID="Whiteboardv2-backend" WAS-DEFAULT-HOSTNAME="whiteboardv2-backend-ckf7efgxbxbjg0ft.scm.eastus-01.azurewebsites.net" X-Forwarded-Proto="https" X-AppService-Proto="https" X-Forwarded-TlsVersion="1.3" X-WAWS-Unencoded-URL="/api/publish?type=zip" >
  <step title="Cleanup Xml Logs" date="2025-07-13T04:08:39.623" /><!-- duration: 0ms -->
  <step title="OneDeploy" date="2025-07-13T04:08:39.732" >
    <step title="Starting PushDeployAsync" date="2025-07-13T04:08:39.732" /><!-- duration: 16ms -->
    <step title="Updating shutdown sentinel last write time" date="2025-07-13T04:08:39.779" SemaphoreCount="7" /><!-- duration: 16ms -->
    <step title="LockFile &apos;C:\home\site\locks\deployments.lock&apos; acquired" date="2025-07-13T04:08:39.795" /><!-- duration: 16ms -->
    <step title="Saving request content to C:\local\Temp\zipdeploy\zeoxq25f.zip" date="2025-07-13T04:08:39.811" >
      <step title="Total 16,240,798 bytes written to C:\local\Temp\zipdeploy\zeoxq25f.zip" date="2025-07-13T04:08:43.936" /><!-- duration: 16ms -->
    </step><!-- duration: 4156ms -->
    <step title="LockFile &apos;C:\home\site\locks\deployments.lock&apos; released" date="2025-07-13T04:08:43.967" /><!-- duration: 0ms -->
    <step title="Deleting shutdown sentinel file" date="2025-07-13T04:08:43.982" SemaphoreCount="8" /><!-- duration: 0ms -->
    <step title="Starting FetchDeploy" date="2025-07-13T04:08:43.982" /><!-- duration: 16ms -->
    <step title="Attempting to fetch target branch HEAD" date="2025-07-13T04:08:43.998" /><!-- duration: 0ms -->
    <step title="Updating shutdown sentinel last write time" date="2025-07-13T04:08:44.014" SemaphoreCount="7" /><!-- duration: 0ms -->
    <step title="LockFile &apos;C:\home\site\locks\deployments.lock&apos; acquired" date="2025-07-13T04:08:44.014" /><!-- duration: 16ms -->
    <step title="Performing fetch based deployment" date="2025-07-13T04:08:44.029" >
      <step title="Creating temporary deployment" date="2025-07-13T04:08:44.029" /><!-- duration: 47ms -->
      <step title="Fetching changes." date="2025-07-13T04:08:44.123" /><!-- duration: 0ms -->
      <step title="Starting LocalZipHandler" date="2025-07-13T04:08:44.139" /><!-- duration: 0ms -->
      <step title="Starting LocalZipFetch" date="2025-07-13T04:08:44.139" /><!-- duration: 16ms -->
      <step title="Cleaning up temp folders from previous zip deployments and extracting pushed zip file C:\local\Temp\zipdeploy\zeoxq25f.zip (15.49 MB) to C:\local\Temp\zipdeploy\extracted" date="2025-07-13T04:08:44.170" /><!-- duration: 0ms -->
      <step title="Cleaning up temp folders from previous zip deployments and extracting pushed zip file C:\local\Temp\zipdeploy\zeoxq25f.zip (15.49 MB) to C:\local\Temp\zipdeploy\extracted" date="2025-07-13T04:08:44.186" >
        <step title="Renaming extractTargetDirectory(C:\local\Temp\zipdeploy\extracted) to tempDirectory(C:\local\Temp\zipdeploy\r42glxbu.nm4)" date="2025-07-13T04:08:44.186" /><!-- duration: 0ms -->
        <step title="Extracting 103 entries to C:\local\Temp\zipdeploy\extracted directory" date="2025-07-13T04:08:44.201" >
          <step title="Extracting to C:\local\Temp\zipdeploy\extracted\Microsoft.AspNetCore.Connections.Abstractions.dll ..." date="2025-07-13T04:08:44.201" /><!-- duration: 0ms -->
          <step title="Extracting to C:\local\Temp\zipdeploy\extracted\Microsoft.EntityFrameworkCore.Sqlite.dll ..." date="2025-07-13T04:08:44.217" /><!-- duration: 0ms -->
          <step title="Extracting to C:\local\Temp\zipdeploy\extracted\Microsoft.AspNetCore.Http.Connections.Client.dll ..." date="2025-07-13T04:08:44.232" /><!-- duration: 0ms -->
          <step title="Extracting to C:\local\Temp\zipdeploy\extracted\Microsoft.IdentityModel.Logging.dll ..." date="2025-07-13T04:08:44.248" /><!-- duration: 0ms -->
          <step title="Extracting to C:\local\Temp\zipdeploy\extracted\Microsoft.EntityFrameworkCore.dll ..." date="2025-07-13T04:08:44.248" /><!-- duration: 31ms -->
          <step title="Omitting extracting file traces ..." date="2025-07-13T04:08:44.295" /><!-- duration: 0ms -->
        </step><!-- duration: 563ms -->
      </step><!-- duration: 594ms -->
      <step title="None repository commit" date="2025-07-13T04:08:44.779" >
        <step title="Commit id: b7a87a58222944f18db88aa15809484c" date="2025-07-13T04:08:44.779" Message="OneDeploy" AuthorName="N/A" AuthorEmail="N/A" /><!-- duration: 16ms -->
      </step><!-- duration: 16ms -->
      <step title="Before sending BuildRequestReceived status to /api/updatedeploystatus" date="2025-07-13T04:08:44.795" /><!-- duration: 16ms -->
      <step title="DeploymentManager.Deploy(id:b7a87a58222944f18db88aa15809484c)" date="2025-07-13T04:08:44.811" >
        <step title="Collecting changeset information" date="2025-07-13T04:08:44.826" /><!-- duration: 31ms -->
        <step title="Updating submodules" date="2025-07-13T04:08:44.873" >
          <step title="Updating submodules." date="2025-07-13T04:08:44.920" /><!-- duration: 0ms -->
        </step><!-- duration: 62ms -->
        <step title="Preparing deployment for commit id &apos;b7a87a5822&apos;." date="2025-07-13T04:08:44.967" /><!-- duration: 0ms -->
        <step title="Determining deployment builder" date="2025-07-13T04:08:45.014" >
          <step title="Builder is OneDeployBuilder" date="2025-07-13T04:08:45.014" /><!-- duration: 16ms -->
        </step><!-- duration: 16ms -->
        <step title="Copying SSH keys" date="2025-07-13T04:08:45.045" /><!-- duration: 0ms -->
        <step title="Building" date="2025-07-13T04:08:45.061" >
          <step title="Running build. Project type: OneDeploy" date="2025-07-13T04:08:45.123" /><!-- duration: 0ms -->
          <step title="Copying the manifest" date="2025-07-13T04:08:45.170" /><!-- duration: 0ms -->
          <step title="Clean deploying to C:\home\site\wwwroot" date="2025-07-13T04:08:45.232" /><!-- duration: 0ms -->
          <step title="Generating deployment script." date="2025-07-13T04:08:45.279" /><!-- duration: 0ms -->
          <step title="Generating deployment script" date="2025-07-13T04:08:45.295" >
            <step title="Using cached version of the deployment script for command: -y --no-dot-deployment -r &quot;C:\local\Temp\zipdeploy\extracted&quot; -o &quot;C:\home\site\deployments\tools&quot; --basic --sitePath &quot;C:\local\Temp\zipdeploy\extracted&quot;" date="2025-07-13T04:08:45.311" /><!-- duration: 0ms -->
            <step title="Using cached version of deployment script (command: &apos;azure -y --no-dot-deployment -r &quot;C:\local\Temp\zipdeploy\extracted&quot; -o &quot;C:\home\site\deployments\tools&quot; --basic --sitePath &quot;C:\local\Temp\zipdeploy\extracted&quot;&apos;)." date="2025-07-13T04:08:45.342" /><!-- duration: 0ms -->
          </step><!-- duration: 63ms -->
          <step title="Running deployment command..." date="2025-07-13T04:08:45.404" /><!-- duration: 0ms -->
          <step title="Command: &quot;C:\home\site\deployments\tools\deploy.cmd&quot;" date="2025-07-13T04:08:45.420" /><!-- duration: 0ms -->
          <step title="Executing external process" date="2025-07-13T04:08:45.436" type="process" path="starter.cmd" arguments="&quot;C:\home\site\deployments\tools\deploy.cmd&quot;" >
            <step title="Handling Basic Web Site deployment." date="2025-07-13T04:08:45.545" /><!-- duration: 0ms -->
            <step title="Creating app_offline.htm" date="2025-07-13T04:08:45.920" /><!-- duration: 16ms -->
            <step title="KuduSync.NET from: &apos;C:\local\Temp\zipdeploy\extracted&apos; to: &apos;C:\home\site\wwwroot&apos;" date="2025-07-13T04:08:45.951" /><!-- duration: 0ms -->
            <step title="Deleting file: &apos;e_sqlite3.dll&apos;" date="2025-07-13T04:08:45.967" /><!-- duration: 16ms -->
            <step title="Deleting file: &apos;Whiteboard.exe&apos;" date="2025-07-13T04:08:45.998" /><!-- duration: 0ms -->
            <step title="Copying file: &apos;Whiteboard&apos;" date="2025-07-13T04:08:46.014" /><!-- duration: 0ms -->
            <step title="Copying file: &apos;Whiteboard.deps.json&apos;" date="2025-07-13T04:08:46.029" /><!-- duration: 0ms -->
            <step title="Copying file: &apos;Whiteboard.dll&apos;" date="2025-07-13T04:08:46.045" /><!-- duration: 16ms -->
            <step title="Copying file: &apos;Whiteboard.pdb&apos;" date="2025-07-13T04:08:46.076" /><!-- duration: 0ms -->
            <step title="Copying file: &apos;Whiteboard.runtimeconfig.json&apos;" date="2025-07-13T04:08:46.092" /><!-- duration: 16ms -->
            <step title="Copying file: &apos;runtimes\browser-wasm\nativeassets\net8.0\e_sqlite3.a&apos;" date="2025-07-13T04:08:46.123" /><!-- duration: 0ms -->
            <step title="Copying file: &apos;runtimes\linux-arm\native\libe_sqlite3.so&apos;" date="2025-07-13T04:08:46.139" /><!-- duration: 0ms -->
            <step title="Copying file: &apos;runtimes\linux-arm64\native\libe_sqlite3.so&apos;" date="2025-07-13T04:08:46.154" /><!-- duration: 0ms -->
            <step title="Copying file: &apos;runtimes\linux-armel\native\libe_sqlite3.so&apos;" date="2025-07-13T04:08:46.170" /><!-- duration: 0ms -->
            <step title="Copying file: &apos;runtimes\linux-mips64\native\libe_sqlite3.so&apos;" date="2025-07-13T04:08:46.186" /><!-- duration: 16ms -->
            <step title="Copying file: &apos;runtimes\linux-musl-arm\native\libe_sqlite3.so&apos;" date="2025-07-13T04:08:46.217" /><!-- duration: 0ms -->
            <step title="Copying file: &apos;runtimes\linux-musl-arm64\native\libe_sqlite3.so&apos;" date="2025-07-13T04:08:46.232" /><!-- duration: 0ms -->
            <step title="Copying file: &apos;runtimes\linux-musl-x64\native\libe_sqlite3.so&apos;" date="2025-07-13T04:08:46.248" /><!-- duration: 16ms -->
            <step title="Copying file: &apos;runtimes\linux-ppc64le\native\libe_sqlite3.so&apos;" date="2025-07-13T04:08:46.264" /><!-- duration: 16ms -->
            <step title="Copying file: &apos;runtimes\linux-s390x\native\libe_sqlite3.so&apos;" date="2025-07-13T04:08:46.295" /><!-- duration: 16ms -->
            <step title="Copying file: &apos;runtimes\linux-x64\native\libe_sqlite3.so&apos;" date="2025-07-13T04:08:46.326" /><!-- duration: 0ms -->
            <step title="Copying file: &apos;runtimes\linux-x86\native\libe_sqlite3.so&apos;" date="2025-07-13T04:08:46.342" /><!-- duration: 0ms -->
            <step title="Copying file: &apos;runtimes\maccatalyst-arm64\native\libe_sqlite3.dylib&apos;" date="2025-07-13T04:08:46.357" /><!-- duration: 16ms -->
            <step title="Copying file: &apos;runtimes\maccatalyst-x64\native\libe_sqlite3.dylib&apos;" date="2025-07-13T04:08:46.389" /><!-- duration: 0ms -->
            <step title="Copying file: &apos;runtimes\osx-arm64\native\libe_sqlite3.dylib&apos;" date="2025-07-13T04:08:46.404" /><!-- duration: 0ms -->
            <step title="Copying file: &apos;runtimes\osx-x64\native\libe_sqlite3.dylib&apos;" date="2025-07-13T04:08:46.436" /><!-- duration: 0ms -->
            <step title="Copying file: &apos;runtimes\win-arm\native\e_sqlite3.dll&apos;" date="2025-07-13T04:08:46.451" /><!-- duration: 0ms -->
            <step title="Copying file: &apos;runtimes\win-arm64\native\e_sqlite3.dll&apos;" date="2025-07-13T04:08:46.467" /><!-- duration: 0ms -->
            <step title="Copying file: &apos;runtimes\win-x64\native\e_sqlite3.dll&apos;" date="2025-07-13T04:08:46.482" /><!-- duration: 0ms -->
            <step title="Copying file: &apos;runtimes\win-x86\native\e_sqlite3.dll&apos;" date="2025-07-13T04:08:46.498" /><!-- duration: 16ms -->
            <step title="Deleting app_offline.htm" date="2025-07-13T04:08:46.529" /><!-- duration: 0ms -->
            <step title="Finished successfully." date="2025-07-13T04:08:46.545" /><!-- duration: 0ms -->
          </step><!-- duration: 1125ms -->
          <step title="Build completed succesfully." date="2025-07-13T04:08:46.607" /><!-- duration: 0ms -->
          <step title="Running post deployment command(s)..." date="2025-07-13T04:08:46.654" /><!-- duration: 0ms -->
          <step title="Requesting site restart" date="2025-07-13T04:08:46.701" /><!-- duration: 0ms -->
          <step title="Requesting site restart" date="2025-07-13T04:08:46.717" /><!-- duration: 0ms -->
          <step title="Requesting site restart. Attempt #1" date="2025-07-13T04:08:46.764" /><!-- duration: 0ms -->
          <step title="Requesting site restart. Attempt #1" date="2025-07-13T04:08:46.779" /><!-- duration: 0ms -->
          <step title="Successfully requested a restart. Attempt #1" date="2025-07-13T04:08:46.936" /><!-- duration: 0ms -->
          <step title="Successfully requested a restart. Attempt #1" date="2025-07-13T04:08:46.951" /><!-- duration: 0ms -->
          <step title="Deployment successful. DEPLOYMENTINFO: deploymentPath = OneDeploy, deployer = OneDeploy, os = windows, sku = Free, siteName = Whiteboardv2-backend, siteHostName = whiteboardv2-backend-ckf7efgxbxbjg0ft.eastus-01.azurewebsites.net, deploymentStatus = Success" date="2025-07-13T04:08:46.998" /><!-- duration: 16ms -->
          <step title="Purge deployment items" date="2025-07-13T04:08:47.139" >
            <step title="Remove 38bf9cf12, Success, received at 7/13/2025 3:45:13 AM" date="2025-07-13T04:08:47.217" /><!-- duration: 0ms -->
          </step><!-- duration: 78ms -->
        </step><!-- duration: 2187ms -->
      </step><!-- duration: 2437ms -->
      <step title="Cleaning up temp files" date="2025-07-13T04:08:47.248" /><!-- duration: 0ms -->
      <step title="Skip function trigger and logicapp sync because function is not enabled." date="2025-07-13T04:08:47.264" /><!-- duration: 0ms -->
    </step><!-- duration: 3297ms -->
    <step title="LockFile &apos;C:\home\site\locks\deployments.lock&apos; released" date="2025-07-13T04:08:47.326" /><!-- duration: 0ms -->
    <step title="Deleting shutdown sentinel file" date="2025-07-13T04:08:47.342" SemaphoreCount="8" /><!-- duration: 0ms -->
  </step><!-- duration: 7625ms -->
  <step title="Outgoing response" date="2025-07-13T04:08:47.357" type="response" statusCode="200" statusText="OK" Server="Microsoft-IIS/10.0" x-ms-request-id="0bcdb2a6-5f9f-11f0-9a56-7a5b12043ae0" Cache-Control="private" X-AspNet-Version="4.0.30319" /><!-- duration: 0ms -->
</step><!-- duration: 7750ms -->
