<step title="Incoming Request" date="2025-07-16T00:27:59.119" instance="46bc5b" url="/api/publish?type=zip" method="POST" type="request" pid="5516,2,58" Cache-Control="no-cache" Content-Length="16450404" Content-Type="application/octet-stream" Accept="*/*" Accept-Encoding="gzip, deflate" Authorization="Bas..." Host="whiteboardv2-backend-ckf7efgxbxbjg0ft.scm.eastus-01.azurewebsites.net" User-Agent="AZURECLI/2.73.0 (HOMEBREW)" x-ms-client-request-id="b73580fe-61db-11f0-b08e-7a5b12043ae0" X-ARR-LOG-ID="b73580fe-61db-11f0-b08e-7a5b12043ae0" CLIENT-IP="67.2.17.107:52049" X-SITE-DEPLOYMENT-ID="Whiteboardv2-backend" WAS-DEFAULT-HOSTNAME="whiteboardv2-backend-ckf7efgxbxbjg0ft.scm.eastus-01.azurewebsites.net" X-Forwarded-Proto="https" X-AppService-Proto="https" X-Forwarded-TlsVersion="1.3" X-WAWS-Unencoded-URL="/api/publish?type=zip" >
  <step title="Cleanup Xml Logs" date="2025-07-16T00:27:59.119" /><!-- duration: 16ms -->
  <step title="OneDeploy" date="2025-07-16T00:27:59.229" >
    <step title="Starting PushDeployAsync" date="2025-07-16T00:27:59.244" /><!-- duration: 0ms -->
    <step title="Updating shutdown sentinel last write time" date="2025-07-16T00:27:59.260" SemaphoreCount="7" /><!-- duration: 0ms -->
    <step title="LockFile &apos;C:\home\site\locks\deployments.lock&apos; acquired" date="2025-07-16T00:27:59.276" /><!-- duration: 0ms -->
    <step title="Saving request content to C:\local\Temp\zipdeploy\iawjxanw.zip" date="2025-07-16T00:27:59.276" >
      <step title="Total 16,450,404 bytes written to C:\local\Temp\zipdeploy\iawjxanw.zip" date="2025-07-16T00:28:11.651" /><!-- duration: 16ms -->
    </step><!-- duration: 12391ms -->
    <step title="LockFile &apos;C:\home\site\locks\deployments.lock&apos; released" date="2025-07-16T00:28:11.683" /><!-- duration: 0ms -->
    <step title="Deleting shutdown sentinel file" date="2025-07-16T00:28:11.698" SemaphoreCount="8" /><!-- duration: 0ms -->
    <step title="Starting FetchDeploy" date="2025-07-16T00:28:11.698" /><!-- duration: 16ms -->
    <step title="Attempting to fetch target branch HEAD" date="2025-07-16T00:28:11.714" /><!-- duration: 0ms -->
    <step title="Updating shutdown sentinel last write time" date="2025-07-16T00:28:11.729" SemaphoreCount="7" /><!-- duration: 0ms -->
    <step title="LockFile &apos;C:\home\site\locks\deployments.lock&apos; acquired" date="2025-07-16T00:28:11.745" /><!-- duration: 0ms -->
    <step title="Performing fetch based deployment" date="2025-07-16T00:28:11.761" >
      <step title="Creating temporary deployment" date="2025-07-16T00:28:11.761" /><!-- duration: 31ms -->
      <step title="Fetching changes." date="2025-07-16T00:28:11.839" /><!-- duration: 0ms -->
      <step title="Starting LocalZipHandler" date="2025-07-16T00:28:11.854" /><!-- duration: 0ms -->
      <step title="Starting LocalZipFetch" date="2025-07-16T00:28:11.870" /><!-- duration: 0ms -->
      <step title="Cleaning up temp folders from previous zip deployments and extracting pushed zip file C:\local\Temp\zipdeploy\iawjxanw.zip (15.69 MB) to C:\local\Temp\zipdeploy\extracted" date="2025-07-16T00:28:11.870" /><!-- duration: 16ms -->
      <step title="Cleaning up temp folders from previous zip deployments and extracting pushed zip file C:\local\Temp\zipdeploy\iawjxanw.zip (15.69 MB) to C:\local\Temp\zipdeploy\extracted" date="2025-07-16T00:28:11.886" >
        <step title="Renaming extractTargetDirectory(C:\local\Temp\zipdeploy\extracted) to tempDirectory(C:\local\Temp\zipdeploy\ua3m5pxz.lnv)" date="2025-07-16T00:28:11.901" /><!-- duration: 0ms -->
        <step title="Extracting 104 entries to C:\local\Temp\zipdeploy\extracted directory" date="2025-07-16T00:28:11.901" >
          <step title="Extracting to C:\local\Temp\zipdeploy\extracted\publish\Microsoft.AspNetCore.Connections.Abstractions.dll ..." date="2025-07-16T00:28:11.917" /><!-- duration: 0ms -->
          <step title="Extracting to C:\local\Temp\zipdeploy\extracted\publish\Microsoft.EntityFrameworkCore.Sqlite.dll ..." date="2025-07-16T00:28:11.917" /><!-- duration: 16ms -->
          <step title="Extracting to C:\local\Temp\zipdeploy\extracted\publish\Microsoft.AspNetCore.Http.Connections.Client.dll ..." date="2025-07-16T00:28:11.933" /><!-- duration: 16ms -->
          <step title="Extracting to C:\local\Temp\zipdeploy\extracted\publish\Microsoft.IdentityModel.Logging.dll ..." date="2025-07-16T00:28:11.948" /><!-- duration: 0ms -->
          <step title="Extracting to C:\local\Temp\zipdeploy\extracted\publish\Microsoft.EntityFrameworkCore.dll ..." date="2025-07-16T00:28:11.964" /><!-- duration: 31ms -->
          <step title="Omitting extracting file traces ..." date="2025-07-16T00:28:11.995" /><!-- duration: 0ms -->
        </step><!-- duration: 578ms -->
      </step><!-- duration: 609ms -->
      <step title="None repository commit" date="2025-07-16T00:28:12.495" >
        <step title="Commit id: 5158e0f8d8994372b879d020aa9648cc" date="2025-07-16T00:28:12.495" Message="OneDeploy" AuthorName="N/A" AuthorEmail="N/A" /><!-- duration: 16ms -->
      </step><!-- duration: 16ms -->
      <step title="Before sending BuildRequestReceived status to /api/updatedeploystatus" date="2025-07-16T00:28:12.511" /><!-- duration: 16ms -->
      <step title="DeploymentManager.Deploy(id:5158e0f8d8994372b879d020aa9648cc)" date="2025-07-16T00:28:12.526" >
        <step title="Collecting changeset information" date="2025-07-16T00:28:12.542" /><!-- duration: 31ms -->
        <step title="Updating submodules" date="2025-07-16T00:28:12.573" >
          <step title="Updating submodules." date="2025-07-16T00:28:12.620" /><!-- duration: 16ms -->
        </step><!-- duration: 63ms -->
        <step title="Preparing deployment for commit id &apos;5158e0f8d8&apos;." date="2025-07-16T00:28:12.683" /><!-- duration: 0ms -->
        <step title="Determining deployment builder" date="2025-07-16T00:28:12.729" >
          <step title="Builder is OneDeployBuilder" date="2025-07-16T00:28:12.729" /><!-- duration: 16ms -->
        </step><!-- duration: 16ms -->
        <step title="Copying SSH keys" date="2025-07-16T00:28:12.761" /><!-- duration: 16ms -->
        <step title="Building" date="2025-07-16T00:28:12.776" >
          <step title="Running build. Project type: OneDeploy" date="2025-07-16T00:28:12.808" /><!-- duration: 16ms -->
          <step title="Copying the manifest" date="2025-07-16T00:28:12.870" /><!-- duration: 0ms -->
          <step title="Clean deploying to C:\home\site\wwwroot" date="2025-07-16T00:28:12.933" /><!-- duration: 0ms -->
          <step title="Generating deployment script." date="2025-07-16T00:28:12.979" /><!-- duration: 16ms -->
          <step title="Generating deployment script" date="2025-07-16T00:28:12.995" >
            <step title="Using cached version of the deployment script for command: -y --no-dot-deployment -r &quot;C:\local\Temp\zipdeploy\extracted&quot; -o &quot;C:\home\site\deployments\tools&quot; --basic --sitePath &quot;C:\local\Temp\zipdeploy\extracted&quot;" date="2025-07-16T00:28:13.011" /><!-- duration: 16ms -->
            <step title="Using cached version of deployment script (command: &apos;azure -y --no-dot-deployment -r &quot;C:\local\Temp\zipdeploy\extracted&quot; -o &quot;C:\home\site\deployments\tools&quot; --basic --sitePath &quot;C:\local\Temp\zipdeploy\extracted&quot;&apos;)." date="2025-07-16T00:28:13.042" /><!-- duration: 0ms -->
          </step><!-- duration: 78ms -->
          <step title="Running deployment command..." date="2025-07-16T00:28:13.104" /><!-- duration: 16ms -->
          <step title="Command: &quot;C:\home\site\deployments\tools\deploy.cmd&quot;" date="2025-07-16T00:28:13.136" /><!-- duration: 0ms -->
          <step title="Executing external process" date="2025-07-16T00:28:13.151" type="process" path="starter.cmd" arguments="&quot;C:\home\site\deployments\tools\deploy.cmd&quot;" >
            <step title="Handling Basic Web Site deployment." date="2025-07-16T00:28:13.261" /><!-- duration: 0ms -->
            <step title="Creating app_offline.htm" date="2025-07-16T00:28:13.511" /><!-- duration: 0ms -->
            <step title="KuduSync.NET from: &apos;C:\local\Temp\zipdeploy\extracted&apos; to: &apos;C:\home\site\wwwroot&apos;" date="2025-07-16T00:28:13.527" /><!-- duration: 0ms -->
            <step title="Deleting file: &apos;runtimes\browser-wasm\nativeassets\net8.0\e_sqlite3.a&apos;" date="2025-07-16T00:28:13.542" /><!-- duration: 16ms -->
            <step title="Deleting directory: &apos;runtimes\browser-wasm\nativeassets\net8.0&apos;" date="2025-07-16T00:28:13.558" /><!-- duration: 16ms -->
            <step title="Deleting directory: &apos;runtimes\browser-wasm\nativeassets&apos;" date="2025-07-16T00:28:13.589" /><!-- duration: 0ms -->
            <step title="Deleting directory: &apos;runtimes\browser-wasm&apos;" date="2025-07-16T00:28:13.605" /><!-- duration: 0ms -->
            <step title="Deleting file: &apos;runtimes\linux-arm\native\libe_sqlite3.so&apos;" date="2025-07-16T00:28:13.621" /><!-- duration: 0ms -->
            <step title="Deleting directory: &apos;runtimes\linux-arm\native&apos;" date="2025-07-16T00:28:13.636" /><!-- duration: 0ms -->
            <step title="Deleting directory: &apos;runtimes\linux-arm&apos;" date="2025-07-16T00:28:13.652" /><!-- duration: 16ms -->
            <step title="Deleting file: &apos;runtimes\linux-arm64\native\libe_sqlite3.so&apos;" date="2025-07-16T00:28:13.683" /><!-- duration: 0ms -->
            <step title="Deleting directory: &apos;runtimes\linux-arm64\native&apos;" date="2025-07-16T00:28:13.699" /><!-- duration: 0ms -->
            <step title="Deleting directory: &apos;runtimes\linux-arm64&apos;" date="2025-07-16T00:28:13.714" /><!-- duration: 0ms -->
            <step title="Deleting file: &apos;runtimes\linux-armel\native\libe_sqlite3.so&apos;" date="2025-07-16T00:28:13.730" /><!-- duration: 16ms -->
            <step title="Deleting directory: &apos;runtimes\linux-armel\native&apos;" date="2025-07-16T00:28:13.746" /><!-- duration: 16ms -->
            <step title="Deleting directory: &apos;runtimes\linux-armel&apos;" date="2025-07-16T00:28:13.777" /><!-- duration: 0ms -->
            <step title="Deleting file: &apos;runtimes\linux-mips64\native\libe_sqlite3.so&apos;" date="2025-07-16T00:28:13.839" /><!-- duration: 0ms -->
            <step title="Deleting directory: &apos;runtimes\linux-mips64\native&apos;" date="2025-07-16T00:28:13.855" /><!-- duration: 0ms -->
            <step title="Deleting directory: &apos;runtimes\linux-mips64&apos;" date="2025-07-16T00:28:13.871" /><!-- duration: 0ms -->
            <step title="Deleting file: &apos;runtimes\linux-musl-arm\native\libe_sqlite3.so&apos;" date="2025-07-16T00:28:13.886" /><!-- duration: 16ms -->
            <step title="Deleting directory: &apos;runtimes\linux-musl-arm\native&apos;" date="2025-07-16T00:28:13.917" /><!-- duration: 0ms -->
            <step title="Deleting directory: &apos;runtimes\linux-musl-arm&apos;" date="2025-07-16T00:28:13.933" /><!-- duration: 0ms -->
            <step title="Deleting file: &apos;runtimes\linux-musl-arm64\native\libe_sqlite3.so&apos;" date="2025-07-16T00:28:13.949" /><!-- duration: 16ms -->
            <step title="Deleting directory: &apos;runtimes\linux-musl-arm64\native&apos;" date="2025-07-16T00:28:13.964" /><!-- duration: 16ms -->
            <step title="Deleting directory: &apos;runtimes\linux-musl-arm64&apos;" date="2025-07-16T00:28:13.996" /><!-- duration: 0ms -->
            <step title="Deleting file: &apos;runtimes\linux-musl-x64\native\libe_sqlite3.so&apos;" date="2025-07-16T00:28:14.011" /><!-- duration: 0ms -->
            <step title="Deleting directory: &apos;runtimes\linux-musl-x64\native&apos;" date="2025-07-16T00:28:14.027" /><!-- duration: 0ms -->
            <step title="Deleting directory: &apos;runtimes\linux-musl-x64&apos;" date="2025-07-16T00:28:14.042" /><!-- duration: 0ms -->
            <step title="Deleting file: &apos;runtimes\linux-ppc64le\native\libe_sqlite3.so&apos;" date="2025-07-16T00:28:14.058" /><!-- duration: 16ms -->
            <step title="Deleting directory: &apos;runtimes\linux-ppc64le\native&apos;" date="2025-07-16T00:28:14.089" /><!-- duration: 16ms -->
            <step title="Deleting directory: &apos;runtimes\linux-ppc64le&apos;" date="2025-07-16T00:28:14.121" /><!-- duration: 0ms -->
            <step title="Deleting file: &apos;runtimes\linux-s390x\native\libe_sqlite3.so&apos;" date="2025-07-16T00:28:14.136" /><!-- duration: 0ms -->
            <step title="Deleting directory: &apos;runtimes\linux-s390x\native&apos;" date="2025-07-16T00:28:14.152" /><!-- duration: 0ms -->
            <step title="Deleting directory: &apos;runtimes\linux-s390x&apos;" date="2025-07-16T00:28:14.167" /><!-- duration: 16ms -->
            <step title="Deleting file: &apos;runtimes\linux-x64\native\libe_sqlite3.so&apos;" date="2025-07-16T00:28:14.199" /><!-- duration: 0ms -->
            <step title="Deleting directory: &apos;runtimes\linux-x64\native&apos;" date="2025-07-16T00:28:14.214" /><!-- duration: 0ms -->
            <step title="Deleting directory: &apos;runtimes\linux-x64&apos;" date="2025-07-16T00:28:14.230" /><!-- duration: 0ms -->
            <step title="Deleting file: &apos;runtimes\linux-x86\native\libe_sqlite3.so&apos;" date="2025-07-16T00:28:14.246" /><!-- duration: 16ms -->
            <step title="Deleting directory: &apos;runtimes\linux-x86\native&apos;" date="2025-07-16T00:28:14.277" /><!-- duration: 0ms -->
            <step title="Deleting directory: &apos;runtimes\linux-x86&apos;" date="2025-07-16T00:28:14.292" /><!-- duration: 0ms -->
            <step title="Deleting file: &apos;runtimes\maccatalyst-arm64\native\libe_sqlite3.dylib&apos;" date="2025-07-16T00:28:14.308" /><!-- duration: 0ms -->
            <step title="Deleting directory: &apos;runtimes\maccatalyst-arm64\native&apos;" date="2025-07-16T00:28:14.339" /><!-- duration: 0ms -->
            <step title="Deleting directory: &apos;runtimes\maccatalyst-arm64&apos;" date="2025-07-16T00:28:14.355" /><!-- duration: 0ms -->
            <step title="Deleting file: &apos;runtimes\maccatalyst-x64\native\libe_sqlite3.dylib&apos;" date="2025-07-16T00:28:14.371" /><!-- duration: 16ms -->
            <step title="Deleting directory: &apos;runtimes\maccatalyst-x64\native&apos;" date="2025-07-16T00:28:14.402" /><!-- duration: 0ms -->
            <step title="Deleting directory: &apos;runtimes\maccatalyst-x64&apos;" date="2025-07-16T00:28:14.417" /><!-- duration: 0ms -->
            <step title="Deleting file: &apos;runtimes\osx-arm64\native\libe_sqlite3.dylib&apos;" date="2025-07-16T00:28:14.433" /><!-- duration: 0ms -->
            <step title="Deleting directory: &apos;runtimes\osx-arm64\native&apos;" date="2025-07-16T00:28:14.464" /><!-- duration: 0ms -->
            <step title="Deleting directory: &apos;runtimes\osx-arm64&apos;" date="2025-07-16T00:28:14.480" /><!-- duration: 0ms -->
            <step title="Deleting file: &apos;runtimes\osx-x64\native\libe_sqlite3.dylib&apos;" date="2025-07-16T00:28:14.496" /><!-- duration: 16ms -->
            <step title="Deleting directory: &apos;runtimes\osx-x64\native&apos;" date="2025-07-16T00:28:14.511" /><!-- duration: 16ms -->
            <step title="Omitting next output lines..." date="2025-07-16T00:28:14.542" /><!-- duration: 0ms -->
            <step title="Finished successfully." date="2025-07-16T00:28:17.435" /><!-- duration: 0ms -->
          </step><!-- duration: 4300ms -->
          <step title="Build completed succesfully." date="2025-07-16T00:28:17.498" /><!-- duration: 0ms -->
          <step title="Running post deployment command(s)..." date="2025-07-16T00:28:17.545" /><!-- duration: 16ms -->
          <step title="Requesting site restart" date="2025-07-16T00:28:17.608" /><!-- duration: 0ms -->
          <step title="Requesting site restart" date="2025-07-16T00:28:17.624" /><!-- duration: 0ms -->
          <step title="Requesting site restart. Attempt #1" date="2025-07-16T00:28:17.655" /><!-- duration: 16ms -->
          <step title="Requesting site restart. Attempt #1" date="2025-07-16T00:28:17.670" /><!-- duration: 16ms -->
          <step title="Successfully requested a restart. Attempt #1" date="2025-07-16T00:28:17.952" /><!-- duration: 16ms -->
          <step title="Successfully requested a restart. Attempt #1" date="2025-07-16T00:28:17.968" /><!-- duration: 16ms -->
          <step title="Deployment successful. DEPLOYMENTINFO: deploymentPath = OneDeploy, deployer = OneDeploy, os = windows, sku = Free, siteName = Whiteboardv2-backend, siteHostName = whiteboardv2-backend-ckf7efgxbxbjg0ft.eastus-01.azurewebsites.net, deploymentStatus = Success" date="2025-07-16T00:28:18.015" /><!-- duration: 16ms -->
          <step title="Purge deployment items" date="2025-07-16T00:28:18.140" >
            <step title="Remove bf4d98d66, Success, received at 7/13/2025 4:31:46 AM" date="2025-07-16T00:28:18.218" /><!-- duration: 16ms -->
          </step><!-- duration: 94ms -->
        </step><!-- duration: 5489ms -->
      </step><!-- duration: 5739ms -->
      <step title="Cleaning up temp files" date="2025-07-16T00:28:18.265" /><!-- duration: 0ms -->
      <step title="Skip function trigger and logicapp sync because function is not enabled." date="2025-07-16T00:28:18.280" /><!-- duration: 0ms -->
    </step><!-- duration: 6582ms -->
    <step title="LockFile &apos;C:\home\site\locks\deployments.lock&apos; released" date="2025-07-16T00:28:18.343" /><!-- duration: 0ms -->
    <step title="Deleting shutdown sentinel file" date="2025-07-16T00:28:18.359" SemaphoreCount="8" /><!-- duration: 16ms -->
  </step><!-- duration: 19145ms -->
  <step title="Outgoing response" date="2025-07-16T00:28:18.374" type="response" statusCode="200" statusText="OK" Server="Microsoft-IIS/10.0" x-ms-request-id="b73580fe-61db-11f0-b08e-7a5b12043ae0" Cache-Control="private" X-AspNet-Version="4.0.30319" /><!-- duration: 16ms -->
</step><!-- duration: 19270ms -->
