<step title="Incoming Request" date="2025-07-14T04:28:52.608" instance="46bc5b" url="/api/zipdeploy?isAsync=true" method="POST" type="request" pid="7856,2,7" Cache-Control="no-cache" Connection="Keep-Alive" Content-Length="16242118" Content-Type="application/octet-stream" Accept="*/*" Accept-Encoding="gzip, deflate" Authorization="Bas..." Host="whiteboardv2-backend-ckf7efgxbxbjg0ft.scm.eastus-01.azurewebsites.net" User-Agent="AZURECLI/2.73.0 (HOMEBREW)" x-ms-client-request-id="0839716c-606b-11f0-ac27-7a5b12043ae0" X-ARR-LOG-ID="0839716c-606b-11f0-ac27-7a5b12043ae0" CLIENT-IP="67.2.17.107:63692" X-SITE-DEPLOYMENT-ID="Whiteboardv2-backend" WAS-DEFAULT-HOSTNAME="whiteboardv2-backend-ckf7efgxbxbjg0ft.scm.eastus-01.azurewebsites.net" X-Forwarded-Proto="https" X-AppService-Proto="https" X-Forwarded-TlsVersion="1.3" X-WAWS-Unencoded-URL="/api/zipdeploy?isAsync=true" X-MS-COLDSTART="1" >
  <step title="ZipPushDeploy" date="2025-07-14T04:28:52.827" >
    <step title="ZipDeploy. Extract zip. " date="2025-07-14T04:28:52.842" /><!-- duration: 16ms -->
    <step title="Starting PushDeployAsync" date="2025-07-14T04:28:52.858" /><!-- duration: 16ms -->
    <step title="Updating shutdown sentinel last write time" date="2025-07-14T04:28:52.905" SemaphoreCount="7" /><!-- duration: 16ms -->
    <step title="LockFile &apos;C:\home\site\locks\deployments.lock&apos; acquired" date="2025-07-14T04:28:52.921" /><!-- duration: 0ms -->
    <step title="Saving request content to C:\local\Temp\zipdeploy\l0swoabi.zip" date="2025-07-14T04:28:52.936" >
      <step title="Total 16,242,118 bytes written to C:\local\Temp\zipdeploy\l0swoabi.zip" date="2025-07-14T04:28:53.561" /><!-- duration: 0ms -->
    </step><!-- duration: 641ms -->
    <step title="LockFile &apos;C:\home\site\locks\deployments.lock&apos; released" date="2025-07-14T04:28:53.577" /><!-- duration: 0ms -->
    <step title="Deleting shutdown sentinel file" date="2025-07-14T04:28:53.592" SemaphoreCount="8" /><!-- duration: 0ms -->
    <step title="Starting FetchDeploy" date="2025-07-14T04:28:53.608" /><!-- duration: 0ms -->
    <step title="Start deployment in the background" date="2025-07-14T04:28:53.624" /><!-- duration: 63ms -->
  </step><!-- duration: 891ms -->
  <step title="Outgoing response" date="2025-07-14T04:28:53.733" type="response" statusCode="202" statusText="Accepted" Server="Microsoft-IIS/10.0" x-ms-request-id="0839716c-606b-11f0-ac27-7a5b12043ae0" Retry-After="30" Cache-Control="private" X-AspNet-Version="4.0.30319" Location="https://whiteboardv2-backend-ckf7efgxbxbjg0ft.scm.eastus-01.azurewebsites.net/api/deployments/latest?deployer=ZipDeploy&amp;time=2025-07-14_04-28-53Z" /><!-- duration: 16ms -->
</step><!-- duration: 1141ms -->
