<step title="BackgroundTrace" date="2025-07-16T01:08:06.317" instance="46bc5b" url="/api/zipdeploy" method="POST" >
  <step title="Updating shutdown sentinel last write time" date="2025-07-16T01:08:06.317" SemaphoreCount="7" /><!-- duration: 0ms -->
  <step title="LockFile &apos;C:\home\site\locks\deployments.lock&apos; acquired" date="2025-07-16T01:08:06.332" /><!-- duration: 0ms -->
  <step title="Creating temporary deployment" date="2025-07-16T01:08:06.348" /><!-- duration: 31ms -->
  <step title="Performing fetch based deployment" date="2025-07-16T01:08:06.379" >
    <step title="Fetching changes." date="2025-07-16T01:08:06.426" /><!-- duration: 16ms -->
    <step title="Starting LocalZipHandler" date="2025-07-16T01:08:06.442" /><!-- duration: 0ms -->
    <step title="Cleaning up temp folders from previous zip deployments and extracting pushed zip file C:\local\Temp\zipdeploy\sdvm10fn.zip (16.05 MB) to C:\local\Temp\zipdeploy\extracted" date="2025-07-16T01:08:06.473" /><!-- duration: 16ms -->
    <step title="Cleaning up temp folders from previous zip deployments and extracting pushed zip file C:\local\Temp\zipdeploy\sdvm10fn.zip (16.05 MB) to C:\local\Temp\zipdeploy\extracted" date="2025-07-16T01:08:06.489" >
      <step title="Renaming extractTargetDirectory(C:\local\Temp\zipdeploy\extracted) to tempDirectory(C:\local\Temp\zipdeploy\zpzvzhig.ou2)" date="2025-07-16T01:08:06.489" /><!-- duration: 16ms -->
      <step title="Extracting 61 entries to C:\local\Temp\zipdeploy\extracted directory" date="2025-07-16T01:08:06.504" >
        <step title="Extracting to C:\local\Temp\zipdeploy\extracted\Microsoft.EntityFrameworkCore.dll ..." date="2025-07-16T01:08:06.504" /><!-- duration: 31ms -->
        <step title="Extracting to C:\local\Temp\zipdeploy\extracted\Microsoft.Extensions.Logging.Abstractions.dll ..." date="2025-07-16T01:08:06.535" /><!-- duration: 16ms -->
        <step title="Extracting to C:\local\Temp\zipdeploy\extracted\Microsoft.IdentityModel.Protocols.OpenIdConnect.dll ..." date="2025-07-16T01:08:06.551" /><!-- duration: 16ms -->
        <step title="Extracting to C:\local\Temp\zipdeploy\extracted\Microsoft.AspNetCore.Http.Connections.Common.dll ..." date="2025-07-16T01:08:06.567" /><!-- duration: 0ms -->
        <step title="Extracting to C:\local\Temp\zipdeploy\extracted\Microsoft.EntityFrameworkCore.Abstractions.dll ..." date="2025-07-16T01:08:06.582" /><!-- duration: 0ms -->
        <step title="Omitting extracting file traces ..." date="2025-07-16T01:08:06.582" /><!-- duration: 16ms -->
        <step title="Extracting to C:\local\Temp\zipdeploy\extracted\Microsoft.AspNetCore.SignalR.Protocols.Json.dll ..." date="2025-07-16T01:08:07.004" /><!-- duration: 0ms -->
        <step title="Extracting to C:\local\Temp\zipdeploy\extracted\runtimes\osx-x64\native\libe_sqlite3.dylib ..." date="2025-07-16T01:08:07.020" /><!-- duration: 16ms -->
        <step title="Extracting to C:\local\Temp\zipdeploy\extracted\Whiteboard ..." date="2025-07-16T01:08:07.035" /><!-- duration: 16ms -->
        <step title="Extracting to C:\local\Temp\zipdeploy\extracted\runtimes\maccatalyst-x64\native\libe_sqlite3.dylib ..." date="2025-07-16T01:08:07.067" /><!-- duration: 31ms -->
        <step title="Extracting to C:\local\Temp\zipdeploy\extracted\runtimes\win-arm\native\e_sqlite3.dll ..." date="2025-07-16T01:08:07.114" /><!-- duration: 16ms -->
      </step><!-- duration: 625ms -->
    </step><!-- duration: 656ms -->
    <step title="Before sending BuildRequestReceived status to /api/updatedeploystatus" date="2025-07-16T01:08:07.145" /><!-- duration: 0ms -->
    <step title="DeploymentManager.Deploy(id:de5f4c133008410ea7a7ee1278a7f02b)" date="2025-07-16T01:08:07.160" >
      <step title="Collecting changeset information" date="2025-07-16T01:08:07.160" /><!-- duration: 47ms -->
      <step title="Updating submodules" date="2025-07-16T01:08:07.207" >
        <step title="Updating submodules." date="2025-07-16T01:08:07.254" /><!-- duration: 0ms -->
      </step><!-- duration: 47ms -->
      <step title="Preparing deployment for commit id &apos;de5f4c1330&apos;." date="2025-07-16T01:08:07.301" /><!-- duration: 16ms -->
      <step title="Determining deployment builder" date="2025-07-16T01:08:07.348" >
        <step title="Builder is BasicBuilder" date="2025-07-16T01:08:07.348" /><!-- duration: 16ms -->
      </step><!-- duration: 16ms -->
      <step title="Copying SSH keys" date="2025-07-16T01:08:07.379" /><!-- duration: 16ms -->
      <step title="Building" date="2025-07-16T01:08:07.395" >
        <step title="Generating deployment script." date="2025-07-16T01:08:07.442" /><!-- duration: 0ms -->
        <step title="Generating deployment script" date="2025-07-16T01:08:07.442" >
          <step title="Using cached version of the deployment script for command: -y --no-dot-deployment -r &quot;C:\local\Temp\zipdeploy\extracted&quot; -o &quot;C:\home\site\deployments\tools&quot; --basic --sitePath &quot;C:\local\Temp\zipdeploy\extracted&quot;" date="2025-07-16T01:08:07.457" /><!-- duration: 16ms -->
          <step title="Using cached version of deployment script (command: &apos;azure -y --no-dot-deployment -r &quot;C:\local\Temp\zipdeploy\extracted&quot; -o &quot;C:\home\site\deployments\tools&quot; --basic --sitePath &quot;C:\local\Temp\zipdeploy\extracted&quot;&apos;)." date="2025-07-16T01:08:07.473" /><!-- duration: 16ms -->
        </step><!-- duration: 47ms -->
        <step title="Running deployment command..." date="2025-07-16T01:08:07.535" /><!-- duration: 0ms -->
        <step title="Command: &quot;C:\home\site\deployments\tools\deploy.cmd&quot;" date="2025-07-16T01:08:07.551" /><!-- duration: 16ms -->
        <step title="Executing external process" date="2025-07-16T01:08:07.567" type="process" path="starter.cmd" arguments="&quot;C:\home\site\deployments\tools\deploy.cmd&quot;" >
          <step title="Handling Basic Web Site deployment." date="2025-07-16T01:08:07.676" /><!-- duration: 0ms -->
          <step title="Creating app_offline.htm" date="2025-07-16T01:08:07.895" /><!-- duration: 16ms -->
          <step title="KuduSync.NET from: &apos;C:\local\Temp\zipdeploy\extracted&apos; to: &apos;C:\home\site\wwwroot&apos;" date="2025-07-16T01:08:07.910" /><!-- duration: 0ms -->
          <step title="Deleting app_offline.htm" date="2025-07-16T01:08:07.926" /><!-- duration: 0ms -->
          <step title="Finished successfully." date="2025-07-16T01:08:07.942" /><!-- duration: 0ms -->
        </step><!-- duration: 391ms -->
        <step title="Running post deployment command(s)..." date="2025-07-16T01:08:08.005" /><!-- duration: 0ms -->
        <step title="Triggering recycle (preview mode disabled)." date="2025-07-16T01:08:08.051" /><!-- duration: 0ms -->
        <step title="Ignoring FS watcher based recycle request as this is a classic Windows app." date="2025-07-16T01:08:08.051" /><!-- duration: 0ms -->
        <step title="Deployment successful. DEPLOYMENTINFO: deploymentPath = ZipDeploy. Extract zip. , deployer = ms-azuretools-vscode, os = windows, sku = Free, siteName = Whiteboardv2-backend, siteHostName = whiteboardv2-backend-ckf7efgxbxbjg0ft.eastus-01.azurewebsites.net, deploymentStatus = Success" date="2025-07-16T01:08:08.130" /><!-- duration: 16ms -->
        <step title="Purge deployment items" date="2025-07-16T01:08:08.208" >
          <step title="Remove bf6fc07ac, Success, received at 7/15/2025 11:35:17 PM" date="2025-07-16T01:08:08.286" /><!-- duration: 0ms -->
        </step><!-- duration: 78ms -->
      </step><!-- duration: 922ms -->
    </step><!-- duration: 1172ms -->
    <step title="Cleaning up temp files" date="2025-07-16T01:08:08.333" /><!-- duration: 0ms -->
    <step title="Skip function trigger and logicapp sync because function is not enabled." date="2025-07-16T01:08:08.348" /><!-- duration: 0ms -->
  </step><!-- duration: 1985ms -->
  <step title="LockFile &apos;C:\home\site\locks\deployments.lock&apos; released" date="2025-07-16T01:08:08.380" /><!-- duration: 0ms -->
  <step title="Deleting shutdown sentinel file" date="2025-07-16T01:08:08.395" SemaphoreCount="8" /><!-- duration: 0ms -->
</step><!-- duration: 2078ms -->
