<step title="Incoming Request" date="2025-07-17T18:18:58.139" instance="46bc5b" url="/api/zipdeploy?author=ms-azuretools-vscode&amp;deployer=ms-azuretools-vscode&amp;isAsync=true&amp;trackDeploymentId=true" method="POST" type="request" pid="5164,2,9" Transfer-Encoding="chunked" Accept-Encoding="gzip,deflate" Accept-Language="en" Authorization="Bea..." Host="whiteboardv2-backend-ckf7efgxbxbjg0ft.scm.eastus-01.azurewebsites.net" User-Agent="vscode-azureappservice/0.26.2 core-rest-pipeline/1.20.0 Node/22.15.1 OS/(arm64-Darwin-24.5.0)" x-ms-correlation-request-id="e377b969-80f0-476a-b02a-ca1bf7e2ed4c" x-ms-client-request-id="a43c8027-1401-4989-b4ad-5b666d451396" X-ARR-LOG-ID="a43c8027-1401-4989-b4ad-5b666d451396" CLIENT-IP="192.74.128.132:17786" X-SITE-DEPLOYMENT-ID="Whiteboardv2-backend" WAS-DEFAULT-HOSTNAME="whiteboardv2-backend-ckf7efgxbxbjg0ft.scm.eastus-01.azurewebsites.net" X-Forwarded-Proto="https" X-AppService-Proto="https" X-Forwarded-TlsVersion="1.3" X-WAWS-Unencoded-URL="/api/zipdeploy?author=ms-azuretools-vscode&amp;deployer=ms-azuretools-vscode&amp;isAsync=true&amp;trackDeploymentId=true" >
  <step title="ZipPushDeploy" date="2025-07-17T18:18:58.295" >
    <step title="ZipDeploy. Extract zip. " date="2025-07-17T18:18:58.326" /><!-- duration: 0ms -->
    <step title="Starting PushDeployAsync" date="2025-07-17T18:18:58.342" /><!-- duration: 0ms -->
    <step title="Updating shutdown sentinel last write time" date="2025-07-17T18:18:58.389" SemaphoreCount="7" /><!-- duration: 0ms -->
    <step title="LockFile &apos;C:\home\site\locks\deployments.lock&apos; acquired" date="2025-07-17T18:18:58.404" /><!-- duration: 0ms -->
    <step title="Saving request content to C:\local\Temp\zipdeploy\fpvzla4d.zip" date="2025-07-17T18:18:58.420" >
      <step title="Total 16,824,097 bytes written to C:\local\Temp\zipdeploy\fpvzla4d.zip" date="2025-07-17T18:19:01.502" /><!-- duration: 16ms -->
    </step><!-- duration: 3113ms -->
    <step title="LockFile &apos;C:\home\site\locks\deployments.lock&apos; released" date="2025-07-17T18:19:01.533" /><!-- duration: 16ms -->
    <step title="Deleting shutdown sentinel file" date="2025-07-17T18:19:01.565" SemaphoreCount="8" /><!-- duration: 0ms -->
    <step title="Starting FetchDeploy" date="2025-07-17T18:19:01.580" /><!-- duration: 0ms -->
    <step title="Start deployment in the background" date="2025-07-17T18:19:01.596" /><!-- duration: 78ms -->
  </step><!-- duration: 3394ms -->
  <step title="Outgoing response" date="2025-07-17T18:19:01.705" type="response" statusCode="202" statusText="Accepted" Server="Microsoft-IIS/10.0" x-ms-request-id="a43c8027-1401-4989-b4ad-5b666d451396" Retry-After="30" Cache-Control="private" X-AspNet-Version="4.0.30319" Location="https://whiteboardv2-backend-ckf7efgxbxbjg0ft.scm.eastus-01.azurewebsites.net/api/deployments/latest?deployer=ms-azuretools-vscode&amp;time=2025-07-17_18-19-01Z" /><!-- duration: 0ms -->
</step><!-- duration: 3582ms -->
