<step title="Incoming Request" date="2025-07-17T17:46:22.121" instance="46bc5b" url="/api/zipdeploy?isAsync=true" method="POST" type="request" pid="12148,2,8" Cache-Control="no-cache" Connection="Keep-Alive" Content-Length="4810239" Content-Type="application/octet-stream" Accept="*/*" Accept-Encoding="gzip, deflate" Authorization="Bas..." Host="whiteboardv2-backend-ckf7efgxbxbjg0ft.scm.eastus-01.azurewebsites.net" User-Agent="AZURECLI/2.73.0 (HOMEBREW)" x-ms-client-request-id="eed2aa18-6335-11f0-a03a-7a5b12043ae0" X-ARR-LOG-ID="eed2aa18-6335-11f0-a03a-7a5b12043ae0" CLIENT-IP="192.74.128.132:11714" X-SITE-DEPLOYMENT-ID="Whiteboardv2-backend" WAS-DEFAULT-HOSTNAME="whiteboardv2-backend-ckf7efgxbxbjg0ft.scm.eastus-01.azurewebsites.net" X-Forwarded-Proto="https" X-AppService-Proto="https" X-Forwarded-TlsVersion="1.3" X-WAWS-Unencoded-URL="/api/zipdeploy?isAsync=true" X-MS-COLDSTART="1" >
  <step title="ZipPushDeploy" date="2025-07-17T17:46:22.324" >
    <step title="ZipDeploy. Extract zip. " date="2025-07-17T17:46:22.339" /><!-- duration: 16ms -->
    <step title="Starting PushDeployAsync" date="2025-07-17T17:46:22.355" /><!-- duration: 16ms -->
    <step title="Updating shutdown sentinel last write time" date="2025-07-17T17:46:22.417" SemaphoreCount="7" /><!-- duration: 0ms -->
    <step title="LockFile &apos;C:\home\site\locks\deployments.lock&apos; acquired" date="2025-07-17T17:46:22.417" /><!-- duration: 16ms -->
    <step title="Saving request content to C:\local\Temp\zipdeploy\1eulc3al.zip" date="2025-07-17T17:46:22.433" >
      <step title="Total 4,810,239 bytes written to C:\local\Temp\zipdeploy\1eulc3al.zip" date="2025-07-17T17:46:22.480" /><!-- duration: 0ms -->
    </step><!-- duration: 62ms -->
    <step title="LockFile &apos;C:\home\site\locks\deployments.lock&apos; released" date="2025-07-17T17:46:22.496" /><!-- duration: 16ms -->
    <step title="Deleting shutdown sentinel file" date="2025-07-17T17:46:22.527" SemaphoreCount="8" /><!-- duration: 0ms -->
    <step title="Starting FetchDeploy" date="2025-07-17T17:46:22.542" /><!-- duration: 0ms -->
    <step title="Start deployment in the background" date="2025-07-17T17:46:22.558" /><!-- duration: 94ms -->
  </step><!-- duration: 328ms -->
  <step title="Outgoing response" date="2025-07-17T17:46:22.683" type="response" statusCode="202" statusText="Accepted" Server="Microsoft-IIS/10.0" x-ms-request-id="eed2aa18-6335-11f0-a03a-7a5b12043ae0" Retry-After="30" Cache-Control="private" X-AspNet-Version="4.0.30319" Location="https://whiteboardv2-backend-ckf7efgxbxbjg0ft.scm.eastus-01.azurewebsites.net/api/deployments/latest?deployer=ZipDeploy&amp;time=2025-07-17_17-46-22Z" /><!-- duration: 0ms -->
</step><!-- duration: 563ms -->
