<step title="BackgroundTrace" date="2025-07-17T00:50:40.659" instance="46bc5b" url="/api/zipdeploy" method="POST" >
  <step title="Updating shutdown sentinel last write time" date="2025-07-17T00:50:40.674" SemaphoreCount="7" /><!-- duration: 0ms -->
  <step title="LockFile &apos;C:\home\site\locks\deployments.lock&apos; acquired" date="2025-07-17T00:50:40.674" /><!-- duration: 16ms -->
  <step title="Creating temporary deployment" date="2025-07-17T00:50:40.690" /><!-- duration: 31ms -->
  <step title="Performing fetch based deployment" date="2025-07-17T00:50:40.737" >
    <step title="Fetching changes." date="2025-07-17T00:50:40.799" /><!-- duration: 16ms -->
    <step title="Starting LocalZipHandler" date="2025-07-17T00:50:40.815" /><!-- duration: 0ms -->
    <step title="Cleaning up temp folders from previous zip deployments and extracting pushed zip file C:\local\Temp\zipdeploy\agyvp4vd.zip (33.05 MB) to C:\local\Temp\zipdeploy\extracted" date="2025-07-17T00:50:40.846" /><!-- duration: 16ms -->
    <step title="Cleaning up temp folders from previous zip deployments and extracting pushed zip file C:\local\Temp\zipdeploy\agyvp4vd.zip (33.05 MB) to C:\local\Temp\zipdeploy\extracted" date="2025-07-17T00:50:40.862" >
      <step title="Extracting 221 entries to C:\local\Temp\zipdeploy\extracted directory" date="2025-07-17T00:50:40.878" >
        <step title="Extracting to C:\local\Temp\zipdeploy\extracted\publish\Microsoft.AspNetCore.Connections.Abstractions.dll ..." date="2025-07-17T00:50:40.878" /><!-- duration: 0ms -->
        <step title="Extracting to C:\local\Temp\zipdeploy\extracted\publish\Microsoft.EntityFrameworkCore.Sqlite.dll ..." date="2025-07-17T00:50:40.893" /><!-- duration: 0ms -->
        <step title="Extracting to C:\local\Temp\zipdeploy\extracted\publish\Microsoft.AspNetCore.Http.Connections.Client.dll ..." date="2025-07-17T00:50:40.909" /><!-- duration: 0ms -->
        <step title="Extracting to C:\local\Temp\zipdeploy\extracted\publish\Microsoft.IdentityModel.Logging.dll ..." date="2025-07-17T00:50:40.909" /><!-- duration: 16ms -->
        <step title="Extracting to C:\local\Temp\zipdeploy\extracted\publish\Microsoft.EntityFrameworkCore.dll ..." date="2025-07-17T00:50:40.924" /><!-- duration: 31ms -->
        <step title="Omitting extracting file traces ..." date="2025-07-17T00:50:40.956" /><!-- duration: 16ms -->
      </step><!-- duration: 1109ms -->
    </step><!-- duration: 1141ms -->
    <step title="Before sending BuildRequestReceived status to /api/updatedeploystatus" date="2025-07-17T00:50:42.003" /><!-- duration: 0ms -->
    <step title="DeploymentManager.Deploy(id:545beeba0fa14f66bf4b70369e6bba54)" date="2025-07-17T00:50:42.018" >
      <step title="Collecting changeset information" date="2025-07-17T00:50:42.034" /><!-- duration: 31ms -->
      <step title="Updating submodules" date="2025-07-17T00:50:42.065" >
        <step title="Updating submodules." date="2025-07-17T00:50:42.112" /><!-- duration: 16ms -->
      </step><!-- duration: 63ms -->
      <step title="Preparing deployment for commit id &apos;545beeba0f&apos;." date="2025-07-17T00:50:42.174" /><!-- duration: 0ms -->
      <step title="Determining deployment builder" date="2025-07-17T00:50:42.221" >
        <step title="Builder is BasicBuilder" date="2025-07-17T00:50:42.221" /><!-- duration: 0ms -->
      </step><!-- duration: 16ms -->
      <step title="Copying SSH keys" date="2025-07-17T00:50:42.284" /><!-- duration: 0ms -->
      <step title="Building" date="2025-07-17T00:50:42.284" >
        <step title="Generating deployment script." date="2025-07-17T00:50:42.331" /><!-- duration: 16ms -->
        <step title="Generating deployment script" date="2025-07-17T00:50:42.346" >
          <step title="Using cached version of the deployment script for command: -y --no-dot-deployment -r &quot;C:\local\Temp\zipdeploy\extracted&quot; -o &quot;C:\home\site\deployments\tools&quot; --basic --sitePath &quot;C:\local\Temp\zipdeploy\extracted&quot;" date="2025-07-17T00:50:42.378" /><!-- duration: 0ms -->
          <step title="Using cached version of deployment script (command: &apos;azure -y --no-dot-deployment -r &quot;C:\local\Temp\zipdeploy\extracted&quot; -o &quot;C:\home\site\deployments\tools&quot; --basic --sitePath &quot;C:\local\Temp\zipdeploy\extracted&quot;&apos;)." date="2025-07-17T00:50:42.393" /><!-- duration: 0ms -->
        </step><!-- duration: 47ms -->
        <step title="Running deployment command..." date="2025-07-17T00:50:42.440" /><!-- duration: 16ms -->
        <step title="Command: &quot;C:\home\site\deployments\tools\deploy.cmd&quot;" date="2025-07-17T00:50:42.471" /><!-- duration: 0ms -->
        <step title="Executing external process" date="2025-07-17T00:50:42.487" type="process" path="starter.cmd" arguments="&quot;C:\home\site\deployments\tools\deploy.cmd&quot;" >
          <step title="Handling Basic Web Site deployment." date="2025-07-17T00:50:42.643" /><!-- duration: 0ms -->
          <step title="Creating app_offline.htm" date="2025-07-17T00:50:43.049" /><!-- duration: 0ms -->
          <step title="KuduSync.NET from: &apos;C:\local\Temp\zipdeploy\extracted&apos; to: &apos;C:\home\site\wwwroot&apos;" date="2025-07-17T00:50:43.065" /><!-- duration: 0ms -->
          <step title="Copying file: &apos;appsettings.Development.json&apos;" date="2025-07-17T00:50:43.081" /><!-- duration: 16ms -->
          <step title="Copying file: &apos;appsettings.json&apos;" date="2025-07-17T00:50:43.096" /><!-- duration: 16ms -->
          <step title="Copying file: &apos;e_sqlite3.dll&apos;" date="2025-07-17T00:50:43.112" /><!-- duration: 16ms -->
          <step title="Copying file: &apos;libe_sqlite3.so&apos;" date="2025-07-17T00:50:43.128" /><!-- duration: 16ms -->
          <step title="Copying file: &apos;whiteboard.db&apos;" date="2025-07-17T00:50:43.143" /><!-- duration: 0ms -->
          <step title="Copying file: &apos;Whiteboard.deps.json&apos;" date="2025-07-17T00:50:43.159" /><!-- duration: 0ms -->
          <step title="Copying file: &apos;Whiteboard.exe&apos;" date="2025-07-17T00:50:43.174" /><!-- duration: 0ms -->
          <step title="Copying file: &apos;Whiteboard.runtimeconfig.json&apos;" date="2025-07-17T00:50:43.190" /><!-- duration: 16ms -->
          <step title="Copying file: &apos;publish\appsettings.Development.json&apos;" date="2025-07-17T00:50:43.206" /><!-- duration: 16ms -->
          <step title="Copying file: &apos;publish\appsettings.json&apos;" date="2025-07-17T00:50:43.253" /><!-- duration: 16ms -->
          <step title="Copying file: &apos;publish\Microsoft.AspNetCore.Authentication.JwtBearer.dll&apos;" date="2025-07-17T00:50:43.268" /><!-- duration: 16ms -->
          <step title="Copying file: &apos;publish\Microsoft.AspNetCore.Connections.Abstractions.dll&apos;" date="2025-07-17T00:50:43.284" /><!-- duration: 16ms -->
          <step title="Copying file: &apos;publish\Microsoft.AspNetCore.Http.Connections.Client.dll&apos;" date="2025-07-17T00:50:43.315" /><!-- duration: 0ms -->
          <step title="Copying file: &apos;publish\Microsoft.AspNetCore.Http.Connections.Common.dll&apos;" date="2025-07-17T00:50:43.331" /><!-- duration: 0ms -->
          <step title="Copying file: &apos;publish\Microsoft.AspNetCore.SignalR.Client.Core.dll&apos;" date="2025-07-17T00:50:43.331" /><!-- duration: 16ms -->
          <step title="Copying file: &apos;publish\Microsoft.AspNetCore.SignalR.Client.dll&apos;" date="2025-07-17T00:50:43.346" /><!-- duration: 16ms -->
          <step title="Copying file: &apos;publish\Microsoft.AspNetCore.SignalR.Common.dll&apos;" date="2025-07-17T00:50:43.362" /><!-- duration: 16ms -->
          <step title="Copying file: &apos;publish\Microsoft.AspNetCore.SignalR.Protocols.Json.dll&apos;" date="2025-07-17T00:50:43.378" /><!-- duration: 0ms -->
          <step title="Copying file: &apos;publish\Microsoft.Data.Sqlite.dll&apos;" date="2025-07-17T00:50:43.393" /><!-- duration: 0ms -->
          <step title="Copying file: &apos;publish\Microsoft.EntityFrameworkCore.Abstractions.dll&apos;" date="2025-07-17T00:50:43.409" /><!-- duration: 0ms -->
          <step title="Copying file: &apos;publish\Microsoft.EntityFrameworkCore.dll&apos;" date="2025-07-17T00:50:43.424" /><!-- duration: 16ms -->
          <step title="Copying file: &apos;publish\Microsoft.EntityFrameworkCore.Relational.dll&apos;" date="2025-07-17T00:50:43.440" /><!-- duration: 0ms -->
          <step title="Copying file: &apos;publish\Microsoft.EntityFrameworkCore.Sqlite.dll&apos;" date="2025-07-17T00:50:43.456" /><!-- duration: 0ms -->
          <step title="Copying file: &apos;publish\Microsoft.Extensions.DependencyInjection.Abstractions.dll&apos;" date="2025-07-17T00:50:43.471" /><!-- duration: 0ms -->
          <step title="Copying file: &apos;publish\Microsoft.Extensions.DependencyModel.dll&apos;" date="2025-07-17T00:50:43.487" /><!-- duration: 0ms -->
          <step title="Copying file: &apos;publish\Microsoft.Extensions.Features.dll&apos;" date="2025-07-17T00:50:43.503" /><!-- duration: 0ms -->
          <step title="Copying file: &apos;publish\Microsoft.Extensions.Logging.Abstractions.dll&apos;" date="2025-07-17T00:50:43.518" /><!-- duration: 0ms -->
          <step title="Copying file: &apos;publish\Microsoft.Extensions.Options.dll&apos;" date="2025-07-17T00:50:43.534" /><!-- duration: 0ms -->
          <step title="Copying file: &apos;publish\Microsoft.IdentityModel.Abstractions.dll&apos;" date="2025-07-17T00:50:43.549" /><!-- duration: 0ms -->
          <step title="Copying file: &apos;publish\Microsoft.IdentityModel.JsonWebTokens.dll&apos;" date="2025-07-17T00:50:43.565" /><!-- duration: 0ms -->
          <step title="Copying file: &apos;publish\Microsoft.IdentityModel.Logging.dll&apos;" date="2025-07-17T00:50:43.581" /><!-- duration: 0ms -->
          <step title="Copying file: &apos;publish\Microsoft.IdentityModel.Protocols.dll&apos;" date="2025-07-17T00:50:43.596" /><!-- duration: 0ms -->
          <step title="Copying file: &apos;publish\Microsoft.IdentityModel.Protocols.OpenIdConnect.dll&apos;" date="2025-07-17T00:50:43.612" /><!-- duration: 0ms -->
          <step title="Copying file: &apos;publish\Microsoft.IdentityModel.Tokens.dll&apos;" date="2025-07-17T00:50:43.628" /><!-- duration: 16ms -->
          <step title="Copying file: &apos;publish\Microsoft.OpenApi.dll&apos;" date="2025-07-17T00:50:43.643" /><!-- duration: 0ms -->
          <step title="Copying file: &apos;publish\SQLitePCLRaw.batteries_v2.dll&apos;" date="2025-07-17T00:50:43.659" /><!-- duration: 0ms -->
          <step title="Copying file: &apos;publish\SQLitePCLRaw.core.dll&apos;" date="2025-07-17T00:50:43.674" /><!-- duration: 0ms -->
          <step title="Copying file: &apos;publish\SQLitePCLRaw.provider.e_sqlite3.dll&apos;" date="2025-07-17T00:50:43.690" /><!-- duration: 0ms -->
          <step title="Copying file: &apos;publish\Swashbuckle.AspNetCore.Swagger.dll&apos;" date="2025-07-17T00:50:43.706" /><!-- duration: 0ms -->
          <step title="Copying file: &apos;publish\Swashbuckle.AspNetCore.SwaggerGen.dll&apos;" date="2025-07-17T00:50:43.721" /><!-- duration: 0ms -->
          <step title="Copying file: &apos;publish\Swashbuckle.AspNetCore.SwaggerUI.dll&apos;" date="2025-07-17T00:50:43.737" /><!-- duration: 0ms -->
          <step title="Copying file: &apos;publish\System.IdentityModel.Tokens.Jwt.dll&apos;" date="2025-07-17T00:50:43.753" /><!-- duration: 0ms -->
          <step title="Copying file: &apos;publish\Whiteboard&apos;" date="2025-07-17T00:50:43.768" /><!-- duration: 0ms -->
          <step title="Copying file: &apos;publish\whiteboard.db&apos;" date="2025-07-17T00:50:43.784" /><!-- duration: 0ms -->
          <step title="Copying file: &apos;publish\Whiteboard.deps.json&apos;" date="2025-07-17T00:50:43.799" /><!-- duration: 0ms -->
          <step title="Copying file: &apos;publish\Whiteboard.dll&apos;" date="2025-07-17T00:50:43.815" /><!-- duration: 0ms -->
          <step title="Copying file: &apos;publish\Whiteboard.pdb&apos;" date="2025-07-17T00:50:43.831" /><!-- duration: 0ms -->
          <step title="Copying file: &apos;publish\Whiteboard.runtimeconfig.json&apos;" date="2025-07-17T00:50:43.846" /><!-- duration: 0ms -->
          <step title="Omitting next output lines..." date="2025-07-17T00:50:43.862" /><!-- duration: 0ms -->
          <step title="Finished successfully." date="2025-07-17T00:50:44.471" /><!-- duration: 16ms -->
        </step><!-- duration: 2000ms -->
        <step title="Running post deployment command(s)..." date="2025-07-17T00:50:44.534" /><!-- duration: 0ms -->
        <step title="Triggering recycle (preview mode disabled)." date="2025-07-17T00:50:44.596" /><!-- duration: 0ms -->
        <step title="Ignoring FS watcher based recycle request as this is a classic Windows app." date="2025-07-17T00:50:44.596" /><!-- duration: 16ms -->
        <step title="Deployment successful. DEPLOYMENTINFO: deploymentPath = ZipDeploy. Extract zip. , deployer = ZipDeploy, os = windows, sku = Free, siteName = Whiteboardv2-backend, siteHostName = whiteboardv2-backend-ckf7efgxbxbjg0ft.eastus-01.azurewebsites.net, deploymentStatus = Success" date="2025-07-17T00:50:44.659" /><!-- duration: 0ms -->
        <step title="Purge deployment items" date="2025-07-17T00:50:45.316" >
          <step title="Remove ff7c65e4a, Success, received at 7/16/2025 12:40:35 AM" date="2025-07-17T00:50:45.379" /><!-- duration: 16ms -->
        </step><!-- duration: 78ms -->
      </step><!-- duration: 3142ms -->
    </step><!-- duration: 3407ms -->
    <step title="Cleaning up temp files" date="2025-07-17T00:50:45.426" /><!-- duration: 16ms -->
    <step title="Skip function trigger and logicapp sync because function is not enabled." date="2025-07-17T00:50:45.441" /><!-- duration: 16ms -->
  </step><!-- duration: 4767ms -->
  <step title="LockFile &apos;C:\home\site\locks\deployments.lock&apos; released" date="2025-07-17T00:50:45.519" /><!-- duration: 0ms -->
  <step title="Deleting shutdown sentinel file" date="2025-07-17T00:50:45.519" SemaphoreCount="8" /><!-- duration: 16ms -->
</step><!-- duration: 4876ms -->
