<step title="BackgroundTrace" date="2025-07-17T17:55:28.528" instance="46bc5b" url="/api/zipdeploy" method="POST" >
  <step title="Updating shutdown sentinel last write time" date="2025-07-17T17:55:28.543" SemaphoreCount="7" /><!-- duration: 0ms -->
  <step title="LockFile &apos;C:\home\site\locks\deployments.lock&apos; acquired" date="2025-07-17T17:55:28.543" /><!-- duration: 16ms -->
  <step title="Creating temporary deployment" date="2025-07-17T17:55:28.559" /><!-- duration: 31ms -->
  <step title="Performing fetch based deployment" date="2025-07-17T17:55:28.606" >
    <step title="Fetching changes." date="2025-07-17T17:55:28.653" /><!-- duration: 16ms -->
    <step title="Starting LocalZipHandler" date="2025-07-17T17:55:28.668" /><!-- duration: 0ms -->
    <step title="Cleaning up temp folders from previous zip deployments and extracting pushed zip file C:\local\Temp\zipdeploy\utdjh5v0.zip (16.04 MB) to C:\local\Temp\zipdeploy\extracted" date="2025-07-17T17:55:28.715" /><!-- duration: 0ms -->
    <step title="Cleaning up temp folders from previous zip deployments and extracting pushed zip file C:\local\Temp\zipdeploy\utdjh5v0.zip (16.04 MB) to C:\local\Temp\zipdeploy\extracted" date="2025-07-17T17:55:28.715" >
      <step title="Renaming extractTargetDirectory(C:\local\Temp\zipdeploy\extracted) to tempDirectory(C:\local\Temp\zipdeploy\gg0iwboo.olc)" date="2025-07-17T17:55:28.715" /><!-- duration: 16ms -->
      <step title="Extracting 61 entries to C:\local\Temp\zipdeploy\extracted directory" date="2025-07-17T17:55:28.731" >
        <step title="Extracting to C:\local\Temp\zipdeploy\extracted\Swashbuckle.AspNetCore.Swagger.dll ..." date="2025-07-17T17:55:28.747" /><!-- duration: 0ms -->
        <step title="Extracting to C:\local\Temp\zipdeploy\extracted\Microsoft.Data.Sqlite.dll ..." date="2025-07-17T17:55:28.762" /><!-- duration: 0ms -->
        <step title="Extracting to C:\local\Temp\zipdeploy\extracted\Microsoft.AspNetCore.SignalR.Client.Core.dll ..." date="2025-07-17T17:55:28.778" /><!-- duration: 0ms -->
        <step title="Extracting to C:\local\Temp\zipdeploy\extracted\Microsoft.Extensions.DependencyInjection.Abstractions.dll ..." date="2025-07-17T17:55:28.778" /><!-- duration: 16ms -->
        <step title="Extracting to C:\local\Temp\zipdeploy\extracted\appsettings.Development.json ..." date="2025-07-17T17:55:28.793" /><!-- duration: 0ms -->
        <step title="Omitting extracting file traces ..." date="2025-07-17T17:55:28.809" /><!-- duration: 0ms -->
        <step title="Extracting to C:\local\Temp\zipdeploy\extracted\Microsoft.AspNetCore.Http.Connections.Client.dll ..." date="2025-07-17T17:55:29.247" /><!-- duration: 0ms -->
        <step title="Extracting to C:\local\Temp\zipdeploy\extracted\Microsoft.EntityFrameworkCore.Sqlite.dll ..." date="2025-07-17T17:55:29.262" /><!-- duration: 0ms -->
        <step title="Extracting to C:\local\Temp\zipdeploy\extracted\Microsoft.AspNetCore.Connections.Abstractions.dll ..." date="2025-07-17T17:55:29.278" /><!-- duration: 0ms -->
        <step title="Extracting to C:\local\Temp\zipdeploy\extracted\runtimes\win-arm\native\e_sqlite3.dll ..." date="2025-07-17T17:55:29.278" /><!-- duration: 31ms -->
        <step title="Extracting to C:\local\Temp\zipdeploy\extracted\runtimes\maccatalyst-x64\native\libe_sqlite3.dylib ..." date="2025-07-17T17:55:29.309" /><!-- duration: 31ms -->
      </step><!-- duration: 609ms -->
    </step><!-- duration: 625ms -->
    <step title="Before sending BuildRequestReceived status to /api/updatedeploystatus" date="2025-07-17T17:55:29.356" /><!-- duration: 0ms -->
    <step title="DeploymentManager.Deploy(id:61f7c7a8c90a45e99595b2d1d188fc9a)" date="2025-07-17T17:55:29.356" >
      <step title="Collecting changeset information" date="2025-07-17T17:55:29.372" /><!-- duration: 47ms -->
      <step title="Updating submodules" date="2025-07-17T17:55:29.418" >
        <step title="Updating submodules." date="2025-07-17T17:55:29.481" /><!-- duration: 0ms -->
      </step><!-- duration: 78ms -->
      <step title="Preparing deployment for commit id &apos;61f7c7a8c9&apos;." date="2025-07-17T17:55:29.559" /><!-- duration: 0ms -->
      <step title="Determining deployment builder" date="2025-07-17T17:55:29.622" >
        <step title="Builder is BasicBuilder" date="2025-07-17T17:55:29.622" /><!-- duration: 0ms -->
      </step><!-- duration: 0ms -->
      <step title="Copying SSH keys" date="2025-07-17T17:55:29.653" /><!-- duration: 0ms -->
      <step title="Building" date="2025-07-17T17:55:29.668" >
        <step title="Generating deployment script." date="2025-07-17T17:55:29.715" /><!-- duration: 0ms -->
        <step title="Generating deployment script" date="2025-07-17T17:55:29.731" >
          <step title="Using cached version of the deployment script for command: -y --no-dot-deployment -r &quot;C:\local\Temp\zipdeploy\extracted&quot; -o &quot;C:\home\site\deployments\tools&quot; --basic --sitePath &quot;C:\local\Temp\zipdeploy\extracted&quot;" date="2025-07-17T17:55:29.747" /><!-- duration: 0ms -->
          <step title="Using cached version of deployment script (command: &apos;azure -y --no-dot-deployment -r &quot;C:\local\Temp\zipdeploy\extracted&quot; -o &quot;C:\home\site\deployments\tools&quot; --basic --sitePath &quot;C:\local\Temp\zipdeploy\extracted&quot;&apos;)." date="2025-07-17T17:55:29.762" /><!-- duration: 0ms -->
        </step><!-- duration: 47ms -->
        <step title="Running deployment command..." date="2025-07-17T17:55:29.840" /><!-- duration: 0ms -->
        <step title="Command: &quot;C:\home\site\deployments\tools\deploy.cmd&quot;" date="2025-07-17T17:55:29.872" /><!-- duration: 0ms -->
        <step title="Executing external process" date="2025-07-17T17:55:29.872" type="process" path="starter.cmd" arguments="&quot;C:\home\site\deployments\tools\deploy.cmd&quot;" >
          <step title="Handling Basic Web Site deployment." date="2025-07-17T17:55:29.997" /><!-- duration: 0ms -->
          <step title="Creating app_offline.htm" date="2025-07-17T17:55:30.450" /><!-- duration: 16ms -->
          <step title="KuduSync.NET from: &apos;C:\local\Temp\zipdeploy\extracted&apos; to: &apos;C:\home\site\wwwroot&apos;" date="2025-07-17T17:55:30.465" /><!-- duration: 16ms -->
          <step title="Deleting file: &apos;e_sqlite3.dll&apos;" date="2025-07-17T17:55:30.497" /><!-- duration: 0ms -->
          <step title="Deleting file: &apos;Whiteboard.exe&apos;" date="2025-07-17T17:55:30.512" /><!-- duration: 16ms -->
          <step title="Copying file: &apos;appsettings.Development.json&apos;" date="2025-07-17T17:55:30.528" /><!-- duration: 16ms -->
          <step title="Copying file: &apos;appsettings.json&apos;" date="2025-07-17T17:55:30.543" /><!-- duration: 16ms -->
          <step title="Copying file: &apos;Microsoft.AspNetCore.Authentication.JwtBearer.dll&apos;" date="2025-07-17T17:55:30.559" /><!-- duration: 16ms -->
          <step title="Copying file: &apos;Microsoft.AspNetCore.Connections.Abstractions.dll&apos;" date="2025-07-17T17:55:30.575" /><!-- duration: 16ms -->
          <step title="Copying file: &apos;Microsoft.AspNetCore.Http.Connections.Client.dll&apos;" date="2025-07-17T17:55:30.606" /><!-- duration: 0ms -->
          <step title="Copying file: &apos;Microsoft.AspNetCore.Http.Connections.Common.dll&apos;" date="2025-07-17T17:55:30.622" /><!-- duration: 0ms -->
          <step title="Copying file: &apos;Microsoft.AspNetCore.SignalR.Client.Core.dll&apos;" date="2025-07-17T17:55:30.637" /><!-- duration: 0ms -->
          <step title="Copying file: &apos;Microsoft.AspNetCore.SignalR.Client.dll&apos;" date="2025-07-17T17:55:30.653" /><!-- duration: 0ms -->
          <step title="Copying file: &apos;Microsoft.AspNetCore.SignalR.Common.dll&apos;" date="2025-07-17T17:55:30.668" /><!-- duration: 0ms -->
          <step title="Copying file: &apos;Microsoft.AspNetCore.SignalR.Protocols.Json.dll&apos;" date="2025-07-17T17:55:30.684" /><!-- duration: 0ms -->
          <step title="Copying file: &apos;Microsoft.Data.Sqlite.dll&apos;" date="2025-07-17T17:55:30.700" /><!-- duration: 0ms -->
          <step title="Copying file: &apos;Microsoft.EntityFrameworkCore.Abstractions.dll&apos;" date="2025-07-17T17:55:30.715" /><!-- duration: 0ms -->
          <step title="Copying file: &apos;Microsoft.EntityFrameworkCore.dll&apos;" date="2025-07-17T17:55:30.731" /><!-- duration: 0ms -->
          <step title="Copying file: &apos;Microsoft.EntityFrameworkCore.Relational.dll&apos;" date="2025-07-17T17:55:30.747" /><!-- duration: 0ms -->
          <step title="Copying file: &apos;Microsoft.EntityFrameworkCore.Sqlite.dll&apos;" date="2025-07-17T17:55:30.903" /><!-- duration: 0ms -->
          <step title="Copying file: &apos;Microsoft.Extensions.DependencyInjection.Abstractions.dll&apos;" date="2025-07-17T17:55:30.918" /><!-- duration: 0ms -->
          <step title="Copying file: &apos;Microsoft.Extensions.DependencyModel.dll&apos;" date="2025-07-17T17:55:30.934" /><!-- duration: 0ms -->
          <step title="Copying file: &apos;Microsoft.Extensions.Features.dll&apos;" date="2025-07-17T17:55:30.965" /><!-- duration: 0ms -->
          <step title="Copying file: &apos;Microsoft.Extensions.Logging.Abstractions.dll&apos;" date="2025-07-17T17:55:30.981" /><!-- duration: 0ms -->
          <step title="Copying file: &apos;Microsoft.Extensions.Options.dll&apos;" date="2025-07-17T17:55:30.997" /><!-- duration: 0ms -->
          <step title="Copying file: &apos;Microsoft.IdentityModel.Abstractions.dll&apos;" date="2025-07-17T17:55:31.012" /><!-- duration: 0ms -->
          <step title="Copying file: &apos;Microsoft.IdentityModel.JsonWebTokens.dll&apos;" date="2025-07-17T17:55:31.028" /><!-- duration: 0ms -->
          <step title="Copying file: &apos;Microsoft.IdentityModel.Logging.dll&apos;" date="2025-07-17T17:55:31.043" /><!-- duration: 16ms -->
          <step title="Copying file: &apos;Microsoft.IdentityModel.Protocols.dll&apos;" date="2025-07-17T17:55:31.075" /><!-- duration: 16ms -->
          <step title="Copying file: &apos;Microsoft.IdentityModel.Protocols.OpenIdConnect.dll&apos;" date="2025-07-17T17:55:31.090" /><!-- duration: 16ms -->
          <step title="Copying file: &apos;Microsoft.IdentityModel.Tokens.dll&apos;" date="2025-07-17T17:55:31.122" /><!-- duration: 0ms -->
          <step title="Copying file: &apos;Microsoft.OpenApi.dll&apos;" date="2025-07-17T17:55:31.168" /><!-- duration: 16ms -->
          <step title="Copying file: &apos;SQLitePCLRaw.batteries_v2.dll&apos;" date="2025-07-17T17:55:31.200" /><!-- duration: 16ms -->
          <step title="Copying file: &apos;SQLitePCLRaw.core.dll&apos;" date="2025-07-17T17:55:31.215" /><!-- duration: 16ms -->
          <step title="Copying file: &apos;SQLitePCLRaw.provider.e_sqlite3.dll&apos;" date="2025-07-17T17:55:31.231" /><!-- duration: 16ms -->
          <step title="Copying file: &apos;Swashbuckle.AspNetCore.Swagger.dll&apos;" date="2025-07-17T17:55:31.247" /><!-- duration: 16ms -->
          <step title="Copying file: &apos;Swashbuckle.AspNetCore.SwaggerGen.dll&apos;" date="2025-07-17T17:55:31.262" /><!-- duration: 16ms -->
          <step title="Copying file: &apos;Swashbuckle.AspNetCore.SwaggerUI.dll&apos;" date="2025-07-17T17:55:31.278" /><!-- duration: 16ms -->
          <step title="Copying file: &apos;System.IdentityModel.Tokens.Jwt.dll&apos;" date="2025-07-17T17:55:31.309" /><!-- duration: 0ms -->
          <step title="Copying file: &apos;Whiteboard&apos;" date="2025-07-17T17:55:31.325" /><!-- duration: 0ms -->
          <step title="Copying file: &apos;whiteboard.db&apos;" date="2025-07-17T17:55:31.356" /><!-- duration: 0ms -->
          <step title="Copying file: &apos;Whiteboard.deps.json&apos;" date="2025-07-17T17:55:31.372" /><!-- duration: 0ms -->
          <step title="Copying file: &apos;Whiteboard.dll&apos;" date="2025-07-17T17:55:31.387" /><!-- duration: 0ms -->
          <step title="Copying file: &apos;Whiteboard.pdb&apos;" date="2025-07-17T17:55:31.403" /><!-- duration: 0ms -->
          <step title="Copying file: &apos;Whiteboard.runtimeconfig.json&apos;" date="2025-07-17T17:55:31.418" /><!-- duration: 0ms -->
          <step title="Copying file: &apos;runtimes\browser-wasm\nativeassets\net8.0\e_sqlite3.a&apos;" date="2025-07-17T17:55:31.434" /><!-- duration: 0ms -->
          <step title="Copying file: &apos;runtimes\linux-arm\native\libe_sqlite3.so&apos;" date="2025-07-17T17:55:31.450" /><!-- duration: 0ms -->
          <step title="Copying file: &apos;runtimes\linux-arm64\native\libe_sqlite3.so&apos;" date="2025-07-17T17:55:31.465" /><!-- duration: 0ms -->
          <step title="Copying file: &apos;runtimes\linux-armel\native\libe_sqlite3.so&apos;" date="2025-07-17T17:55:31.481" /><!-- duration: 0ms -->
          <step title="Copying file: &apos;runtimes\linux-mips64\native\libe_sqlite3.so&apos;" date="2025-07-17T17:55:31.497" /><!-- duration: 0ms -->
          <step title="Copying file: &apos;runtimes\linux-musl-arm\native\libe_sqlite3.so&apos;" date="2025-07-17T17:55:31.512" /><!-- duration: 16ms -->
          <step title="Omitting next output lines..." date="2025-07-17T17:55:31.528" /><!-- duration: 16ms -->
          <step title="Finished successfully." date="2025-07-17T17:55:45.486" /><!-- duration: 16ms -->
        </step><!-- duration: 15630ms -->
        <step title="Running post deployment command(s)..." date="2025-07-17T17:55:45.564" /><!-- duration: 0ms -->
        <step title="Triggering recycle (preview mode disabled)." date="2025-07-17T17:55:45.611" /><!-- duration: 0ms -->
        <step title="Ignoring FS watcher based recycle request as this is a classic Windows app." date="2025-07-17T17:55:45.627" /><!-- duration: 0ms -->
        <step title="Deployment successful. DEPLOYMENTINFO: deploymentPath = ZipDeploy. Extract zip. , deployer = ms-azuretools-vscode, os = windows, sku = Free, siteName = Whiteboardv2-backend, siteHostName = whiteboardv2-backend-ckf7efgxbxbjg0ft.eastus-01.azurewebsites.net, deploymentStatus = Success" date="2025-07-17T17:55:45.690" /><!-- duration: 0ms -->
        <step title="Purge deployment items" date="2025-07-17T17:55:45.831" >
          <step title="Remove de5f4c133, Success, received at 7/16/2025 1:08:07 AM" date="2025-07-17T17:55:45.925" /><!-- duration: 0ms -->
        </step><!-- duration: 109ms -->
      </step><!-- duration: 16287ms -->
    </step><!-- duration: 16616ms -->
    <step title="Cleaning up temp files" date="2025-07-17T17:55:45.972" /><!-- duration: 16ms -->
    <step title="Skip function trigger and logicapp sync because function is not enabled." date="2025-07-17T17:55:45.987" /><!-- duration: 16ms -->
  </step><!-- duration: 17412ms -->
  <step title="LockFile &apos;C:\home\site\locks\deployments.lock&apos; released" date="2025-07-17T17:55:46.034" /><!-- duration: 0ms -->
  <step title="Deleting shutdown sentinel file" date="2025-07-17T17:55:46.050" SemaphoreCount="8" /><!-- duration: 0ms -->
</step><!-- duration: 17522ms -->
