<step title="Incoming Request" date="2025-07-17T00:52:30.756" instance="46bc5b" url="/api/zipdeploy?author=ms-azuretools-vscode&amp;deployer=ms-azuretools-vscode&amp;isAsync=true&amp;trackDeploymentId=true" method="POST" type="request" pid="10440,2,41" Transfer-Encoding="chunked" Accept-Encoding="gzip,deflate" Accept-Language="en" Authorization="Bea..." Host="whiteboardv2-backend-ckf7efgxbxbjg0ft.scm.eastus-01.azurewebsites.net" User-Agent="vscode-azureappservice/0.26.2 core-rest-pipeline/1.20.0 Node/22.15.1 OS/(arm64-Darwin-24.5.0)" x-ms-correlation-request-id="54e9b186-0bf6-499f-92b9-465e24e648ea" x-ms-client-request-id="d0be09d3-ce54-46a2-91fa-18073ed021ea" X-ARR-LOG-ID="d0be09d3-ce54-46a2-91fa-18073ed021ea" CLIENT-IP="67.2.17.107:58479" X-SITE-DEPLOYMENT-ID="Whiteboardv2-backend" WAS-DEFAULT-HOSTNAME="whiteboardv2-backend-ckf7efgxbxbjg0ft.scm.eastus-01.azurewebsites.net" X-Forwarded-Proto="https" X-AppService-Proto="https" X-Forwarded-TlsVersion="1.3" X-WAWS-Unencoded-URL="/api/zipdeploy?author=ms-azuretools-vscode&amp;deployer=ms-azuretools-vscode&amp;isAsync=true&amp;trackDeploymentId=true" >
  <step title="Cleanup Xml Logs" date="2025-07-17T00:52:30.756" /><!-- duration: 16ms -->
  <step title="ZipPushDeploy" date="2025-07-17T00:52:30.772" >
    <step title="ZipDeploy. Extract zip. " date="2025-07-17T00:52:30.787" /><!-- duration: 0ms -->
    <step title="Starting PushDeployAsync" date="2025-07-17T00:52:30.787" /><!-- duration: 16ms -->
    <step title="Updating shutdown sentinel last write time" date="2025-07-17T00:52:30.818" SemaphoreCount="7" /><!-- duration: 0ms -->
    <step title="LockFile &apos;C:\home\site\locks\deployments.lock&apos; acquired" date="2025-07-17T00:52:30.865" /><!-- duration: 0ms -->
    <step title="Saving request content to C:\local\Temp\zipdeploy\jh3wrv5v.zip" date="2025-07-17T00:52:30.865" >
      <step title="Total 16,829,006 bytes written to C:\local\Temp\zipdeploy\jh3wrv5v.zip" date="2025-07-17T00:52:37.141" /><!-- duration: 0ms -->
    </step><!-- duration: 6291ms -->
    <step title="LockFile &apos;C:\home\site\locks\deployments.lock&apos; released" date="2025-07-17T00:52:37.156" /><!-- duration: 16ms -->
    <step title="Deleting shutdown sentinel file" date="2025-07-17T00:52:37.172" SemaphoreCount="8" /><!-- duration: 0ms -->
    <step title="Starting FetchDeploy" date="2025-07-17T00:52:37.187" /><!-- duration: 0ms -->
    <step title="Start deployment in the background" date="2025-07-17T00:52:37.187" /><!-- duration: 78ms -->
  </step><!-- duration: 6510ms -->
  <step title="Outgoing response" date="2025-07-17T00:52:37.281" type="response" statusCode="202" statusText="Accepted" Server="Microsoft-IIS/10.0" x-ms-request-id="d0be09d3-ce54-46a2-91fa-18073ed021ea" Retry-After="30" Cache-Control="private" X-AspNet-Version="4.0.30319" Location="https://whiteboardv2-backend-ckf7efgxbxbjg0ft.scm.eastus-01.azurewebsites.net/api/deployments/latest?deployer=ms-azuretools-vscode&amp;time=2025-07-17_00-52-37Z" /><!-- duration: 0ms -->
</step><!-- duration: 6541ms -->
