<step title="BackgroundTrace" date="2025-07-17T18:19:01.596" instance="46bc5b" url="/api/zipdeploy" method="POST" >
  <step title="Updating shutdown sentinel last write time" date="2025-07-17T18:19:01.611" SemaphoreCount="7" /><!-- duration: 0ms -->
  <step title="LockFile &apos;C:\home\site\locks\deployments.lock&apos; acquired" date="2025-07-17T18:19:01.611" /><!-- duration: 16ms -->
  <step title="Creating temporary deployment" date="2025-07-17T18:19:01.627" /><!-- duration: 47ms -->
  <step title="Performing fetch based deployment" date="2025-07-17T18:19:01.674" >
    <step title="Fetching changes." date="2025-07-17T18:19:01.752" /><!-- duration: 31ms -->
    <step title="Starting LocalZipHandler" date="2025-07-17T18:19:01.799" /><!-- duration: 0ms -->
    <step title="Cleaning up temp folders from previous zip deployments and extracting pushed zip file C:\local\Temp\zipdeploy\fpvzla4d.zip (16.04 MB) to C:\local\Temp\zipdeploy\extracted" date="2025-07-17T18:19:01.846" /><!-- duration: 0ms -->
    <step title="Cleaning up temp folders from previous zip deployments and extracting pushed zip file C:\local\Temp\zipdeploy\fpvzla4d.zip (16.04 MB) to C:\local\Temp\zipdeploy\extracted" date="2025-07-17T18:19:01.846" >
      <step title="Renaming extractTargetDirectory(C:\local\Temp\zipdeploy\extracted) to tempDirectory(C:\local\Temp\zipdeploy\34razhvl.kd4)" date="2025-07-17T18:19:01.861" /><!-- duration: 0ms -->
      <step title="Extracting 61 entries to C:\local\Temp\zipdeploy\extracted directory" date="2025-07-17T18:19:01.877" >
        <step title="Extracting to C:\local\Temp\zipdeploy\extracted\Swashbuckle.AspNetCore.Swagger.dll ..." date="2025-07-17T18:19:01.877" /><!-- duration: 0ms -->
        <step title="Extracting to C:\local\Temp\zipdeploy\extracted\Microsoft.Data.Sqlite.dll ..." date="2025-07-17T18:19:01.893" /><!-- duration: 0ms -->
        <step title="Extracting to C:\local\Temp\zipdeploy\extracted\Microsoft.AspNetCore.SignalR.Client.Core.dll ..." date="2025-07-17T18:19:01.908" /><!-- duration: 16ms -->
        <step title="Extracting to C:\local\Temp\zipdeploy\extracted\Microsoft.Extensions.DependencyInjection.Abstractions.dll ..." date="2025-07-17T18:19:01.924" /><!-- duration: 0ms -->
        <step title="Extracting to C:\local\Temp\zipdeploy\extracted\appsettings.Development.json ..." date="2025-07-17T18:19:01.940" /><!-- duration: 0ms -->
        <step title="Omitting extracting file traces ..." date="2025-07-17T18:19:01.940" /><!-- duration: 16ms -->
        <step title="Extracting to C:\local\Temp\zipdeploy\extracted\Microsoft.EntityFrameworkCore.dll ..." date="2025-07-17T18:19:02.408" /><!-- duration: 31ms -->
        <step title="Extracting to C:\local\Temp\zipdeploy\extracted\Microsoft.IdentityModel.Logging.dll ..." date="2025-07-17T18:19:02.440" /><!-- duration: 0ms -->
        <step title="Extracting to C:\local\Temp\zipdeploy\extracted\Microsoft.AspNetCore.Http.Connections.Client.dll ..." date="2025-07-17T18:19:02.455" /><!-- duration: 0ms -->
        <step title="Extracting to C:\local\Temp\zipdeploy\extracted\Microsoft.EntityFrameworkCore.Sqlite.dll ..." date="2025-07-17T18:19:02.471" /><!-- duration: 16ms -->
        <step title="Extracting to C:\local\Temp\zipdeploy\extracted\Microsoft.AspNetCore.Connections.Abstractions.dll ..." date="2025-07-17T18:19:02.486" /><!-- duration: 0ms -->
      </step><!-- duration: 625ms -->
    </step><!-- duration: 656ms -->
    <step title="Before sending BuildRequestReceived status to /api/updatedeploystatus" date="2025-07-17T18:19:02.502" /><!-- duration: 16ms -->
    <step title="DeploymentManager.Deploy(id:5224c5d6cc704c258dc957572e447140)" date="2025-07-17T18:19:02.518" >
      <step title="Collecting changeset information" date="2025-07-17T18:19:02.533" /><!-- duration: 47ms -->
      <step title="Updating submodules" date="2025-07-17T18:19:02.580" >
        <step title="Updating submodules." date="2025-07-17T18:19:02.643" /><!-- duration: 16ms -->
      </step><!-- duration: 78ms -->
      <step title="Preparing deployment for commit id &apos;5224c5d6cc&apos;." date="2025-07-17T18:19:02.721" /><!-- duration: 0ms -->
      <step title="Determining deployment builder" date="2025-07-17T18:19:02.768" >
        <step title="Builder is BasicBuilder" date="2025-07-17T18:19:02.783" /><!-- duration: 0ms -->
      </step><!-- duration: 16ms -->
      <step title="Copying SSH keys" date="2025-07-17T18:19:02.830" /><!-- duration: 16ms -->
      <step title="Building" date="2025-07-17T18:19:02.846" >
        <step title="Generating deployment script." date="2025-07-17T18:19:02.908" /><!-- duration: 16ms -->
        <step title="Generating deployment script" date="2025-07-17T18:19:02.924" >
          <step title="Using cached version of the deployment script for command: -y --no-dot-deployment -r &quot;C:\local\Temp\zipdeploy\extracted&quot; -o &quot;C:\home\site\deployments\tools&quot; --basic --sitePath &quot;C:\local\Temp\zipdeploy\extracted&quot;" date="2025-07-17T18:19:02.971" /><!-- duration: 0ms -->
          <step title="Using cached version of deployment script (command: &apos;azure -y --no-dot-deployment -r &quot;C:\local\Temp\zipdeploy\extracted&quot; -o &quot;C:\home\site\deployments\tools&quot; --basic --sitePath &quot;C:\local\Temp\zipdeploy\extracted&quot;&apos;)." date="2025-07-17T18:19:02.986" /><!-- duration: 16ms -->
        </step><!-- duration: 94ms -->
        <step title="Running deployment command..." date="2025-07-17T18:19:03.065" /><!-- duration: 16ms -->
        <step title="Command: &quot;C:\home\site\deployments\tools\deploy.cmd&quot;" date="2025-07-17T18:19:03.144" /><!-- duration: 16ms -->
        <step title="Executing external process" date="2025-07-17T18:19:03.160" type="process" path="starter.cmd" arguments="&quot;C:\home\site\deployments\tools\deploy.cmd&quot;" >
          <step title="Handling Basic Web Site deployment." date="2025-07-17T18:19:03.300" /><!-- duration: 0ms -->
          <step title="Creating app_offline.htm" date="2025-07-17T18:19:03.566" /><!-- duration: 0ms -->
          <step title="KuduSync.NET from: &apos;C:\local\Temp\zipdeploy\extracted&apos; to: &apos;C:\home\site\wwwroot&apos;" date="2025-07-17T18:19:03.582" /><!-- duration: 16ms -->
          <step title="Copying file: &apos;whiteboard.db&apos;" date="2025-07-17T18:19:03.597" /><!-- duration: 16ms -->
          <step title="Deleting app_offline.htm" date="2025-07-17T18:19:03.613" /><!-- duration: 16ms -->
          <step title="Finished successfully." date="2025-07-17T18:19:03.628" /><!-- duration: 16ms -->
        </step><!-- duration: 484ms -->
        <step title="Running post deployment command(s)..." date="2025-07-17T18:19:03.691" /><!-- duration: 0ms -->
        <step title="Triggering recycle (preview mode disabled)." date="2025-07-17T18:19:03.753" /><!-- duration: 0ms -->
        <step title="Ignoring FS watcher based recycle request as this is a classic Windows app." date="2025-07-17T18:19:03.769" /><!-- duration: 0ms -->
        <step title="Deployment successful. DEPLOYMENTINFO: deploymentPath = ZipDeploy. Extract zip. , deployer = ms-azuretools-vscode, os = windows, sku = Free, siteName = Whiteboardv2-backend, siteHostName = whiteboardv2-backend-ckf7efgxbxbjg0ft.eastus-01.azurewebsites.net, deploymentStatus = Success" date="2025-07-17T18:19:03.832" /><!-- duration: 0ms -->
        <step title="Purge deployment items" date="2025-07-17T18:19:03.925" >
          <step title="Remove 738a71f5c, Success, received at 7/16/2025 1:14:16 AM" date="2025-07-17T18:19:04.003" /><!-- duration: 0ms -->
        </step><!-- duration: 109ms -->
      </step><!-- duration: 1220ms -->
    </step><!-- duration: 1564ms -->
    <step title="Cleaning up temp files" date="2025-07-17T18:19:04.082" /><!-- duration: 0ms -->
    <step title="Skip function trigger and logicapp sync because function is not enabled." date="2025-07-17T18:19:04.097" /><!-- duration: 0ms -->
  </step><!-- duration: 2455ms -->
  <step title="LockFile &apos;C:\home\site\locks\deployments.lock&apos; released" date="2025-07-17T18:19:04.129" /><!-- duration: 0ms -->
  <step title="Deleting shutdown sentinel file" date="2025-07-17T18:19:04.145" SemaphoreCount="8" /><!-- duration: 0ms -->
</step><!-- duration: 2564ms -->
