<step title="Incoming Request" date="2025-07-16T02:56:07.808" instance="46bc5b" url="/api/zipdeploy?author=ms-azuretools-vscode&amp;deployer=ms-azuretools-vscode&amp;isAsync=true&amp;trackDeploymentId=true" method="POST" type="request" pid="2824,2,10" Transfer-Encoding="chunked" Accept-Encoding="gzip,deflate" Accept-Language="en" Authorization="Bea..." Host="whiteboardv2-backend-ckf7efgxbxbjg0ft.scm.eastus-01.azurewebsites.net" User-Agent="vscode-azureappservice/0.26.2 core-rest-pipeline/1.20.0 Node/22.15.1 OS/(arm64-Darwin-24.5.0)" x-ms-correlation-request-id="dfa10d6d-401d-4e5f-be8e-c69535b0d1d8" x-ms-client-request-id="f1d65fc9-b38b-402c-910b-d93cecd74648" X-ARR-LOG-ID="f1d65fc9-b38b-402c-910b-d93cecd74648" CLIENT-IP="67.2.17.107:52686" X-SITE-DEPLOYMENT-ID="Whiteboardv2-backend" WAS-DEFAULT-HOSTNAME="whiteboardv2-backend-ckf7efgxbxbjg0ft.scm.eastus-01.azurewebsites.net" X-Forwarded-Proto="https" X-AppService-Proto="https" X-Forwarded-TlsVersion="1.3" X-WAWS-Unencoded-URL="/api/zipdeploy?author=ms-azuretools-vscode&amp;deployer=ms-azuretools-vscode&amp;isAsync=true&amp;trackDeploymentId=true" >
  <step title="ZipPushDeploy" date="2025-07-16T02:56:07.917" >
    <step title="ZipDeploy. Extract zip. " date="2025-07-16T02:56:07.933" /><!-- duration: 16ms -->
    <step title="Starting PushDeployAsync" date="2025-07-16T02:56:07.948" /><!-- duration: 0ms -->
    <step title="Updating shutdown sentinel last write time" date="2025-07-16T02:56:07.964" SemaphoreCount="7" /><!-- duration: 16ms -->
    <step title="LockFile &apos;C:\home\site\locks\deployments.lock&apos; acquired" date="2025-07-16T02:56:07.980" /><!-- duration: 16ms -->
    <step title="Saving request content to C:\local\Temp\zipdeploy\noaxdpzn.zip" date="2025-07-16T02:56:07.995" >
      <step title="Total 16,829,006 bytes written to C:\local\Temp\zipdeploy\noaxdpzn.zip" date="2025-07-16T02:56:16.371" /><!-- duration: 0ms -->
    </step><!-- duration: 8392ms -->
    <step title="LockFile &apos;C:\home\site\locks\deployments.lock&apos; released" date="2025-07-16T02:56:16.387" /><!-- duration: 0ms -->
    <step title="Deleting shutdown sentinel file" date="2025-07-16T02:56:16.403" SemaphoreCount="8" /><!-- duration: 0ms -->
    <step title="Starting FetchDeploy" date="2025-07-16T02:56:16.418" /><!-- duration: 0ms -->
    <step title="Start deployment in the background" date="2025-07-16T02:56:16.418" /><!-- duration: 78ms -->
  </step><!-- duration: 8595ms -->
  <step title="Outgoing response" date="2025-07-16T02:56:16.528" type="response" statusCode="202" statusText="Accepted" Server="Microsoft-IIS/10.0" x-ms-request-id="f1d65fc9-b38b-402c-910b-d93cecd74648" Retry-After="30" Cache-Control="private" X-AspNet-Version="4.0.30319" Location="https://whiteboardv2-backend-ckf7efgxbxbjg0ft.scm.eastus-01.azurewebsites.net/api/deployments/latest?deployer=ms-azuretools-vscode&amp;time=2025-07-16_02-56-16Z" /><!-- duration: 16ms -->
</step><!-- duration: 8736ms -->
