<step title="BackgroundTrace" date="2025-07-16T03:15:59.946" instance="46bc5b" url="/api/zipdeploy" method="POST" >
  <step title="Updating shutdown sentinel last write time" date="2025-07-16T03:15:59.962" SemaphoreCount="7" /><!-- duration: 0ms -->
  <step title="LockFile &apos;C:\home\site\locks\deployments.lock&apos; acquired" date="2025-07-16T03:15:59.978" /><!-- duration: 0ms -->
  <step title="Creating temporary deployment" date="2025-07-16T03:15:59.978" /><!-- duration: 31ms -->
  <step title="Performing fetch based deployment" date="2025-07-16T03:16:00.025" >
    <step title="Fetching changes." date="2025-07-16T03:16:00.071" /><!-- duration: 16ms -->
    <step title="Starting LocalZipHandler" date="2025-07-16T03:16:00.087" /><!-- duration: 16ms -->
    <step title="Cleaning up temp folders from previous zip deployments and extracting pushed zip file C:\local\Temp\zipdeploy\d3igvaor.zip (16.05 MB) to C:\local\Temp\zipdeploy\extracted" date="2025-07-16T03:16:00.118" /><!-- duration: 16ms -->
    <step title="Cleaning up temp folders from previous zip deployments and extracting pushed zip file C:\local\Temp\zipdeploy\d3igvaor.zip (16.05 MB) to C:\local\Temp\zipdeploy\extracted" date="2025-07-16T03:16:00.134" >
      <step title="Renaming extractTargetDirectory(C:\local\Temp\zipdeploy\extracted) to tempDirectory(C:\local\Temp\zipdeploy\x4mesyeb.we4)" date="2025-07-16T03:16:00.134" /><!-- duration: 16ms -->
      <step title="Extracting 61 entries to C:\local\Temp\zipdeploy\extracted directory" date="2025-07-16T03:16:00.150" >
        <step title="Extracting to C:\local\Temp\zipdeploy\extracted\Swashbuckle.AspNetCore.Swagger.dll ..." date="2025-07-16T03:16:00.150" /><!-- duration: 16ms -->
        <step title="Extracting to C:\local\Temp\zipdeploy\extracted\Microsoft.Data.Sqlite.dll ..." date="2025-07-16T03:16:00.165" /><!-- duration: 16ms -->
        <step title="Extracting to C:\local\Temp\zipdeploy\extracted\Microsoft.AspNetCore.SignalR.Client.Core.dll ..." date="2025-07-16T03:16:00.196" /><!-- duration: 0ms -->
        <step title="Extracting to C:\local\Temp\zipdeploy\extracted\Microsoft.Extensions.DependencyInjection.Abstractions.dll ..." date="2025-07-16T03:16:00.196" /><!-- duration: 16ms -->
        <step title="Extracting to C:\local\Temp\zipdeploy\extracted\appsettings.Development.json ..." date="2025-07-16T03:16:00.212" /><!-- duration: 0ms -->
        <step title="Omitting extracting file traces ..." date="2025-07-16T03:16:00.228" /><!-- duration: 0ms -->
        <step title="Extracting to C:\local\Temp\zipdeploy\extracted\Microsoft.EntityFrameworkCore.dll ..." date="2025-07-16T03:16:00.681" /><!-- duration: 31ms -->
        <step title="Extracting to C:\local\Temp\zipdeploy\extracted\Microsoft.IdentityModel.Logging.dll ..." date="2025-07-16T03:16:00.712" /><!-- duration: 0ms -->
        <step title="Extracting to C:\local\Temp\zipdeploy\extracted\Microsoft.AspNetCore.Http.Connections.Client.dll ..." date="2025-07-16T03:16:00.728" /><!-- duration: 0ms -->
        <step title="Extracting to C:\local\Temp\zipdeploy\extracted\Microsoft.EntityFrameworkCore.Sqlite.dll ..." date="2025-07-16T03:16:00.743" /><!-- duration: 0ms -->
        <step title="Extracting to C:\local\Temp\zipdeploy\extracted\Microsoft.AspNetCore.Connections.Abstractions.dll ..." date="2025-07-16T03:16:00.759" /><!-- duration: 0ms -->
      </step><!-- duration: 609ms -->
    </step><!-- duration: 641ms -->
    <step title="Before sending BuildRequestReceived status to /api/updatedeploystatus" date="2025-07-16T03:16:00.775" /><!-- duration: 0ms -->
    <step title="DeploymentManager.Deploy(id:204b215b45e8413b919f7d3cf5347f94)" date="2025-07-16T03:16:00.775" >
      <step title="Collecting changeset information" date="2025-07-16T03:16:00.790" /><!-- duration: 47ms -->
      <step title="Updating submodules" date="2025-07-16T03:16:00.837" >
        <step title="Updating submodules." date="2025-07-16T03:16:00.884" /><!-- duration: 0ms -->
      </step><!-- duration: 47ms -->
      <step title="Preparing deployment for commit id &apos;204b215b45&apos;." date="2025-07-16T03:16:00.931" /><!-- duration: 0ms -->
      <step title="Determining deployment builder" date="2025-07-16T03:16:00.978" >
        <step title="Builder is BasicBuilder" date="2025-07-16T03:16:00.978" /><!-- duration: 0ms -->
      </step><!-- duration: 16ms -->
      <step title="Copying SSH keys" date="2025-07-16T03:16:01.009" /><!-- duration: 0ms -->
      <step title="Building" date="2025-07-16T03:16:01.025" >
        <step title="Generating deployment script." date="2025-07-16T03:16:01.071" /><!-- duration: 0ms -->
        <step title="Generating deployment script" date="2025-07-16T03:16:01.071" >
          <step title="Using cached version of the deployment script for command: -y --no-dot-deployment -r &quot;C:\local\Temp\zipdeploy\extracted&quot; -o &quot;C:\home\site\deployments\tools&quot; --basic --sitePath &quot;C:\local\Temp\zipdeploy\extracted&quot;" date="2025-07-16T03:16:01.087" /><!-- duration: 0ms -->
          <step title="Using cached version of deployment script (command: &apos;azure -y --no-dot-deployment -r &quot;C:\local\Temp\zipdeploy\extracted&quot; -o &quot;C:\home\site\deployments\tools&quot; --basic --sitePath &quot;C:\local\Temp\zipdeploy\extracted&quot;&apos;)." date="2025-07-16T03:16:01.103" /><!-- duration: 0ms -->
        </step><!-- duration: 47ms -->
        <step title="Running deployment command..." date="2025-07-16T03:16:01.416" /><!-- duration: 16ms -->
        <step title="Command: &quot;C:\home\site\deployments\tools\deploy.cmd&quot;" date="2025-07-16T03:16:01.447" /><!-- duration: 0ms -->
        <step title="Executing external process" date="2025-07-16T03:16:01.463" type="process" path="starter.cmd" arguments="&quot;C:\home\site\deployments\tools\deploy.cmd&quot;" >
          <step title="Handling Basic Web Site deployment." date="2025-07-16T03:16:01.572" /><!-- duration: 0ms -->
          <step title="Creating app_offline.htm" date="2025-07-16T03:16:01.838" /><!-- duration: 0ms -->
          <step title="KuduSync.NET from: &apos;C:\local\Temp\zipdeploy\extracted&apos; to: &apos;C:\home\site\wwwroot&apos;" date="2025-07-16T03:16:01.854" /><!-- duration: 0ms -->
          <step title="Copying file: &apos;whiteboard.db&apos;" date="2025-07-16T03:16:01.869" /><!-- duration: 0ms -->
          <step title="Deleting app_offline.htm" date="2025-07-16T03:16:01.869" /><!-- duration: 16ms -->
          <step title="Finished successfully." date="2025-07-16T03:16:01.885" /><!-- duration: 16ms -->
        </step><!-- duration: 438ms -->
        <step title="Running post deployment command(s)..." date="2025-07-16T03:16:01.947" /><!-- duration: 0ms -->
        <step title="Triggering recycle (preview mode disabled)." date="2025-07-16T03:16:02.025" /><!-- duration: 16ms -->
        <step title="Ignoring FS watcher based recycle request as this is a classic Windows app." date="2025-07-16T03:16:02.041" /><!-- duration: 0ms -->
        <step title="Deployment successful. DEPLOYMENTINFO: deploymentPath = ZipDeploy. Extract zip. , deployer = ms-azuretools-vscode, os = windows, sku = Free, siteName = Whiteboardv2-backend, siteHostName = whiteboardv2-backend-ckf7efgxbxbjg0ft.eastus-01.azurewebsites.net, deploymentStatus = Success" date="2025-07-16T03:16:02.104" /><!-- duration: 0ms -->
        <step title="Purge deployment items" date="2025-07-16T03:16:02.182" >
          <step title="Remove 86a622182, Success, received at 7/16/2025 12:32:52 AM" date="2025-07-16T03:16:02.244" /><!-- duration: 0ms -->
        </step><!-- duration: 78ms -->
      </step><!-- duration: 1251ms -->
    </step><!-- duration: 1517ms -->
    <step title="Cleaning up temp files" date="2025-07-16T03:16:02.291" /><!-- duration: 0ms -->
    <step title="Skip function trigger and logicapp sync because function is not enabled." date="2025-07-16T03:16:02.307" /><!-- duration: 0ms -->
  </step><!-- duration: 2298ms -->
  <step title="LockFile &apos;C:\home\site\locks\deployments.lock&apos; released" date="2025-07-16T03:16:02.338" /><!-- duration: 0ms -->
  <step title="Deleting shutdown sentinel file" date="2025-07-16T03:16:02.354" SemaphoreCount="8" /><!-- duration: 0ms -->
</step><!-- duration: 2407ms -->
