<step title="BackgroundTrace" date="2025-07-16T02:56:16.434" instance="46bc5b" url="/api/zipdeploy" method="POST" >
  <step title="Updating shutdown sentinel last write time" date="2025-07-16T02:56:16.450" SemaphoreCount="7" /><!-- duration: 0ms -->
  <step title="LockFile &apos;C:\home\site\locks\deployments.lock&apos; acquired" date="2025-07-16T02:56:16.450" /><!-- duration: 0ms -->
  <step title="Creating temporary deployment" date="2025-07-16T02:56:16.465" /><!-- duration: 31ms -->
  <step title="Performing fetch based deployment" date="2025-07-16T02:56:16.496" >
    <step title="Fetching changes." date="2025-07-16T02:56:16.559" /><!-- duration: 16ms -->
    <step title="Starting LocalZipHandler" date="2025-07-16T02:56:16.575" /><!-- duration: 16ms -->
    <step title="Cleaning up temp folders from previous zip deployments and extracting pushed zip file C:\local\Temp\zipdeploy\noaxdpzn.zip (16.05 MB) to C:\local\Temp\zipdeploy\extracted" date="2025-07-16T02:56:16.621" /><!-- duration: 0ms -->
    <step title="Cleaning up temp folders from previous zip deployments and extracting pushed zip file C:\local\Temp\zipdeploy\noaxdpzn.zip (16.05 MB) to C:\local\Temp\zipdeploy\extracted" date="2025-07-16T02:56:16.621" >
      <step title="Renaming extractTargetDirectory(C:\local\Temp\zipdeploy\extracted) to tempDirectory(C:\local\Temp\zipdeploy\jncqnyby.mys)" date="2025-07-16T02:56:16.637" /><!-- duration: 0ms -->
      <step title="Extracting 61 entries to C:\local\Temp\zipdeploy\extracted directory" date="2025-07-16T02:56:16.637" >
        <step title="Extracting to C:\local\Temp\zipdeploy\extracted\Swashbuckle.AspNetCore.Swagger.dll ..." date="2025-07-16T02:56:16.653" /><!-- duration: 0ms -->
        <step title="Extracting to C:\local\Temp\zipdeploy\extracted\Microsoft.Data.Sqlite.dll ..." date="2025-07-16T02:56:16.653" /><!-- duration: 16ms -->
        <step title="Extracting to C:\local\Temp\zipdeploy\extracted\Microsoft.AspNetCore.SignalR.Client.Core.dll ..." date="2025-07-16T02:56:16.668" /><!-- duration: 16ms -->
        <step title="Extracting to C:\local\Temp\zipdeploy\extracted\Microsoft.Extensions.DependencyInjection.Abstractions.dll ..." date="2025-07-16T02:56:16.684" /><!-- duration: 0ms -->
        <step title="Extracting to C:\local\Temp\zipdeploy\extracted\appsettings.Development.json ..." date="2025-07-16T02:56:16.700" /><!-- duration: 0ms -->
        <step title="Omitting extracting file traces ..." date="2025-07-16T02:56:16.700" /><!-- duration: 16ms -->
        <step title="Extracting to C:\local\Temp\zipdeploy\extracted\Microsoft.IdentityModel.Logging.dll ..." date="2025-07-16T02:56:17.184" /><!-- duration: 0ms -->
        <step title="Extracting to C:\local\Temp\zipdeploy\extracted\Microsoft.AspNetCore.Http.Connections.Client.dll ..." date="2025-07-16T02:56:17.200" /><!-- duration: 0ms -->
        <step title="Extracting to C:\local\Temp\zipdeploy\extracted\Microsoft.EntityFrameworkCore.Sqlite.dll ..." date="2025-07-16T02:56:17.200" /><!-- duration: 16ms -->
        <step title="Extracting to C:\local\Temp\zipdeploy\extracted\Microsoft.AspNetCore.Connections.Abstractions.dll ..." date="2025-07-16T02:56:17.215" /><!-- duration: 16ms -->
        <step title="Extracting to C:\local\Temp\zipdeploy\extracted\runtimes\maccatalyst-x64\native\libe_sqlite3.dylib ..." date="2025-07-16T02:56:17.231" /><!-- duration: 16ms -->
      </step><!-- duration: 625ms -->
    </step><!-- duration: 641ms -->
    <step title="Before sending BuildRequestReceived status to /api/updatedeploystatus" date="2025-07-16T02:56:17.262" /><!-- duration: 16ms -->
    <step title="DeploymentManager.Deploy(id:79ec8597694944d59a1d29c091715f7d)" date="2025-07-16T02:56:17.278" >
      <step title="Collecting changeset information" date="2025-07-16T02:56:17.293" /><!-- duration: 31ms -->
      <step title="Updating submodules" date="2025-07-16T02:56:17.340" >
        <step title="Updating submodules." date="2025-07-16T02:56:17.371" /><!-- duration: 16ms -->
      </step><!-- duration: 47ms -->
      <step title="Preparing deployment for commit id &apos;79ec859769&apos;." date="2025-07-16T02:56:17.434" /><!-- duration: 0ms -->
      <step title="Determining deployment builder" date="2025-07-16T02:56:17.465" >
        <step title="Builder is BasicBuilder" date="2025-07-16T02:56:17.481" /><!-- duration: 0ms -->
      </step><!-- duration: 16ms -->
      <step title="Copying SSH keys" date="2025-07-16T02:56:17.512" /><!-- duration: 0ms -->
      <step title="Building" date="2025-07-16T02:56:17.512" >
        <step title="Generating deployment script." date="2025-07-16T02:56:17.559" /><!-- duration: 16ms -->
        <step title="Generating deployment script" date="2025-07-16T02:56:17.575" >
          <step title="Using cached version of the deployment script for command: -y --no-dot-deployment -r &quot;C:\local\Temp\zipdeploy\extracted&quot; -o &quot;C:\home\site\deployments\tools&quot; --basic --sitePath &quot;C:\local\Temp\zipdeploy\extracted&quot;" date="2025-07-16T02:56:17.590" /><!-- duration: 16ms -->
          <step title="Using cached version of deployment script (command: &apos;azure -y --no-dot-deployment -r &quot;C:\local\Temp\zipdeploy\extracted&quot; -o &quot;C:\home\site\deployments\tools&quot; --basic --sitePath &quot;C:\local\Temp\zipdeploy\extracted&quot;&apos;)." date="2025-07-16T02:56:17.606" /><!-- duration: 0ms -->
        </step><!-- duration: 47ms -->
        <step title="Running deployment command..." date="2025-07-16T02:56:17.668" /><!-- duration: 0ms -->
        <step title="Command: &quot;C:\home\site\deployments\tools\deploy.cmd&quot;" date="2025-07-16T02:56:17.684" /><!-- duration: 0ms -->
        <step title="Executing external process" date="2025-07-16T02:56:17.700" type="process" path="starter.cmd" arguments="&quot;C:\home\site\deployments\tools\deploy.cmd&quot;" >
          <step title="Handling Basic Web Site deployment." date="2025-07-16T02:56:17.825" /><!-- duration: 0ms -->
          <step title="Creating app_offline.htm" date="2025-07-16T02:56:20.520" /><!-- duration: 0ms -->
          <step title="KuduSync.NET from: &apos;C:\local\Temp\zipdeploy\extracted&apos; to: &apos;C:\home\site\wwwroot&apos;" date="2025-07-16T02:56:20.520" /><!-- duration: 16ms -->
          <step title="Copying file: &apos;appsettings.Development.json&apos;" date="2025-07-16T02:56:20.535" /><!-- duration: 16ms -->
          <step title="Copying file: &apos;appsettings.json&apos;" date="2025-07-16T02:56:20.551" /><!-- duration: 16ms -->
          <step title="Copying file: &apos;Whiteboard&apos;" date="2025-07-16T02:56:20.566" /><!-- duration: 0ms -->
          <step title="Copying file: &apos;whiteboard.db&apos;" date="2025-07-16T02:56:20.582" /><!-- duration: 0ms -->
          <step title="Copying file: &apos;Whiteboard.deps.json&apos;" date="2025-07-16T02:56:20.598" /><!-- duration: 16ms -->
          <step title="Copying file: &apos;Whiteboard.dll&apos;" date="2025-07-16T02:56:20.613" /><!-- duration: 0ms -->
          <step title="Copying file: &apos;Whiteboard.pdb&apos;" date="2025-07-16T02:56:20.629" /><!-- duration: 0ms -->
          <step title="Copying file: &apos;Whiteboard.runtimeconfig.json&apos;" date="2025-07-16T02:56:20.645" /><!-- duration: 0ms -->
          <step title="Deleting app_offline.htm" date="2025-07-16T02:56:20.660" /><!-- duration: 0ms -->
          <step title="Finished successfully." date="2025-07-16T02:56:20.676" /><!-- duration: 0ms -->
        </step><!-- duration: 2976ms -->
        <step title="Running post deployment command(s)..." date="2025-07-16T02:56:20.723" /><!-- duration: 0ms -->
        <step title="Triggering recycle (preview mode disabled)." date="2025-07-16T02:56:20.770" /><!-- duration: 0ms -->
        <step title="Ignoring FS watcher based recycle request as this is a classic Windows app." date="2025-07-16T02:56:20.785" /><!-- duration: 0ms -->
        <step title="Deployment successful. DEPLOYMENTINFO: deploymentPath = ZipDeploy. Extract zip. , deployer = ms-azuretools-vscode, os = windows, sku = Free, siteName = Whiteboardv2-backend, siteHostName = whiteboardv2-backend-ckf7efgxbxbjg0ft.eastus-01.azurewebsites.net, deploymentStatus = Success" date="2025-07-16T02:56:20.832" /><!-- duration: 16ms -->
        <step title="Purge deployment items" date="2025-07-16T02:56:20.926" >
          <step title="Remove 5158e0f8d, Success, received at 7/16/2025 12:28:12 AM" date="2025-07-16T02:56:21.004" /><!-- duration: 0ms -->
        </step><!-- duration: 78ms -->
      </step><!-- duration: 3523ms -->
    </step><!-- duration: 3773ms -->
    <step title="Cleaning up temp files" date="2025-07-16T02:56:21.051" /><!-- duration: 0ms -->
    <step title="Skip function trigger and logicapp sync because function is not enabled." date="2025-07-16T02:56:21.066" /><!-- duration: 0ms -->
  </step><!-- duration: 4601ms -->
  <step title="LockFile &apos;C:\home\site\locks\deployments.lock&apos; released" date="2025-07-16T02:56:21.114" /><!-- duration: 0ms -->
  <step title="Deleting shutdown sentinel file" date="2025-07-16T02:56:21.130" SemaphoreCount="8" /><!-- duration: 16ms -->
</step><!-- duration: 4711ms -->
