<step title="Incoming Request" date="2025-07-17T17:48:18.585" instance="46bc5b" url="/api/zipdeploy?author=ms-azuretools-vscode&amp;deployer=ms-azuretools-vscode&amp;isAsync=true&amp;trackDeploymentId=true" method="POST" type="request" pid="12148,2,14" Transfer-Encoding="chunked" Accept-Encoding="gzip,deflate" Accept-Language="en" Authorization="Bea..." Host="whiteboardv2-backend-ckf7efgxbxbjg0ft.scm.eastus-01.azurewebsites.net" User-Agent="vscode-azureappservice/0.26.2 core-rest-pipeline/1.20.0 Node/22.15.1 OS/(arm64-Darwin-24.5.0)" x-ms-correlation-request-id="d25c62ee-6c2a-4831-972a-c02ad7e65d6d" x-ms-client-request-id="1b2bfabf-0270-4cdf-8a82-f2175b096d3a" X-ARR-LOG-ID="1b2bfabf-0270-4cdf-8a82-f2175b096d3a" CLIENT-IP="192.74.128.132:16084" X-SITE-DEPLOYMENT-ID="Whiteboardv2-backend" WAS-DEFAULT-HOSTNAME="whiteboardv2-backend-ckf7efgxbxbjg0ft.scm.eastus-01.azurewebsites.net" X-Forwarded-Proto="https" X-AppService-Proto="https" X-Forwarded-TlsVersion="1.3" X-WAWS-Unencoded-URL="/api/zipdeploy?author=ms-azuretools-vscode&amp;deployer=ms-azuretools-vscode&amp;isAsync=true&amp;trackDeploymentId=true" >
  <step title="Cleanup Xml Logs" date="2025-07-17T17:48:18.585" /><!-- duration: 16ms -->
  <step title="ZipPushDeploy" date="2025-07-17T17:48:18.617" >
    <step title="ZipDeploy. Extract zip. " date="2025-07-17T17:48:18.617" /><!-- duration: 0ms -->
    <step title="Starting PushDeployAsync" date="2025-07-17T17:48:18.632" /><!-- duration: 0ms -->
    <step title="Updating shutdown sentinel last write time" date="2025-07-17T17:48:18.679" SemaphoreCount="7" /><!-- duration: 0ms -->
    <step title="LockFile &apos;C:\home\site\locks\deployments.lock&apos; acquired" date="2025-07-17T17:48:18.695" /><!-- duration: 0ms -->
    <step title="Saving request content to C:\local\Temp\zipdeploy\ppbm0lzc.zip" date="2025-07-17T17:48:18.710" >
      <step title="Total 4,879,633 bytes written to C:\local\Temp\zipdeploy\ppbm0lzc.zip" date="2025-07-17T17:48:18.726" /><!-- duration: 0ms -->
    </step><!-- duration: 31ms -->
    <step title="LockFile &apos;C:\home\site\locks\deployments.lock&apos; released" date="2025-07-17T17:48:18.742" /><!-- duration: 0ms -->
    <step title="Deleting shutdown sentinel file" date="2025-07-17T17:48:18.757" SemaphoreCount="8" /><!-- duration: 0ms -->
    <step title="Starting FetchDeploy" date="2025-07-17T17:48:18.773" /><!-- duration: 0ms -->
    <step title="Start deployment in the background" date="2025-07-17T17:48:18.788" /><!-- duration: 78ms -->
  </step><!-- duration: 266ms -->
  <step title="Outgoing response" date="2025-07-17T17:48:18.882" type="response" statusCode="202" statusText="Accepted" Server="Microsoft-IIS/10.0" x-ms-request-id="1b2bfabf-0270-4cdf-8a82-f2175b096d3a" Retry-After="30" Cache-Control="private" X-AspNet-Version="4.0.30319" Location="https://whiteboardv2-backend-ckf7efgxbxbjg0ft.scm.eastus-01.azurewebsites.net/api/deployments/latest?deployer=ms-azuretools-vscode&amp;time=2025-07-17_17-48-18Z" /><!-- duration: 16ms -->
</step><!-- duration: 313ms -->
