<step title="BackgroundTrace" date="2025-07-16T00:44:39.528" instance="46bc5b" url="/api/zipdeploy" method="POST" >
  <step title="Updating shutdown sentinel last write time" date="2025-07-16T00:44:39.544" SemaphoreCount="7" /><!-- duration: 0ms -->
  <step title="LockFile &apos;C:\home\site\locks\deployments.lock&apos; acquired" date="2025-07-16T00:44:39.560" /><!-- duration: 0ms -->
  <step title="Creating temporary deployment" date="2025-07-16T00:44:39.560" /><!-- duration: 31ms -->
  <step title="Performing fetch based deployment" date="2025-07-16T00:44:39.591" >
    <step title="Fetching changes." date="2025-07-16T00:44:39.669" /><!-- duration: 16ms -->
    <step title="Starting LocalZipHandler" date="2025-07-16T00:44:39.685" /><!-- duration: 0ms -->
    <step title="Cleaning up temp folders from previous zip deployments and extracting pushed zip file C:\local\Temp\zipdeploy\pdo3ns44.zip (17.62 MB) to C:\local\Temp\zipdeploy\extracted" date="2025-07-16T00:44:39.716" /><!-- duration: 16ms -->
    <step title="Cleaning up temp folders from previous zip deployments and extracting pushed zip file C:\local\Temp\zipdeploy\pdo3ns44.zip (17.62 MB) to C:\local\Temp\zipdeploy\extracted" date="2025-07-16T00:44:39.732" >
      <step title="Renaming extractTargetDirectory(C:\local\Temp\zipdeploy\extracted) to tempDirectory(C:\local\Temp\zipdeploy\rmh30r0g.rhh)" date="2025-07-16T00:44:39.747" /><!-- duration: 0ms -->
      <step title="Extracting 78 entries to C:\local\Temp\zipdeploy\extracted directory" date="2025-07-16T00:44:39.747" >
        <step title="Extracting to C:\local\Temp\zipdeploy\extracted\Swashbuckle.AspNetCore.Swagger.dll ..." date="2025-07-16T00:44:39.763" /><!-- duration: 0ms -->
        <step title="Extracting to C:\local\Temp\zipdeploy\extracted\Whiteboard.exe ..." date="2025-07-16T00:44:39.763" /><!-- duration: 16ms -->
        <step title="Extracting to C:\local\Temp\zipdeploy\extracted\Microsoft.Data.Sqlite.dll ..." date="2025-07-16T00:44:39.778" /><!-- duration: 0ms -->
        <step title="Extracting to C:\local\Temp\zipdeploy\extracted\Microsoft.AspNetCore.SignalR.Client.Core.dll ..." date="2025-07-16T00:44:39.794" /><!-- duration: 0ms -->
        <step title="Extracting to C:\local\Temp\zipdeploy\extracted\libe_sqlite3.so ..." date="2025-07-16T00:44:39.810" /><!-- duration: 16ms -->
        <step title="Omitting extracting file traces ..." date="2025-07-16T00:44:39.825" /><!-- duration: 16ms -->
        <step title="Extracting to C:\local\Temp\zipdeploy\extracted\runtimes\linux-arm64\native\libe_sqlite3.so ..." date="2025-07-16T00:44:40.294" /><!-- duration: 16ms -->
        <step title="Extracting to C:\local\Temp\zipdeploy\extracted\Microsoft.Extensions.Logging.Abstractions.dll ..." date="2025-07-16T00:44:40.325" /><!-- duration: 0ms -->
        <step title="Extracting to C:\local\Temp\zipdeploy\extracted\runtimes\browser-wasm\nativeassets\net8.0\e_sqlite3.a ..." date="2025-07-16T00:44:40.325" /><!-- duration: 31ms -->
        <step title="Extracting to C:\local\Temp\zipdeploy\extracted\runtimes\maccatalyst-x64\native\libe_sqlite3.dylib ..." date="2025-07-16T00:44:40.357" /><!-- duration: 16ms -->
        <step title="Extracting to C:\local\Temp\zipdeploy\extracted\runtimes\win-arm\native\e_sqlite3.dll ..." date="2025-07-16T00:44:40.388" /><!-- duration: 31ms -->
      </step><!-- duration: 688ms -->
    </step><!-- duration: 703ms -->
    <step title="Before sending BuildRequestReceived status to /api/updatedeploystatus" date="2025-07-16T00:44:40.435" /><!-- duration: 16ms -->
    <step title="DeploymentManager.Deploy(id:6ff1cb1a02af4365a1aa7b4da3a78576)" date="2025-07-16T00:44:40.450" >
      <step title="Collecting changeset information" date="2025-07-16T00:44:40.466" /><!-- duration: 31ms -->
      <step title="Updating submodules" date="2025-07-16T00:44:40.497" >
        <step title="Updating submodules." date="2025-07-16T00:44:40.544" /><!-- duration: 0ms -->
      </step><!-- duration: 63ms -->
      <step title="Preparing deployment for commit id &apos;6ff1cb1a02&apos;." date="2025-07-16T00:44:40.591" /><!-- duration: 16ms -->
      <step title="Determining deployment builder" date="2025-07-16T00:44:40.638" >
        <step title="Builder is BasicBuilder" date="2025-07-16T00:44:40.653" /><!-- duration: 0ms -->
      </step><!-- duration: 16ms -->
      <step title="Copying SSH keys" date="2025-07-16T00:44:40.669" /><!-- duration: 16ms -->
      <step title="Building" date="2025-07-16T00:44:40.685" >
        <step title="Generating deployment script." date="2025-07-16T00:44:40.732" /><!-- duration: 0ms -->
        <step title="Generating deployment script" date="2025-07-16T00:44:40.747" >
          <step title="Using cached version of the deployment script for command: -y --no-dot-deployment -r &quot;C:\local\Temp\zipdeploy\extracted&quot; -o &quot;C:\home\site\deployments\tools&quot; --basic --sitePath &quot;C:\local\Temp\zipdeploy\extracted&quot;" date="2025-07-16T00:44:40.763" /><!-- duration: 0ms -->
          <step title="Using cached version of deployment script (command: &apos;azure -y --no-dot-deployment -r &quot;C:\local\Temp\zipdeploy\extracted&quot; -o &quot;C:\home\site\deployments\tools&quot; --basic --sitePath &quot;C:\local\Temp\zipdeploy\extracted&quot;&apos;)." date="2025-07-16T00:44:40.778" /><!-- duration: 0ms -->
        </step><!-- duration: 31ms -->
        <step title="Running deployment command..." date="2025-07-16T00:44:41.075" /><!-- duration: 16ms -->
        <step title="Command: &quot;C:\home\site\deployments\tools\deploy.cmd&quot;" date="2025-07-16T00:44:41.107" /><!-- duration: 16ms -->
        <step title="Executing external process" date="2025-07-16T00:44:41.122" type="process" path="starter.cmd" arguments="&quot;C:\home\site\deployments\tools\deploy.cmd&quot;" >
          <step title="Handling Basic Web Site deployment." date="2025-07-16T00:44:41.232" /><!-- duration: 0ms -->
          <step title="Creating app_offline.htm" date="2025-07-16T00:44:41.497" /><!-- duration: 16ms -->
          <step title="KuduSync.NET from: &apos;C:\local\Temp\zipdeploy\extracted&apos; to: &apos;C:\home\site\wwwroot&apos;" date="2025-07-16T00:44:41.528" /><!-- duration: 0ms -->
          <step title="Copying file: &apos;appsettings.Development.json&apos;" date="2025-07-16T00:44:41.544" /><!-- duration: 0ms -->
          <step title="Copying file: &apos;appsettings.json&apos;" date="2025-07-16T00:44:41.560" /><!-- duration: 0ms -->
          <step title="Copying file: &apos;whiteboard.db&apos;" date="2025-07-16T00:44:41.575" /><!-- duration: 16ms -->
          <step title="Copying file: &apos;Whiteboard.deps.json&apos;" date="2025-07-16T00:44:41.607" /><!-- duration: 0ms -->
          <step title="Copying file: &apos;Whiteboard.dll&apos;" date="2025-07-16T00:44:41.622" /><!-- duration: 0ms -->
          <step title="Copying file: &apos;Whiteboard.exe&apos;" date="2025-07-16T00:44:41.638" /><!-- duration: 0ms -->
          <step title="Copying file: &apos;Whiteboard.pdb&apos;" date="2025-07-16T00:44:41.653" /><!-- duration: 16ms -->
          <step title="Copying file: &apos;Whiteboard.runtimeconfig.json&apos;" date="2025-07-16T00:44:41.669" /><!-- duration: 16ms -->
          <step title="Deleting file: &apos;publish\runtimes\browser-wasm\nativeassets\net8.0\e_sqlite3.a&apos;" date="2025-07-16T00:44:41.700" /><!-- duration: 0ms -->
          <step title="Deleting directory: &apos;publish\runtimes\browser-wasm\nativeassets\net8.0&apos;" date="2025-07-16T00:44:41.716" /><!-- duration: 0ms -->
          <step title="Deleting directory: &apos;publish\runtimes\browser-wasm\nativeassets&apos;" date="2025-07-16T00:44:41.732" /><!-- duration: 0ms -->
          <step title="Deleting directory: &apos;publish\runtimes\browser-wasm&apos;" date="2025-07-16T00:44:41.747" /><!-- duration: 16ms -->
          <step title="Deleting file: &apos;publish\runtimes\linux-arm\native\libe_sqlite3.so&apos;" date="2025-07-16T00:44:41.763" /><!-- duration: 16ms -->
          <step title="Deleting directory: &apos;publish\runtimes\linux-arm\native&apos;" date="2025-07-16T00:44:41.794" /><!-- duration: 0ms -->
          <step title="Deleting directory: &apos;publish\runtimes\linux-arm&apos;" date="2025-07-16T00:44:41.810" /><!-- duration: 16ms -->
          <step title="Deleting file: &apos;publish\runtimes\linux-arm64\native\libe_sqlite3.so&apos;" date="2025-07-16T00:44:41.825" /><!-- duration: 16ms -->
          <step title="Deleting directory: &apos;publish\runtimes\linux-arm64\native&apos;" date="2025-07-16T00:44:41.857" /><!-- duration: 0ms -->
          <step title="Deleting directory: &apos;publish\runtimes\linux-arm64&apos;" date="2025-07-16T00:44:41.872" /><!-- duration: 0ms -->
          <step title="Deleting file: &apos;publish\runtimes\linux-armel\native\libe_sqlite3.so&apos;" date="2025-07-16T00:44:41.888" /><!-- duration: 0ms -->
          <step title="Deleting directory: &apos;publish\runtimes\linux-armel\native&apos;" date="2025-07-16T00:44:41.903" /><!-- duration: 16ms -->
          <step title="Deleting directory: &apos;publish\runtimes\linux-armel&apos;" date="2025-07-16T00:44:41.935" /><!-- duration: 0ms -->
          <step title="Deleting file: &apos;publish\runtimes\linux-mips64\native\libe_sqlite3.so&apos;" date="2025-07-16T00:44:41.950" /><!-- duration: 0ms -->
          <step title="Deleting directory: &apos;publish\runtimes\linux-mips64\native&apos;" date="2025-07-16T00:44:41.966" /><!-- duration: 0ms -->
          <step title="Deleting directory: &apos;publish\runtimes\linux-mips64&apos;" date="2025-07-16T00:44:41.982" /><!-- duration: 16ms -->
          <step title="Deleting file: &apos;publish\runtimes\linux-musl-arm\native\libe_sqlite3.so&apos;" date="2025-07-16T00:44:41.997" /><!-- duration: 16ms -->
          <step title="Deleting directory: &apos;publish\runtimes\linux-musl-arm\native&apos;" date="2025-07-16T00:44:42.028" /><!-- duration: 0ms -->
          <step title="Deleting directory: &apos;publish\runtimes\linux-musl-arm&apos;" date="2025-07-16T00:44:42.044" /><!-- duration: 0ms -->
          <step title="Deleting file: &apos;publish\runtimes\linux-musl-arm64\native\libe_sqlite3.so&apos;" date="2025-07-16T00:44:42.060" /><!-- duration: 16ms -->
          <step title="Deleting directory: &apos;publish\runtimes\linux-musl-arm64\native&apos;" date="2025-07-16T00:44:42.075" /><!-- duration: 47ms -->
          <step title="Deleting directory: &apos;publish\runtimes\linux-musl-arm64&apos;" date="2025-07-16T00:44:42.138" /><!-- duration: 16ms -->
          <step title="Deleting file: &apos;publish\runtimes\linux-musl-x64\native\libe_sqlite3.so&apos;" date="2025-07-16T00:44:42.153" /><!-- duration: 16ms -->
          <step title="Deleting directory: &apos;publish\runtimes\linux-musl-x64\native&apos;" date="2025-07-16T00:44:42.185" /><!-- duration: 0ms -->
          <step title="Deleting directory: &apos;publish\runtimes\linux-musl-x64&apos;" date="2025-07-16T00:44:42.200" /><!-- duration: 0ms -->
          <step title="Deleting file: &apos;publish\runtimes\linux-ppc64le\native\libe_sqlite3.so&apos;" date="2025-07-16T00:44:42.216" /><!-- duration: 16ms -->
          <step title="Deleting directory: &apos;publish\runtimes\linux-ppc64le\native&apos;" date="2025-07-16T00:44:42.247" /><!-- duration: 0ms -->
          <step title="Deleting directory: &apos;publish\runtimes\linux-ppc64le&apos;" date="2025-07-16T00:44:42.263" /><!-- duration: 0ms -->
          <step title="Deleting file: &apos;publish\runtimes\linux-s390x\native\libe_sqlite3.so&apos;" date="2025-07-16T00:44:42.278" /><!-- duration: 0ms -->
          <step title="Deleting directory: &apos;publish\runtimes\linux-s390x\native&apos;" date="2025-07-16T00:44:42.294" /><!-- duration: 0ms -->
          <step title="Deleting directory: &apos;publish\runtimes\linux-s390x&apos;" date="2025-07-16T00:44:42.310" /><!-- duration: 16ms -->
          <step title="Deleting file: &apos;publish\runtimes\linux-x64\native\libe_sqlite3.so&apos;" date="2025-07-16T00:44:42.325" /><!-- duration: 16ms -->
          <step title="Deleting directory: &apos;publish\runtimes\linux-x64\native&apos;" date="2025-07-16T00:44:42.372" /><!-- duration: 10551ms -->
          <step title="Deleting directory: &apos;publish\runtimes\linux-x64&apos;" date="2025-07-16T00:44:52.939" /><!-- duration: 0ms -->
          <step title="Deleting file: &apos;publish\runtimes\linux-x86\native\libe_sqlite3.so&apos;" date="2025-07-16T00:44:52.970" /><!-- duration: 0ms -->
          <step title="Deleting directory: &apos;publish\runtimes\linux-x86\native&apos;" date="2025-07-16T00:44:52.986" /><!-- duration: 0ms -->
          <step title="Deleting directory: &apos;publish\runtimes\linux-x86&apos;" date="2025-07-16T00:44:53.033" /><!-- duration: 0ms -->
          <step title="Deleting file: &apos;publish\runtimes\maccatalyst-arm64\native\libe_sqlite3.dylib&apos;" date="2025-07-16T00:44:53.048" /><!-- duration: 0ms -->
          <step title="Deleting directory: &apos;publish\runtimes\maccatalyst-arm64\native&apos;" date="2025-07-16T00:44:53.048" /><!-- duration: 16ms -->
          <step title="Deleting directory: &apos;publish\runtimes\maccatalyst-arm64&apos;" date="2025-07-16T00:44:53.080" /><!-- duration: 31ms -->
          <step title="Omitting next output lines..." date="2025-07-16T00:44:53.111" /><!-- duration: 16ms -->
          <step title="Finished successfully." date="2025-07-16T00:44:53.127" /><!-- duration: 16ms -->
        </step><!-- duration: 12020ms -->
        <step title="Running post deployment command(s)..." date="2025-07-16T00:44:53.205" /><!-- duration: 0ms -->
        <step title="Triggering recycle (preview mode disabled)." date="2025-07-16T00:44:53.252" /><!-- duration: 31ms -->
        <step title="Ignoring FS watcher based recycle request as this is a classic Windows app." date="2025-07-16T00:44:53.298" /><!-- duration: 16ms -->
        <step title="Deployment successful. DEPLOYMENTINFO: deploymentPath = ZipDeploy. Extract zip. , deployer = ms-azuretools-vscode, os = windows, sku = Free, siteName = Whiteboardv2-backend, siteHostName = whiteboardv2-backend-ckf7efgxbxbjg0ft.eastus-01.azurewebsites.net, deploymentStatus = Success" date="2025-07-16T00:44:53.345" /><!-- duration: 16ms -->
        <step title="Purge deployment items" date="2025-07-16T00:44:53.455" >
          <step title="Remove ce00f0be5, Success, received at 7/15/2025 8:21:42 PM" date="2025-07-16T00:44:53.548" /><!-- duration: 16ms -->
        </step><!-- duration: 109ms -->
      </step><!-- duration: 12911ms -->
    </step><!-- duration: 13161ms -->
    <step title="Cleaning up temp files" date="2025-07-16T00:44:53.611" /><!-- duration: 0ms -->
    <step title="Skip function trigger and logicapp sync because function is not enabled." date="2025-07-16T00:44:53.627" /><!-- duration: 16ms -->
  </step><!-- duration: 14067ms -->
  <step title="LockFile &apos;C:\home\site\locks\deployments.lock&apos; released" date="2025-07-16T00:44:53.689" /><!-- duration: 16ms -->
  <step title="Deleting shutdown sentinel file" date="2025-07-16T00:44:53.705" SemaphoreCount="8" /><!-- duration: 16ms -->
</step><!-- duration: 14223ms -->
