<step title="Incoming Request" date="2025-07-13T04:32:41.057" instance="46bc5b" url="/api/publish?type=zip" method="POST" type="request" pid="10984,2,29" Cache-Control="no-cache" Content-Length="16299745" Content-Type="application/octet-stream" Accept="*/*" Accept-Encoding="gzip, deflate" Authorization="Bas..." Host="whiteboardv2-backend-ckf7efgxbxbjg0ft.scm.eastus-01.azurewebsites.net" User-Agent="AZURECLI/2.73.0 (HOMEBREW)" x-ms-client-request-id="66ef1ae6-5fa2-11f0-b560-7a5b12043ae0" X-ARR-LOG-ID="66ef1ae6-5fa2-11f0-b560-7a5b12043ae0" CLIENT-IP="67.2.17.107:57767" X-SITE-DEPLOYMENT-ID="Whiteboardv2-backend" WAS-DEFAULT-HOSTNAME="whiteboardv2-backend-ckf7efgxbxbjg0ft.scm.eastus-01.azurewebsites.net" X-Forwarded-Proto="https" X-AppService-Proto="https" X-Forwarded-TlsVersion="1.3" X-WAWS-Unencoded-URL="/api/publish?type=zip" >
  <step title="Cleanup Xml Logs" date="2025-07-13T04:32:41.057" /><!-- duration: 16ms -->
  <step title="OneDeploy" date="2025-07-13T04:32:41.166" >
    <step title="Starting PushDeployAsync" date="2025-07-13T04:32:41.182" /><!-- duration: 0ms -->
    <step title="Updating shutdown sentinel last write time" date="2025-07-13T04:32:41.197" SemaphoreCount="7" /><!-- duration: 0ms -->
    <step title="LockFile &apos;C:\home\site\locks\deployments.lock&apos; acquired" date="2025-07-13T04:32:41.213" /><!-- duration: 16ms -->
    <step title="Saving request content to C:\local\Temp\zipdeploy\4h1siy3d.zip" date="2025-07-13T04:32:41.229" >
      <step title="Total 16,299,745 bytes written to C:\local\Temp\zipdeploy\4h1siy3d.zip" date="2025-07-13T04:32:46.072" /><!-- duration: 16ms -->
    </step><!-- duration: 4859ms -->
    <step title="LockFile &apos;C:\home\site\locks\deployments.lock&apos; released" date="2025-07-13T04:32:46.104" /><!-- duration: 0ms -->
    <step title="Deleting shutdown sentinel file" date="2025-07-13T04:32:46.119" SemaphoreCount="8" /><!-- duration: 0ms -->
    <step title="Starting FetchDeploy" date="2025-07-13T04:32:46.119" /><!-- duration: 16ms -->
    <step title="Attempting to fetch target branch HEAD" date="2025-07-13T04:32:46.135" /><!-- duration: 0ms -->
    <step title="Updating shutdown sentinel last write time" date="2025-07-13T04:32:46.151" SemaphoreCount="7" /><!-- duration: 0ms -->
    <step title="LockFile &apos;C:\home\site\locks\deployments.lock&apos; acquired" date="2025-07-13T04:32:46.166" /><!-- duration: 0ms -->
    <step title="Performing fetch based deployment" date="2025-07-13T04:32:46.166" >
      <step title="Creating temporary deployment" date="2025-07-13T04:32:46.182" /><!-- duration: 16ms -->
      <step title="Fetching changes." date="2025-07-13T04:32:46.244" /><!-- duration: 0ms -->
      <step title="Starting LocalZipHandler" date="2025-07-13T04:32:46.260" /><!-- duration: 0ms -->
      <step title="Starting LocalZipFetch" date="2025-07-13T04:32:46.276" /><!-- duration: 0ms -->
      <step title="Cleaning up temp folders from previous zip deployments and extracting pushed zip file C:\local\Temp\zipdeploy\4h1siy3d.zip (15.54 MB) to C:\local\Temp\zipdeploy\extracted" date="2025-07-13T04:32:46.291" /><!-- duration: 0ms -->
      <step title="Cleaning up temp folders from previous zip deployments and extracting pushed zip file C:\local\Temp\zipdeploy\4h1siy3d.zip (15.54 MB) to C:\local\Temp\zipdeploy\extracted" date="2025-07-13T04:32:46.307" >
        <step title="Renaming extractTargetDirectory(C:\local\Temp\zipdeploy\extracted) to tempDirectory(C:\local\Temp\zipdeploy\epgbuk3a.kiu)" date="2025-07-13T04:32:46.307" /><!-- duration: 0ms -->
        <step title="Extracting 131 entries to C:\local\Temp\zipdeploy\extracted directory" date="2025-07-13T04:32:46.322" >
          <step title="Extracting to C:\local\Temp\zipdeploy\extracted\Microsoft.AspNetCore.Connections.Abstractions.dll ..." date="2025-07-13T04:32:46.322" /><!-- duration: 0ms -->
          <step title="Extracting to C:\local\Temp\zipdeploy\extracted\Microsoft.EntityFrameworkCore.Sqlite.dll ..." date="2025-07-13T04:32:46.338" /><!-- duration: 0ms -->
          <step title="Extracting to C:\local\Temp\zipdeploy\extracted\Microsoft.AspNetCore.Http.Connections.Client.dll ..." date="2025-07-13T04:32:46.354" /><!-- duration: 0ms -->
          <step title="Extracting to C:\local\Temp\zipdeploy\extracted\Microsoft.IdentityModel.Logging.dll ..." date="2025-07-13T04:32:46.369" /><!-- duration: 16ms -->
          <step title="Extracting to C:\local\Temp\zipdeploy\extracted\Microsoft.EntityFrameworkCore.dll ..." date="2025-07-13T04:32:46.385" /><!-- duration: 31ms -->
          <step title="Omitting extracting file traces ..." date="2025-07-13T04:32:46.416" /><!-- duration: 16ms -->
        </step><!-- duration: 594ms -->
      </step><!-- duration: 609ms -->
      <step title="None repository commit" date="2025-07-13T04:32:46.932" >
        <step title="Commit id: 0d3162bfaa80411eabdf891342954347" date="2025-07-13T04:32:46.932" Message="OneDeploy" AuthorName="N/A" AuthorEmail="N/A" /><!-- duration: 0ms -->
      </step><!-- duration: 16ms -->
      <step title="Before sending BuildRequestReceived status to /api/updatedeploystatus" date="2025-07-13T04:32:46.947" /><!-- duration: 0ms -->
      <step title="DeploymentManager.Deploy(id:0d3162bfaa80411eabdf891342954347)" date="2025-07-13T04:32:46.947" >
        <step title="Collecting changeset information" date="2025-07-13T04:32:46.963" /><!-- duration: 47ms -->
        <step title="Updating submodules" date="2025-07-13T04:32:47.010" >
          <step title="Updating submodules." date="2025-07-13T04:32:47.057" /><!-- duration: 0ms -->
        </step><!-- duration: 62ms -->
        <step title="Preparing deployment for commit id &apos;0d3162bfaa&apos;." date="2025-07-13T04:32:47.104" /><!-- duration: 16ms -->
        <step title="Determining deployment builder" date="2025-07-13T04:32:47.151" >
          <step title="Builder is OneDeployBuilder" date="2025-07-13T04:32:47.166" /><!-- duration: 0ms -->
        </step><!-- duration: 16ms -->
        <step title="Copying SSH keys" date="2025-07-13T04:32:47.197" /><!-- duration: 0ms -->
        <step title="Building" date="2025-07-13T04:32:47.197" >
          <step title="Running build. Project type: OneDeploy" date="2025-07-13T04:32:47.244" /><!-- duration: 0ms -->
          <step title="Copying the manifest" date="2025-07-13T04:32:47.292" /><!-- duration: 16ms -->
          <step title="Clean deploying to C:\home\site\wwwroot" date="2025-07-13T04:32:47.370" /><!-- duration: 0ms -->
          <step title="Generating deployment script." date="2025-07-13T04:32:47.417" /><!-- duration: 0ms -->
          <step title="Generating deployment script" date="2025-07-13T04:32:47.432" >
            <step title="Using cached version of the deployment script for command: -y --no-dot-deployment -r &quot;C:\local\Temp\zipdeploy\extracted&quot; -o &quot;C:\home\site\deployments\tools&quot; --basic --sitePath &quot;C:\local\Temp\zipdeploy\extracted&quot;" date="2025-07-13T04:32:47.448" /><!-- duration: 0ms -->
            <step title="Using cached version of deployment script (command: &apos;azure -y --no-dot-deployment -r &quot;C:\local\Temp\zipdeploy\extracted&quot; -o &quot;C:\home\site\deployments\tools&quot; --basic --sitePath &quot;C:\local\Temp\zipdeploy\extracted&quot;&apos;)." date="2025-07-13T04:32:47.464" /><!-- duration: 16ms -->
          </step><!-- duration: 63ms -->
          <step title="Running deployment command..." date="2025-07-13T04:32:47.542" /><!-- duration: 0ms -->
          <step title="Command: &quot;C:\home\site\deployments\tools\deploy.cmd&quot;" date="2025-07-13T04:32:47.557" /><!-- duration: 0ms -->
          <step title="Executing external process" date="2025-07-13T04:32:47.573" type="process" path="starter.cmd" arguments="&quot;C:\home\site\deployments\tools\deploy.cmd&quot;" >
            <step title="Handling Basic Web Site deployment." date="2025-07-13T04:32:47.682" /><!-- duration: 0ms -->
            <step title="Creating app_offline.htm" date="2025-07-13T04:32:47.854" /><!-- duration: 16ms -->
            <step title="KuduSync.NET from: &apos;C:\local\Temp\zipdeploy\extracted&apos; to: &apos;C:\home\site\wwwroot&apos;" date="2025-07-13T04:32:47.870" /><!-- duration: 16ms -->
            <step title="Deleting file: &apos;aspnetcorev2_inprocess.dll&apos;" date="2025-07-13T04:32:47.901" /><!-- duration: 0ms -->
            <step title="Deleting file: &apos;clretwrc.dll&apos;" date="2025-07-13T04:32:47.917" /><!-- duration: 16ms -->
            <step title="Deleting file: &apos;clrgc.dll&apos;" date="2025-07-13T04:32:47.948" /><!-- duration: 0ms -->
            <step title="Deleting file: &apos;clrjit.dll&apos;" date="2025-07-13T04:32:47.964" /><!-- duration: 0ms -->
            <step title="Deleting file: &apos;coreclr.dll&apos;" date="2025-07-13T04:32:47.979" /><!-- duration: 0ms -->
            <step title="Deleting file: &apos;createdump.exe&apos;" date="2025-07-13T04:32:47.995" /><!-- duration: 16ms -->
            <step title="Deleting file: &apos;e_sqlite3.dll&apos;" date="2025-07-13T04:32:48.026" /><!-- duration: 0ms -->
            <step title="Deleting file: &apos;hostfxr.dll&apos;" date="2025-07-13T04:32:48.042" /><!-- duration: 0ms -->
            <step title="Deleting file: &apos;hostpolicy.dll&apos;" date="2025-07-13T04:32:48.073" /><!-- duration: 0ms -->
            <step title="Deleting file: &apos;Microsoft.AspNetCore.Antiforgery.dll&apos;" date="2025-07-13T04:32:48.089" /><!-- duration: 0ms -->
            <step title="Deleting file: &apos;Microsoft.AspNetCore.Authentication.Abstractions.dll&apos;" date="2025-07-13T04:32:48.104" /><!-- duration: 16ms -->
            <step title="Deleting file: &apos;Microsoft.AspNetCore.Authentication.BearerToken.dll&apos;" date="2025-07-13T04:32:48.120" /><!-- duration: 16ms -->
            <step title="Deleting file: &apos;Microsoft.AspNetCore.Authentication.Cookies.dll&apos;" date="2025-07-13T04:32:48.151" /><!-- duration: 0ms -->
            <step title="Deleting file: &apos;Microsoft.AspNetCore.Authentication.Core.dll&apos;" date="2025-07-13T04:32:48.167" /><!-- duration: 0ms -->
            <step title="Deleting file: &apos;Microsoft.AspNetCore.Authentication.dll&apos;" date="2025-07-13T04:32:48.182" /><!-- duration: 0ms -->
            <step title="Deleting file: &apos;Microsoft.AspNetCore.Authentication.OAuth.dll&apos;" date="2025-07-13T04:32:48.198" /><!-- duration: 0ms -->
            <step title="Deleting file: &apos;Microsoft.AspNetCore.Authorization.dll&apos;" date="2025-07-13T04:32:48.229" /><!-- duration: 0ms -->
            <step title="Deleting file: &apos;Microsoft.AspNetCore.Authorization.Policy.dll&apos;" date="2025-07-13T04:32:48.245" /><!-- duration: 0ms -->
            <step title="Deleting file: &apos;Microsoft.AspNetCore.Components.Authorization.dll&apos;" date="2025-07-13T04:32:48.260" /><!-- duration: 0ms -->
            <step title="Deleting file: &apos;Microsoft.AspNetCore.Components.dll&apos;" date="2025-07-13T04:32:48.276" /><!-- duration: 0ms -->
            <step title="Deleting file: &apos;Microsoft.AspNetCore.Components.Endpoints.dll&apos;" date="2025-07-13T04:32:48.292" /><!-- duration: 16ms -->
            <step title="Deleting file: &apos;Microsoft.AspNetCore.Components.Forms.dll&apos;" date="2025-07-13T04:32:48.307" /><!-- duration: 16ms -->
            <step title="Deleting file: &apos;Microsoft.AspNetCore.Components.Server.dll&apos;" date="2025-07-13T04:32:48.339" /><!-- duration: 0ms -->
            <step title="Deleting file: &apos;Microsoft.AspNetCore.Components.Web.dll&apos;" date="2025-07-13T04:32:48.354" /><!-- duration: 0ms -->
            <step title="Deleting file: &apos;Microsoft.AspNetCore.CookiePolicy.dll&apos;" date="2025-07-13T04:32:48.370" /><!-- duration: 0ms -->
            <step title="Deleting file: &apos;Microsoft.AspNetCore.Cors.dll&apos;" date="2025-07-13T04:32:48.385" /><!-- duration: 16ms -->
            <step title="Deleting file: &apos;Microsoft.AspNetCore.Cryptography.Internal.dll&apos;" date="2025-07-13T04:32:48.401" /><!-- duration: 16ms -->
            <step title="Deleting file: &apos;Microsoft.AspNetCore.Cryptography.KeyDerivation.dll&apos;" date="2025-07-13T04:32:48.432" /><!-- duration: 0ms -->
            <step title="Deleting file: &apos;Microsoft.AspNetCore.DataProtection.Abstractions.dll&apos;" date="2025-07-13T04:32:48.448" /><!-- duration: 0ms -->
            <step title="Deleting file: &apos;Microsoft.AspNetCore.DataProtection.dll&apos;" date="2025-07-13T04:32:48.479" /><!-- duration: 0ms -->
            <step title="Deleting file: &apos;Microsoft.AspNetCore.DataProtection.Extensions.dll&apos;" date="2025-07-13T04:32:48.495" /><!-- duration: 0ms -->
            <step title="Deleting file: &apos;Microsoft.AspNetCore.Diagnostics.Abstractions.dll&apos;" date="2025-07-13T04:32:48.510" /><!-- duration: 0ms -->
            <step title="Deleting file: &apos;Microsoft.AspNetCore.Diagnostics.dll&apos;" date="2025-07-13T04:32:48.526" /><!-- duration: 0ms -->
            <step title="Deleting file: &apos;Microsoft.AspNetCore.Diagnostics.HealthChecks.dll&apos;" date="2025-07-13T04:32:48.557" /><!-- duration: 0ms -->
            <step title="Deleting file: &apos;Microsoft.AspNetCore.dll&apos;" date="2025-07-13T04:32:48.573" /><!-- duration: 0ms -->
            <step title="Deleting file: &apos;Microsoft.AspNetCore.HostFiltering.dll&apos;" date="2025-07-13T04:32:48.589" /><!-- duration: 0ms -->
            <step title="Deleting file: &apos;Microsoft.AspNetCore.Hosting.Abstractions.dll&apos;" date="2025-07-13T04:32:48.604" /><!-- duration: 0ms -->
            <step title="Deleting file: &apos;Microsoft.AspNetCore.Hosting.dll&apos;" date="2025-07-13T04:32:48.620" /><!-- duration: 16ms -->
            <step title="Deleting file: &apos;Microsoft.AspNetCore.Hosting.Server.Abstractions.dll&apos;" date="2025-07-13T04:32:48.635" /><!-- duration: 16ms -->
            <step title="Deleting file: &apos;Microsoft.AspNetCore.Html.Abstractions.dll&apos;" date="2025-07-13T04:32:48.667" /><!-- duration: 0ms -->
            <step title="Deleting file: &apos;Microsoft.AspNetCore.Http.Abstractions.dll&apos;" date="2025-07-13T04:32:48.682" /><!-- duration: 16ms -->
            <step title="Deleting file: &apos;Microsoft.AspNetCore.Http.Connections.dll&apos;" date="2025-07-13T04:32:48.729" /><!-- duration: 0ms -->
            <step title="Deleting file: &apos;Microsoft.AspNetCore.Http.dll&apos;" date="2025-07-13T04:32:48.745" /><!-- duration: 0ms -->
            <step title="Deleting file: &apos;Microsoft.AspNetCore.Http.Extensions.dll&apos;" date="2025-07-13T04:32:48.760" /><!-- duration: 16ms -->
            <step title="Deleting file: &apos;Microsoft.AspNetCore.Http.Features.dll&apos;" date="2025-07-13T04:32:48.792" /><!-- duration: 0ms -->
            <step title="Deleting file: &apos;Microsoft.AspNetCore.Http.Results.dll&apos;" date="2025-07-13T04:32:48.807" /><!-- duration: 0ms -->
            <step title="Deleting file: &apos;Microsoft.AspNetCore.HttpLogging.dll&apos;" date="2025-07-13T04:32:48.823" /><!-- duration: 16ms -->
            <step title="Deleting file: &apos;Microsoft.AspNetCore.HttpOverrides.dll&apos;" date="2025-07-13T04:32:48.839" /><!-- duration: 16ms -->
            <step title="Omitting next output lines..." date="2025-07-13T04:32:48.870" /><!-- duration: 0ms -->
            <step title="Finished successfully." date="2025-07-13T04:32:50.355" /><!-- duration: 0ms -->
          </step><!-- duration: 2798ms -->
          <step title="Build completed succesfully." date="2025-07-13T04:32:50.402" /><!-- duration: 16ms -->
          <step title="Running post deployment command(s)..." date="2025-07-13T04:32:50.465" /><!-- duration: 0ms -->
          <step title="Requesting site restart" date="2025-07-13T04:32:50.511" /><!-- duration: 0ms -->
          <step title="Requesting site restart" date="2025-07-13T04:32:50.527" /><!-- duration: 0ms -->
          <step title="Requesting site restart. Attempt #1" date="2025-07-13T04:32:50.590" /><!-- duration: 0ms -->
          <step title="Requesting site restart. Attempt #1" date="2025-07-13T04:32:50.605" /><!-- duration: 0ms -->
          <step title="Successfully requested a restart. Attempt #1" date="2025-07-13T04:32:50.761" /><!-- duration: 0ms -->
          <step title="Successfully requested a restart. Attempt #1" date="2025-07-13T04:32:50.777" /><!-- duration: 0ms -->
          <step title="Deployment successful. DEPLOYMENTINFO: deploymentPath = OneDeploy, deployer = OneDeploy, os = windows, sku = Free, siteName = Whiteboardv2-backend, siteHostName = whiteboardv2-backend-ckf7efgxbxbjg0ft.eastus-01.azurewebsites.net, deploymentStatus = Success" date="2025-07-13T04:32:50.824" /><!-- duration: 0ms -->
          <step title="Purge deployment items" date="2025-07-13T04:32:50.933" >
            <step title="Remove 2a673bf89, Success, received at 7/13/2025 3:51:17 AM" date="2025-07-13T04:32:51.011" /><!-- duration: 16ms -->
          </step><!-- duration: 94ms -->
        </step><!-- duration: 3845ms -->
      </step><!-- duration: 4111ms -->
      <step title="Cleaning up temp files" date="2025-07-13T04:32:51.058" /><!-- duration: 0ms -->
      <step title="Skip function trigger and logicapp sync because function is not enabled." date="2025-07-13T04:32:51.074" /><!-- duration: 0ms -->
    </step><!-- duration: 4955ms -->
    <step title="LockFile &apos;C:\home\site\locks\deployments.lock&apos; released" date="2025-07-13T04:32:51.136" /><!-- duration: 0ms -->
    <step title="Deleting shutdown sentinel file" date="2025-07-13T04:32:51.152" SemaphoreCount="8" /><!-- duration: 0ms -->
  </step><!-- duration: 9986ms -->
  <step title="Outgoing response" date="2025-07-13T04:32:51.168" type="response" statusCode="200" statusText="OK" Server="Microsoft-IIS/10.0" x-ms-request-id="66ef1ae6-5fa2-11f0-b560-7a5b12043ae0" Cache-Control="private" X-AspNet-Version="4.0.30319" /><!-- duration: 0ms -->
</step><!-- duration: 10111ms -->
