<step title="Incoming Request" date="2025-07-13T04:31:37.773" instance="46bc5b" url="/api/publish?type=zip" method="POST" type="request" pid="10984,2,8" Cache-Control="no-cache" Connection="Keep-Alive" Content-Length="49687675" Content-Type="application/octet-stream" Accept="*/*" Accept-Encoding="gzip, deflate" Authorization="Bas..." Host="whiteboardv2-backend-ckf7efgxbxbjg0ft.scm.eastus-01.azurewebsites.net" User-Agent="AZURECLI/2.73.0 (HOMEBREW)" x-ms-client-request-id="400a1da4-5fa2-11f0-9897-7a5b12043ae0" X-ARR-LOG-ID="400a1da4-5fa2-11f0-9897-7a5b12043ae0" CLIENT-IP="67.2.17.107:57678" X-SITE-DEPLOYMENT-ID="Whiteboardv2-backend" WAS-DEFAULT-HOSTNAME="whiteboardv2-backend-ckf7efgxbxbjg0ft.scm.eastus-01.azurewebsites.net" X-Forwarded-Proto="https" X-AppService-Proto="https" X-Forwarded-TlsVersion="1.3" X-WAWS-Unencoded-URL="/api/publish?type=zip" X-MS-COLDSTART="1" >
  <step title="OneDeploy" date="2025-07-13T04:31:37.976" >
    <step title="Starting PushDeployAsync" date="2025-07-13T04:31:37.992" /><!-- duration: 16ms -->
    <step title="Updating shutdown sentinel last write time" date="2025-07-13T04:31:38.039" SemaphoreCount="7" /><!-- duration: 16ms -->
    <step title="LockFile &apos;C:\home\site\locks\deployments.lock&apos; acquired" date="2025-07-13T04:31:38.054" /><!-- duration: 16ms -->
    <step title="Saving request content to C:\local\Temp\zipdeploy\1iqwnif0.zip" date="2025-07-13T04:31:38.070" >
      <step title="Total 49,687,675 bytes written to C:\local\Temp\zipdeploy\1iqwnif0.zip" date="2025-07-13T04:31:44.853" /><!-- duration: 16ms -->
    </step><!-- duration: 6799ms -->
    <step title="LockFile &apos;C:\home\site\locks\deployments.lock&apos; released" date="2025-07-13T04:31:44.868" /><!-- duration: 16ms -->
    <step title="Deleting shutdown sentinel file" date="2025-07-13T04:31:44.900" SemaphoreCount="8" /><!-- duration: 0ms -->
    <step title="Starting FetchDeploy" date="2025-07-13T04:31:44.915" /><!-- duration: 0ms -->
    <step title="Attempting to fetch target branch HEAD" date="2025-07-13T04:31:44.915" /><!-- duration: 16ms -->
    <step title="Updating shutdown sentinel last write time" date="2025-07-13T04:31:44.946" SemaphoreCount="7" /><!-- duration: 0ms -->
    <step title="LockFile &apos;C:\home\site\locks\deployments.lock&apos; acquired" date="2025-07-13T04:31:44.978" /><!-- duration: 0ms -->
    <step title="Performing fetch based deployment" date="2025-07-13T04:31:44.993" >
      <step title="Creating temporary deployment" date="2025-07-13T04:31:44.993" /><!-- duration: 47ms -->
      <step title="Fetching changes." date="2025-07-13T04:31:45.134" /><!-- duration: 0ms -->
      <step title="Starting LocalZipHandler" date="2025-07-13T04:31:45.150" /><!-- duration: 0ms -->
      <step title="Starting LocalZipFetch" date="2025-07-13T04:31:45.150" /><!-- duration: 16ms -->
      <step title="Cleaning up temp folders from previous zip deployments and extracting pushed zip file C:\local\Temp\zipdeploy\1iqwnif0.zip (47.39 MB) to C:\local\Temp\zipdeploy\extracted" date="2025-07-13T04:31:45.165" /><!-- duration: 16ms -->
      <step title="Cleaning up temp folders from previous zip deployments and extracting pushed zip file C:\local\Temp\zipdeploy\1iqwnif0.zip (47.39 MB) to C:\local\Temp\zipdeploy\extracted" date="2025-07-13T04:31:45.181" >
        <step title="Extracting 368 entries to C:\local\Temp\zipdeploy\extracted directory" date="2025-07-13T04:31:45.196" >
          <step title="Extracting to C:\local\Temp\zipdeploy\extracted\Microsoft.AspNetCore.Connections.Abstractions.dll ..." date="2025-07-13T04:31:45.196" /><!-- duration: 16ms -->
          <step title="Extracting to C:\local\Temp\zipdeploy\extracted\Microsoft.EntityFrameworkCore.Sqlite.dll ..." date="2025-07-13T04:31:45.212" /><!-- duration: 16ms -->
          <step title="Extracting to C:\local\Temp\zipdeploy\extracted\Microsoft.AspNetCore.Http.Connections.Client.dll ..." date="2025-07-13T04:31:45.228" /><!-- duration: 16ms -->
          <step title="Extracting to C:\local\Temp\zipdeploy\extracted\Microsoft.IdentityModel.Logging.dll ..." date="2025-07-13T04:31:45.243" /><!-- duration: 0ms -->
          <step title="Extracting to C:\local\Temp\zipdeploy\extracted\Microsoft.EntityFrameworkCore.dll ..." date="2025-07-13T04:31:45.259" /><!-- duration: 16ms -->
          <step title="Omitting extracting file traces ..." date="2025-07-13T04:31:45.290" /><!-- duration: 0ms -->
          <step title="Extracting to C:\local\Temp\zipdeploy\extracted\System.Threading.Channels.dll ..." date="2025-07-13T04:31:46.790" /><!-- duration: 16ms -->
          <step title="Extracting to C:\local\Temp\zipdeploy\extracted\Microsoft.AspNetCore.Diagnostics.dll ..." date="2025-07-13T04:31:46.806" /><!-- duration: 16ms -->
          <step title="Extracting to C:\local\Temp\zipdeploy\extracted\Microsoft.AspNetCore.Mvc.ApiExplorer.dll ..." date="2025-07-13T04:31:46.821" /><!-- duration: 16ms -->
        </step><!-- duration: 1641ms -->
      </step><!-- duration: 1656ms -->
      <step title="None repository commit" date="2025-07-13T04:31:46.853" >
        <step title="Commit id: bf4d98d66af5477383da6b5dd774b525" date="2025-07-13T04:31:46.853" Message="OneDeploy" AuthorName="N/A" AuthorEmail="N/A" /><!-- duration: 0ms -->
      </step><!-- duration: 16ms -->
      <step title="Before sending BuildRequestReceived status to /api/updatedeploystatus" date="2025-07-13T04:31:46.868" /><!-- duration: 0ms -->
      <step title="DeploymentManager.Deploy(id:bf4d98d66af5477383da6b5dd774b525)" date="2025-07-13T04:31:46.884" >
        <step title="Collecting changeset information" date="2025-07-13T04:31:46.900" /><!-- duration: 31ms -->
        <step title="Updating submodules" date="2025-07-13T04:31:46.931" >
          <step title="Updating submodules." date="2025-07-13T04:31:46.978" /><!-- duration: 0ms -->
        </step><!-- duration: 63ms -->
        <step title="Preparing deployment for commit id &apos;bf4d98d66a&apos;." date="2025-07-13T04:31:47.040" /><!-- duration: 0ms -->
        <step title="Determining deployment builder" date="2025-07-13T04:31:47.087" >
          <step title="Builder is OneDeployBuilder" date="2025-07-13T04:31:47.103" /><!-- duration: 0ms -->
        </step><!-- duration: 16ms -->
        <step title="Copying SSH keys" date="2025-07-13T04:31:47.134" /><!-- duration: 0ms -->
        <step title="Building" date="2025-07-13T04:31:47.134" >
          <step title="Running build. Project type: OneDeploy" date="2025-07-13T04:31:47.181" /><!-- duration: 16ms -->
          <step title="Copying the manifest" date="2025-07-13T04:31:47.228" /><!-- duration: 16ms -->
          <step title="Clean deploying to C:\home\site\wwwroot" date="2025-07-13T04:31:47.306" /><!-- duration: 0ms -->
          <step title="Generating deployment script." date="2025-07-13T04:31:47.353" /><!-- duration: 0ms -->
          <step title="Generating deployment script" date="2025-07-13T04:31:47.368" >
            <step title="Using cached version of the deployment script for command: -y --no-dot-deployment -r &quot;C:\local\Temp\zipdeploy\extracted&quot; -o &quot;C:\home\site\deployments\tools&quot; --basic --sitePath &quot;C:\local\Temp\zipdeploy\extracted&quot;" date="2025-07-13T04:31:47.384" /><!-- duration: 16ms -->
            <step title="Using cached version of deployment script (command: &apos;azure -y --no-dot-deployment -r &quot;C:\local\Temp\zipdeploy\extracted&quot; -o &quot;C:\home\site\deployments\tools&quot; --basic --sitePath &quot;C:\local\Temp\zipdeploy\extracted&quot;&apos;)." date="2025-07-13T04:31:47.415" /><!-- duration: 0ms -->
          </step><!-- duration: 78ms -->
          <step title="Running deployment command..." date="2025-07-13T04:31:47.478" /><!-- duration: 16ms -->
          <step title="Command: &quot;C:\home\site\deployments\tools\deploy.cmd&quot;" date="2025-07-13T04:31:47.493" /><!-- duration: 16ms -->
          <step title="Executing external process" date="2025-07-13T04:31:47.525" type="process" path="starter.cmd" arguments="&quot;C:\home\site\deployments\tools\deploy.cmd&quot;" >
            <step title="Handling Basic Web Site deployment." date="2025-07-13T04:31:47.650" /><!-- duration: 0ms -->
            <step title="Creating app_offline.htm" date="2025-07-13T04:31:47.853" /><!-- duration: 0ms -->
            <step title="KuduSync.NET from: &apos;C:\local\Temp\zipdeploy\extracted&apos; to: &apos;C:\home\site\wwwroot&apos;" date="2025-07-13T04:31:47.868" /><!-- duration: 16ms -->
            <step title="Deleting file: &apos;runtimes\browser-wasm\nativeassets\net8.0\e_sqlite3.a&apos;" date="2025-07-13T04:31:47.900" /><!-- duration: 0ms -->
            <step title="Deleting directory: &apos;runtimes\browser-wasm\nativeassets\net8.0&apos;" date="2025-07-13T04:31:47.915" /><!-- duration: 0ms -->
            <step title="Deleting directory: &apos;runtimes\browser-wasm\nativeassets&apos;" date="2025-07-13T04:31:47.931" /><!-- duration: 0ms -->
            <step title="Deleting directory: &apos;runtimes\browser-wasm&apos;" date="2025-07-13T04:31:47.946" /><!-- duration: 0ms -->
            <step title="Deleting file: &apos;runtimes\linux-arm\native\libe_sqlite3.so&apos;" date="2025-07-13T04:31:47.962" /><!-- duration: 16ms -->
            <step title="Deleting directory: &apos;runtimes\linux-arm\native&apos;" date="2025-07-13T04:31:47.978" /><!-- duration: 16ms -->
            <step title="Deleting directory: &apos;runtimes\linux-arm&apos;" date="2025-07-13T04:31:48.009" /><!-- duration: 0ms -->
            <step title="Deleting file: &apos;runtimes\linux-arm64\native\libe_sqlite3.so&apos;" date="2025-07-13T04:31:48.025" /><!-- duration: 16ms -->
            <step title="Deleting directory: &apos;runtimes\linux-arm64\native&apos;" date="2025-07-13T04:31:48.056" /><!-- duration: 0ms -->
            <step title="Deleting directory: &apos;runtimes\linux-arm64&apos;" date="2025-07-13T04:31:48.103" /><!-- duration: 16ms -->
            <step title="Deleting file: &apos;runtimes\linux-armel\native\libe_sqlite3.so&apos;" date="2025-07-13T04:31:48.134" /><!-- duration: 0ms -->
            <step title="Deleting directory: &apos;runtimes\linux-armel\native&apos;" date="2025-07-13T04:31:48.150" /><!-- duration: 0ms -->
            <step title="Deleting directory: &apos;runtimes\linux-armel&apos;" date="2025-07-13T04:31:48.165" /><!-- duration: 16ms -->
            <step title="Deleting file: &apos;runtimes\linux-mips64\native\libe_sqlite3.so&apos;" date="2025-07-13T04:31:48.181" /><!-- duration: 16ms -->
            <step title="Deleting directory: &apos;runtimes\linux-mips64\native&apos;" date="2025-07-13T04:31:48.212" /><!-- duration: 0ms -->
            <step title="Deleting directory: &apos;runtimes\linux-mips64&apos;" date="2025-07-13T04:31:48.228" /><!-- duration: 0ms -->
            <step title="Deleting file: &apos;runtimes\linux-musl-arm\native\libe_sqlite3.so&apos;" date="2025-07-13T04:31:48.243" /><!-- duration: 0ms -->
            <step title="Deleting directory: &apos;runtimes\linux-musl-arm\native&apos;" date="2025-07-13T04:31:48.259" /><!-- duration: 16ms -->
            <step title="Deleting directory: &apos;runtimes\linux-musl-arm&apos;" date="2025-07-13T04:31:48.275" /><!-- duration: 16ms -->
            <step title="Deleting file: &apos;runtimes\linux-musl-arm64\native\libe_sqlite3.so&apos;" date="2025-07-13T04:31:48.306" /><!-- duration: 0ms -->
            <step title="Deleting directory: &apos;runtimes\linux-musl-arm64\native&apos;" date="2025-07-13T04:31:48.321" /><!-- duration: 0ms -->
            <step title="Deleting directory: &apos;runtimes\linux-musl-arm64&apos;" date="2025-07-13T04:31:48.337" /><!-- duration: 0ms -->
            <step title="Deleting file: &apos;runtimes\linux-musl-x64\native\libe_sqlite3.so&apos;" date="2025-07-13T04:31:48.384" /><!-- duration: 16ms -->
            <step title="Deleting directory: &apos;runtimes\linux-musl-x64\native&apos;" date="2025-07-13T04:31:48.415" /><!-- duration: 0ms -->
            <step title="Deleting directory: &apos;runtimes\linux-musl-x64&apos;" date="2025-07-13T04:31:48.431" /><!-- duration: 0ms -->
            <step title="Deleting file: &apos;runtimes\linux-ppc64le\native\libe_sqlite3.so&apos;" date="2025-07-13T04:31:48.446" /><!-- duration: 0ms -->
            <step title="Deleting directory: &apos;runtimes\linux-ppc64le\native&apos;" date="2025-07-13T04:31:48.462" /><!-- duration: 0ms -->
            <step title="Deleting directory: &apos;runtimes\linux-ppc64le&apos;" date="2025-07-13T04:31:48.478" /><!-- duration: 16ms -->
            <step title="Deleting file: &apos;runtimes\linux-s390x\native\libe_sqlite3.so&apos;" date="2025-07-13T04:31:48.509" /><!-- duration: 0ms -->
            <step title="Deleting directory: &apos;runtimes\linux-s390x\native&apos;" date="2025-07-13T04:31:48.525" /><!-- duration: 0ms -->
            <step title="Deleting directory: &apos;runtimes\linux-s390x&apos;" date="2025-07-13T04:31:48.540" /><!-- duration: 0ms -->
            <step title="Deleting file: &apos;runtimes\linux-x64\native\libe_sqlite3.so&apos;" date="2025-07-13T04:31:48.556" /><!-- duration: 0ms -->
            <step title="Deleting directory: &apos;runtimes\linux-x64\native&apos;" date="2025-07-13T04:31:48.571" /><!-- duration: 16ms -->
            <step title="Deleting directory: &apos;runtimes\linux-x64&apos;" date="2025-07-13T04:31:48.603" /><!-- duration: 0ms -->
            <step title="Deleting file: &apos;runtimes\linux-x86\native\libe_sqlite3.so&apos;" date="2025-07-13T04:31:48.618" /><!-- duration: 0ms -->
            <step title="Deleting directory: &apos;runtimes\linux-x86\native&apos;" date="2025-07-13T04:31:48.634" /><!-- duration: 0ms -->
            <step title="Deleting directory: &apos;runtimes\linux-x86&apos;" date="2025-07-13T04:31:48.650" /><!-- duration: 0ms -->
            <step title="Deleting file: &apos;runtimes\maccatalyst-arm64\native\libe_sqlite3.dylib&apos;" date="2025-07-13T04:31:48.665" /><!-- duration: 16ms -->
            <step title="Deleting directory: &apos;runtimes\maccatalyst-arm64\native&apos;" date="2025-07-13T04:31:48.696" /><!-- duration: 0ms -->
            <step title="Deleting directory: &apos;runtimes\maccatalyst-arm64&apos;" date="2025-07-13T04:31:48.712" /><!-- duration: 0ms -->
            <step title="Deleting file: &apos;runtimes\maccatalyst-x64\native\libe_sqlite3.dylib&apos;" date="2025-07-13T04:31:48.728" /><!-- duration: 0ms -->
            <step title="Deleting directory: &apos;runtimes\maccatalyst-x64\native&apos;" date="2025-07-13T04:31:48.743" /><!-- duration: 0ms -->
            <step title="Deleting directory: &apos;runtimes\maccatalyst-x64&apos;" date="2025-07-13T04:31:48.759" /><!-- duration: 16ms -->
            <step title="Deleting file: &apos;runtimes\osx-arm64\native\libe_sqlite3.dylib&apos;" date="2025-07-13T04:31:48.790" /><!-- duration: 0ms -->
            <step title="Deleting directory: &apos;runtimes\osx-arm64\native&apos;" date="2025-07-13T04:31:48.806" /><!-- duration: 0ms -->
            <step title="Deleting directory: &apos;runtimes\osx-arm64&apos;" date="2025-07-13T04:31:48.821" /><!-- duration: 16ms -->
            <step title="Deleting file: &apos;runtimes\osx-x64\native\libe_sqlite3.dylib&apos;" date="2025-07-13T04:31:48.853" /><!-- duration: 0ms -->
            <step title="Deleting directory: &apos;runtimes\osx-x64\native&apos;" date="2025-07-13T04:31:48.868" /><!-- duration: 0ms -->
            <step title="Omitting next output lines..." date="2025-07-13T04:31:48.884" /><!-- duration: 16ms -->
            <step title="Finished successfully." date="2025-07-13T04:31:51.370" /><!-- duration: 16ms -->
          </step><!-- duration: 3861ms -->
          <step title="Build completed succesfully." date="2025-07-13T04:31:51.432" /><!-- duration: 16ms -->
          <step title="Running post deployment command(s)..." date="2025-07-13T04:31:51.494" /><!-- duration: 0ms -->
          <step title="Requesting site restart" date="2025-07-13T04:31:51.541" /><!-- duration: 16ms -->
          <step title="Requesting site restart" date="2025-07-13T04:31:51.557" /><!-- duration: 16ms -->
          <step title="Requesting site restart. Attempt #1" date="2025-07-13T04:31:51.604" /><!-- duration: 16ms -->
          <step title="Requesting site restart. Attempt #1" date="2025-07-13T04:31:51.619" /><!-- duration: 16ms -->
          <step title="Successfully requested a restart. Attempt #1" date="2025-07-13T04:31:51.791" /><!-- duration: 0ms -->
          <step title="Successfully requested a restart. Attempt #1" date="2025-07-13T04:31:51.807" /><!-- duration: 0ms -->
          <step title="Deployment successful. DEPLOYMENTINFO: deploymentPath = OneDeploy, deployer = OneDeploy, os = windows, sku = Free, siteName = Whiteboardv2-backend, siteHostName = whiteboardv2-backend-ckf7efgxbxbjg0ft.eastus-01.azurewebsites.net, deploymentStatus = Success" date="2025-07-13T04:31:51.854" /><!-- duration: 0ms -->
          <step title="Purge deployment items" date="2025-07-13T04:31:52.041" >
            <step title="Remove 2216702ab, Success, received at 7/13/2025 3:49:57 AM" date="2025-07-13T04:31:52.104" /><!-- duration: 16ms -->
          </step><!-- duration: 78ms -->
        </step><!-- duration: 5017ms -->
      </step><!-- duration: 5267ms -->
      <step title="Cleaning up temp files" date="2025-07-13T04:31:52.166" /><!-- duration: 0ms -->
      <step title="Skip function trigger and logicapp sync because function is not enabled." date="2025-07-13T04:31:52.182" /><!-- duration: 0ms -->
    </step><!-- duration: 7236ms -->
    <step title="LockFile &apos;C:\home\site\locks\deployments.lock&apos; released" date="2025-07-13T04:31:52.244" /><!-- duration: 0ms -->
    <step title="Deleting shutdown sentinel file" date="2025-07-13T04:31:52.260" SemaphoreCount="8" /><!-- duration: 0ms -->
  </step><!-- duration: 14284ms -->
  <step title="Outgoing response" date="2025-07-13T04:31:52.276" type="response" statusCode="200" statusText="OK" Server="Microsoft-IIS/10.0" x-ms-request-id="400a1da4-5fa2-11f0-9897-7a5b12043ae0" Cache-Control="private" X-AspNet-Version="4.0.30319" /><!-- duration: 16ms -->
</step><!-- duration: 14518ms -->
