<step title="Incoming Request" date="2025-07-15T23:33:39.867" instance="46bc5b" url="/api/zipdeploy?isAsync=true" method="POST" type="request" pid="5840,2,7" Cache-Control="no-cache" Connection="Keep-Alive" Content-Length="16458988" Content-Type="application/octet-stream" Accept="*/*" Accept-Encoding="gzip, deflate" Authorization="Bas..." Host="whiteboardv2-backend-ckf7efgxbxbjg0ft.scm.eastus-01.azurewebsites.net" User-Agent="AZURECLI/2.73.0 (HOMEBREW)" x-ms-client-request-id="2011a376-61d4-11f0-a676-7a5b12043ae0" X-ARR-LOG-ID="2011a376-61d4-11f0-a676-7a5b12043ae0" CLIENT-IP="67.2.17.107:64930" X-SITE-DEPLOYMENT-ID="Whiteboardv2-backend" WAS-DEFAULT-HOSTNAME="whiteboardv2-backend-ckf7efgxbxbjg0ft.scm.eastus-01.azurewebsites.net" X-Forwarded-Proto="https" X-AppService-Proto="https" X-Forwarded-TlsVersion="1.3" X-WAWS-Unencoded-URL="/api/zipdeploy?isAsync=true" X-MS-COLDSTART="1" >
  <step title="ZipPushDeploy" date="2025-07-15T23:33:40.070" >
    <step title="ZipDeploy. Extract zip. " date="2025-07-15T23:33:40.101" /><!-- duration: 0ms -->
    <step title="Starting PushDeployAsync" date="2025-07-15T23:33:40.101" /><!-- duration: 16ms -->
    <step title="Updating shutdown sentinel last write time" date="2025-07-15T23:33:40.164" SemaphoreCount="7" /><!-- duration: 0ms -->
    <step title="LockFile &apos;C:\home\site\locks\deployments.lock&apos; acquired" date="2025-07-15T23:33:40.164" /><!-- duration: 16ms -->
    <step title="Saving request content to C:\local\Temp\zipdeploy\goqjcrgt.zip" date="2025-07-15T23:33:40.179" >
      <step title="Total 16,458,988 bytes written to C:\local\Temp\zipdeploy\goqjcrgt.zip" date="2025-07-15T23:33:41.695" /><!-- duration: 0ms -->
    </step><!-- duration: 1531ms -->
    <step title="LockFile &apos;C:\home\site\locks\deployments.lock&apos; released" date="2025-07-15T23:33:41.711" /><!-- duration: 0ms -->
    <step title="Deleting shutdown sentinel file" date="2025-07-15T23:33:41.726" SemaphoreCount="8" /><!-- duration: 0ms -->
    <step title="Starting FetchDeploy" date="2025-07-15T23:33:41.742" /><!-- duration: 0ms -->
    <step title="Start deployment in the background" date="2025-07-15T23:33:41.742" /><!-- duration: 78ms -->
  </step><!-- duration: 1766ms -->
  <step title="Outgoing response" date="2025-07-15T23:33:41.851" type="response" statusCode="202" statusText="Accepted" Server="Microsoft-IIS/10.0" x-ms-request-id="2011a376-61d4-11f0-a676-7a5b12043ae0" Retry-After="30" Cache-Control="private" X-AspNet-Version="4.0.30319" Location="https://whiteboardv2-backend-ckf7efgxbxbjg0ft.scm.eastus-01.azurewebsites.net/api/deployments/latest?deployer=ZipDeploy&amp;time=2025-07-15_23-33-41Z" /><!-- duration: 0ms -->
</step><!-- duration: 2000ms -->
