<step title="Incoming Request" date="2025-07-15T20:21:35.731" instance="46bc5b" url="/api/publish?type=zip" method="POST" type="request" pid="13220,2,8" Cache-Control="no-cache" Content-Length="16242107" Content-Type="application/octet-stream" Accept="*/*" Accept-Encoding="gzip, deflate" Authorization="Bas..." Host="whiteboardv2-backend-ckf7efgxbxbjg0ft.scm.eastus-01.azurewebsites.net" User-Agent="AZURECLI/2.73.0 (HOMEBREW)" x-ms-client-request-id="4acd135e-61b9-11f0-a149-7a5b12043ae0" X-ARR-LOG-ID="4acd135e-61b9-11f0-a149-7a5b12043ae0" CLIENT-IP="67.2.17.107:53848" X-SITE-DEPLOYMENT-ID="Whiteboardv2-backend" WAS-DEFAULT-HOSTNAME="whiteboardv2-backend-ckf7efgxbxbjg0ft.scm.eastus-01.azurewebsites.net" X-Forwarded-Proto="https" X-AppService-Proto="https" X-Forwarded-TlsVersion="1.3" X-WAWS-Unencoded-URL="/api/publish?type=zip" >
  <step title="OneDeploy" date="2025-07-15T20:21:35.871" >
    <step title="Starting PushDeployAsync" date="2025-07-15T20:21:35.903" /><!-- duration: 0ms -->
    <step title="Updating shutdown sentinel last write time" date="2025-07-15T20:21:35.949" SemaphoreCount="7" /><!-- duration: 0ms -->
    <step title="LockFile &apos;C:\home\site\locks\deployments.lock&apos; acquired" date="2025-07-15T20:21:35.965" /><!-- duration: 0ms -->
    <step title="Saving request content to C:\local\Temp\zipdeploy\cnoxstv4.zip" date="2025-07-15T20:21:35.965" >
      <step title="Total 16,242,107 bytes written to C:\local\Temp\zipdeploy\cnoxstv4.zip" date="2025-07-15T20:21:41.753" /><!-- duration: 16ms -->
    </step><!-- duration: 5804ms -->
    <step title="LockFile &apos;C:\home\site\locks\deployments.lock&apos; released" date="2025-07-15T20:21:41.769" /><!-- duration: 16ms -->
    <step title="Deleting shutdown sentinel file" date="2025-07-15T20:21:41.784" SemaphoreCount="8" /><!-- duration: 16ms -->
    <step title="Starting FetchDeploy" date="2025-07-15T20:21:41.800" /><!-- duration: 31ms -->
    <step title="Attempting to fetch target branch HEAD" date="2025-07-15T20:21:41.831" /><!-- duration: 16ms -->
    <step title="Updating shutdown sentinel last write time" date="2025-07-15T20:21:41.847" SemaphoreCount="7" /><!-- duration: 16ms -->
    <step title="LockFile &apos;C:\home\site\locks\deployments.lock&apos; acquired" date="2025-07-15T20:21:41.863" /><!-- duration: 0ms -->
    <step title="Performing fetch based deployment" date="2025-07-15T20:21:41.878" >
      <step title="Creating temporary deployment" date="2025-07-15T20:21:41.878" /><!-- duration: 31ms -->
      <step title="Fetching changes." date="2025-07-15T20:21:41.972" /><!-- duration: 16ms -->
      <step title="Starting LocalZipHandler" date="2025-07-15T20:21:41.988" /><!-- duration: 16ms -->
      <step title="Starting LocalZipFetch" date="2025-07-15T20:21:42.003" /><!-- duration: 16ms -->
      <step title="Cleaning up temp folders from previous zip deployments and extracting pushed zip file C:\local\Temp\zipdeploy\cnoxstv4.zip (15.49 MB) to C:\local\Temp\zipdeploy\extracted" date="2025-07-15T20:21:42.019" /><!-- duration: 0ms -->
      <step title="Cleaning up temp folders from previous zip deployments and extracting pushed zip file C:\local\Temp\zipdeploy\cnoxstv4.zip (15.49 MB) to C:\local\Temp\zipdeploy\extracted" date="2025-07-15T20:21:42.034" >
        <step title="Renaming extractTargetDirectory(C:\local\Temp\zipdeploy\extracted) to tempDirectory(C:\local\Temp\zipdeploy\t3zguwdz.k1f)" date="2025-07-15T20:21:42.050" /><!-- duration: 0ms -->
        <step title="Extracting 103 entries to C:\local\Temp\zipdeploy\extracted directory" date="2025-07-15T20:21:42.050" >
          <step title="Extracting to C:\local\Temp\zipdeploy\extracted\Microsoft.AspNetCore.Connections.Abstractions.dll ..." date="2025-07-15T20:21:42.066" /><!-- duration: 0ms -->
          <step title="Extracting to C:\local\Temp\zipdeploy\extracted\Microsoft.EntityFrameworkCore.Sqlite.dll ..." date="2025-07-15T20:21:42.066" /><!-- duration: 16ms -->
          <step title="Extracting to C:\local\Temp\zipdeploy\extracted\Microsoft.AspNetCore.Http.Connections.Client.dll ..." date="2025-07-15T20:21:42.081" /><!-- duration: 16ms -->
          <step title="Extracting to C:\local\Temp\zipdeploy\extracted\Microsoft.IdentityModel.Logging.dll ..." date="2025-07-15T20:21:42.097" /><!-- duration: 0ms -->
          <step title="Extracting to C:\local\Temp\zipdeploy\extracted\Microsoft.EntityFrameworkCore.dll ..." date="2025-07-15T20:21:42.113" /><!-- duration: 31ms -->
          <step title="Omitting extracting file traces ..." date="2025-07-15T20:21:42.144" /><!-- duration: 0ms -->
        </step><!-- duration: 578ms -->
      </step><!-- duration: 594ms -->
      <step title="None repository commit" date="2025-07-15T20:21:42.644" >
        <step title="Commit id: ce00f0be59134356b542d2ec1e9d2ebd" date="2025-07-15T20:21:42.644" Message="OneDeploy" AuthorName="N/A" AuthorEmail="N/A" /><!-- duration: 0ms -->
      </step><!-- duration: 16ms -->
      <step title="Before sending BuildRequestReceived status to /api/updatedeploystatus" date="2025-07-15T20:21:42.659" /><!-- duration: 0ms -->
      <step title="DeploymentManager.Deploy(id:ce00f0be59134356b542d2ec1e9d2ebd)" date="2025-07-15T20:21:42.675" >
        <step title="Collecting changeset information" date="2025-07-15T20:21:42.675" /><!-- duration: 47ms -->
        <step title="Updating submodules" date="2025-07-15T20:21:42.738" >
          <step title="Updating submodules." date="2025-07-15T20:21:42.816" /><!-- duration: 16ms -->
        </step><!-- duration: 109ms -->
        <step title="Preparing deployment for commit id &apos;ce00f0be59&apos;." date="2025-07-15T20:21:42.895" /><!-- duration: 0ms -->
        <step title="Determining deployment builder" date="2025-07-15T20:21:42.941" >
          <step title="Builder is OneDeployBuilder" date="2025-07-15T20:21:42.957" /><!-- duration: 0ms -->
        </step><!-- duration: 16ms -->
        <step title="Copying SSH keys" date="2025-07-15T20:21:42.988" /><!-- duration: 0ms -->
        <step title="Building" date="2025-07-15T20:21:43.004" >
          <step title="Running build. Project type: OneDeploy" date="2025-07-15T20:21:43.035" /><!-- duration: 16ms -->
          <step title="Copying the manifest" date="2025-07-15T20:21:43.098" /><!-- duration: 0ms -->
          <step title="Clean deploying to C:\home\site\wwwroot" date="2025-07-15T20:21:43.207" /><!-- duration: 16ms -->
          <step title="Generating deployment script." date="2025-07-15T20:21:43.270" /><!-- duration: 0ms -->
          <step title="Generating deployment script" date="2025-07-15T20:21:43.285" >
            <step title="Using cached version of the deployment script for command: -y --no-dot-deployment -r &quot;C:\local\Temp\zipdeploy\extracted&quot; -o &quot;C:\home\site\deployments\tools&quot; --basic --sitePath &quot;C:\local\Temp\zipdeploy\extracted&quot;" date="2025-07-15T20:21:43.316" /><!-- duration: 0ms -->
            <step title="Using cached version of deployment script (command: &apos;azure -y --no-dot-deployment -r &quot;C:\local\Temp\zipdeploy\extracted&quot; -o &quot;C:\home\site\deployments\tools&quot; --basic --sitePath &quot;C:\local\Temp\zipdeploy\extracted&quot;&apos;)." date="2025-07-15T20:21:43.332" /><!-- duration: 16ms -->
          </step><!-- duration: 78ms -->
          <step title="Running deployment command..." date="2025-07-15T20:21:43.410" /><!-- duration: 0ms -->
          <step title="Command: &quot;C:\home\site\deployments\tools\deploy.cmd&quot;" date="2025-07-15T20:21:43.426" /><!-- duration: 0ms -->
          <step title="Executing external process" date="2025-07-15T20:21:43.441" type="process" path="starter.cmd" arguments="&quot;C:\home\site\deployments\tools\deploy.cmd&quot;" >
            <step title="Handling Basic Web Site deployment." date="2025-07-15T20:21:43.566" /><!-- duration: 0ms -->
            <step title="Creating app_offline.htm" date="2025-07-15T20:21:44.082" /><!-- duration: 0ms -->
            <step title="KuduSync.NET from: &apos;C:\local\Temp\zipdeploy\extracted&apos; to: &apos;C:\home\site\wwwroot&apos;" date="2025-07-15T20:21:44.113" /><!-- duration: 0ms -->
            <step title="Deleting file: &apos;publish\web.config&apos;" date="2025-07-15T20:21:44.129" /><!-- duration: 0ms -->
            <step title="Deleting file: &apos;publish\publish\appsettings.Development.json&apos;" date="2025-07-15T20:21:44.145" /><!-- duration: 0ms -->
            <step title="Deleting file: &apos;publish\publish\appsettings.json&apos;" date="2025-07-15T20:21:44.160" /><!-- duration: 16ms -->
            <step title="Deleting file: &apos;publish\publish\Whiteboard.deps.json&apos;" date="2025-07-15T20:21:44.176" /><!-- duration: 16ms -->
            <step title="Deleting file: &apos;publish\publish\Whiteboard.runtimeconfig.json&apos;" date="2025-07-15T20:21:44.207" /><!-- duration: 0ms -->
            <step title="Deleting directory: &apos;publish\publish&apos;" date="2025-07-15T20:21:44.223" /><!-- duration: 0ms -->
            <step title="Deleting directory: &apos;publish&apos;" date="2025-07-15T20:21:44.238" /><!-- duration: 0ms -->
            <step title="Deleting file: &apos;publish-framework\appsettings.Development.json&apos;" date="2025-07-15T20:21:44.270" /><!-- duration: 0ms -->
            <step title="Deleting file: &apos;publish-framework\appsettings.json&apos;" date="2025-07-15T20:21:44.285" /><!-- duration: 0ms -->
            <step title="Deleting file: &apos;publish-framework\web.config&apos;" date="2025-07-15T20:21:44.301" /><!-- duration: 0ms -->
            <step title="Deleting file: &apos;publish-framework\Whiteboard.deps.json&apos;" date="2025-07-15T20:21:44.316" /><!-- duration: 0ms -->
            <step title="Deleting file: &apos;publish-framework\Whiteboard.runtimeconfig.json&apos;" date="2025-07-15T20:21:44.332" /><!-- duration: 0ms -->
            <step title="Deleting file: &apos;publish-framework\publish\appsettings.Development.json&apos;" date="2025-07-15T20:21:44.348" /><!-- duration: 16ms -->
            <step title="Deleting file: &apos;publish-framework\publish\appsettings.json&apos;" date="2025-07-15T20:21:44.379" /><!-- duration: 0ms -->
            <step title="Deleting file: &apos;publish-framework\publish\web.config&apos;" date="2025-07-15T20:21:44.395" /><!-- duration: 0ms -->
            <step title="Deleting file: &apos;publish-framework\publish\Whiteboard.deps.json&apos;" date="2025-07-15T20:21:44.410" /><!-- duration: 0ms -->
            <step title="Deleting file: &apos;publish-framework\publish\Whiteboard.runtimeconfig.json&apos;" date="2025-07-15T20:21:44.426" /><!-- duration: 0ms -->
            <step title="Deleting file: &apos;publish-framework\publish\publish\appsettings.Development.json&apos;" date="2025-07-15T20:21:44.441" /><!-- duration: 0ms -->
            <step title="Deleting file: &apos;publish-framework\publish\publish\appsettings.json&apos;" date="2025-07-15T20:21:44.457" /><!-- duration: 16ms -->
            <step title="Deleting file: &apos;publish-framework\publish\publish\Whiteboard.deps.json&apos;" date="2025-07-15T20:21:44.488" /><!-- duration: 0ms -->
            <step title="Deleting file: &apos;publish-framework\publish\publish\Whiteboard.runtimeconfig.json&apos;" date="2025-07-15T20:21:44.505" /><!-- duration: 0ms -->
            <step title="Deleting directory: &apos;publish-framework\publish\publish&apos;" date="2025-07-15T20:21:44.520" /><!-- duration: 0ms -->
            <step title="Deleting directory: &apos;publish-framework\publish&apos;" date="2025-07-15T20:21:44.536" /><!-- duration: 0ms -->
            <step title="Deleting file: &apos;publish-framework\publish-windows\appsettings.Development.json&apos;" date="2025-07-15T20:21:44.551" /><!-- duration: 16ms -->
            <step title="Deleting file: &apos;publish-framework\publish-windows\appsettings.json&apos;" date="2025-07-15T20:21:44.583" /><!-- duration: 0ms -->
            <step title="Deleting file: &apos;publish-framework\publish-windows\web.config&apos;" date="2025-07-15T20:21:44.598" /><!-- duration: 0ms -->
            <step title="Deleting file: &apos;publish-framework\publish-windows\Whiteboard.deps.json&apos;" date="2025-07-15T20:21:44.614" /><!-- duration: 0ms -->
            <step title="Deleting file: &apos;publish-framework\publish-windows\Whiteboard.runtimeconfig.json&apos;" date="2025-07-15T20:21:44.629" /><!-- duration: 0ms -->
            <step title="Deleting file: &apos;publish-framework\publish-windows\publish\appsettings.Development.json&apos;" date="2025-07-15T20:21:44.645" /><!-- duration: 16ms -->
            <step title="Deleting file: &apos;publish-framework\publish-windows\publish\appsettings.json&apos;" date="2025-07-15T20:21:44.692" /><!-- duration: 31ms -->
            <step title="Deleting file: &apos;publish-framework\publish-windows\publish\web.config&apos;" date="2025-07-15T20:21:44.739" /><!-- duration: 16ms -->
            <step title="Deleting file: &apos;publish-framework\publish-windows\publish\Whiteboard.deps.json&apos;" date="2025-07-15T20:21:44.754" /><!-- duration: 16ms -->
            <step title="Deleting file: &apos;publish-framework\publish-windows\publish\Whiteboard.runtimeconfig.json&apos;" date="2025-07-15T20:21:44.786" /><!-- duration: 0ms -->
            <step title="Deleting file: &apos;publish-framework\publish-windows\publish\publish\appsettings.Development.json&apos;" date="2025-07-15T20:21:44.801" /><!-- duration: 16ms -->
            <step title="Deleting file: &apos;publish-framework\publish-windows\publish\publish\appsettings.json&apos;" date="2025-07-15T20:21:44.817" /><!-- duration: 16ms -->
            <step title="Deleting file: &apos;publish-framework\publish-windows\publish\publish\Whiteboard.deps.json&apos;" date="2025-07-15T20:21:44.848" /><!-- duration: 0ms -->
            <step title="Deleting file: &apos;publish-framework\publish-windows\publish\publish\Whiteboard.runtimeconfig.json&apos;" date="2025-07-15T20:21:44.864" /><!-- duration: 0ms -->
            <step title="Deleting directory: &apos;publish-framework\publish-windows\publish\publish&apos;" date="2025-07-15T20:21:44.879" /><!-- duration: 16ms -->
            <step title="Deleting directory: &apos;publish-framework\publish-windows\publish&apos;" date="2025-07-15T20:21:44.895" /><!-- duration: 16ms -->
            <step title="Deleting directory: &apos;publish-framework\publish-windows&apos;" date="2025-07-15T20:21:44.926" /><!-- duration: 0ms -->
            <step title="Deleting directory: &apos;publish-framework&apos;" date="2025-07-15T20:21:44.942" /><!-- duration: 0ms -->
            <step title="Deleting file: &apos;publish-windows\appsettings.Development.json&apos;" date="2025-07-15T20:21:44.958" /><!-- duration: 0ms -->
            <step title="Deleting file: &apos;publish-windows\appsettings.json&apos;" date="2025-07-15T20:21:44.973" /><!-- duration: 0ms -->
            <step title="Deleting file: &apos;publish-windows\web.config&apos;" date="2025-07-15T20:21:44.989" /><!-- duration: 16ms -->
            <step title="Deleting file: &apos;publish-windows\Whiteboard.deps.json&apos;" date="2025-07-15T20:21:45.020" /><!-- duration: 0ms -->
            <step title="Deleting file: &apos;publish-windows\Whiteboard.runtimeconfig.json&apos;" date="2025-07-15T20:21:45.036" /><!-- duration: 0ms -->
            <step title="Deleting file: &apos;publish-windows\publish\appsettings.Development.json&apos;" date="2025-07-15T20:21:45.051" /><!-- duration: 0ms -->
            <step title="Deleting file: &apos;publish-windows\publish\appsettings.json&apos;" date="2025-07-15T20:21:45.067" /><!-- duration: 16ms -->
            <step title="Omitting next output lines..." date="2025-07-15T20:21:45.098" /><!-- duration: 0ms -->
            <step title="Finished successfully." date="2025-07-15T20:21:47.215" /><!-- duration: 0ms -->
          </step><!-- duration: 3789ms -->
          <step title="Build completed succesfully." date="2025-07-15T20:21:47.293" /><!-- duration: 16ms -->
          <step title="Running post deployment command(s)..." date="2025-07-15T20:21:47.340" /><!-- duration: 16ms -->
          <step title="Requesting site restart" date="2025-07-15T20:21:47.418" /><!-- duration: 0ms -->
          <step title="Requesting site restart" date="2025-07-15T20:21:47.418" /><!-- duration: 16ms -->
          <step title="Requesting site restart. Attempt #1" date="2025-07-15T20:21:47.480" /><!-- duration: 0ms -->
          <step title="Requesting site restart. Attempt #1" date="2025-07-15T20:21:47.496" /><!-- duration: 0ms -->
          <step title="Successfully requested a restart. Attempt #1" date="2025-07-15T20:21:47.652" /><!-- duration: 0ms -->
          <step title="Successfully requested a restart. Attempt #1" date="2025-07-15T20:21:47.668" /><!-- duration: 0ms -->
          <step title="Deployment successful. DEPLOYMENTINFO: deploymentPath = OneDeploy, deployer = OneDeploy, os = windows, sku = Free, siteName = Whiteboardv2-backend, siteHostName = whiteboardv2-backend-ckf7efgxbxbjg0ft.eastus-01.azurewebsites.net, deploymentStatus = Success" date="2025-07-15T20:21:47.715" /><!-- duration: 16ms -->
          <step title="Purge deployment items" date="2025-07-15T20:21:47.887" >
            <step title="Remove 502e51ce0, Success, received at 7/13/2025 4:05:52 AM" date="2025-07-15T20:21:48.012" /><!-- duration: 0ms -->
          </step><!-- duration: 141ms -->
        </step><!-- duration: 5039ms -->
      </step><!-- duration: 5383ms -->
      <step title="Cleaning up temp files" date="2025-07-15T20:21:48.074" /><!-- duration: 0ms -->
      <step title="Skip function trigger and logicapp sync because function is not enabled." date="2025-07-15T20:21:48.105" /><!-- duration: 16ms -->
    </step><!-- duration: 6290ms -->
    <step title="LockFile &apos;C:\home\site\locks\deployments.lock&apos; released" date="2025-07-15T20:21:48.184" /><!-- duration: 0ms -->
    <step title="Deleting shutdown sentinel file" date="2025-07-15T20:21:48.199" SemaphoreCount="8" /><!-- duration: 0ms -->
  </step><!-- duration: 12328ms -->
  <step title="Outgoing response" date="2025-07-15T20:21:48.230" type="response" statusCode="200" statusText="OK" Server="Microsoft-IIS/10.0" x-ms-request-id="4acd135e-61b9-11f0-a149-7a5b12043ae0" Cache-Control="private" X-AspNet-Version="4.0.30319" /><!-- duration: 0ms -->
</step><!-- duration: 12500ms -->
