<step title="Incoming Request" date="2025-07-13T04:39:48.314" instance="46bc5b" url="/api/publish?type=zip" method="POST" type="request" pid="10984,2,64" Cache-Control="no-cache" Content-Length="16371303" Content-Type="application/octet-stream" Accept="*/*" Accept-Encoding="gzip, deflate" Authorization="Bas..." Host="whiteboardv2-backend-ckf7efgxbxbjg0ft.scm.eastus-01.azurewebsites.net" User-Agent="AZURECLI/2.73.0 (HOMEBREW)" x-ms-client-request-id="65afe63c-5fa3-11f0-ac08-7a5b12043ae0" X-ARR-LOG-ID="65afe63c-5fa3-11f0-ac08-7a5b12043ae0" CLIENT-IP="67.2.17.107:59264" X-SITE-DEPLOYMENT-ID="Whiteboardv2-backend" WAS-DEFAULT-HOSTNAME="whiteboardv2-backend-ckf7efgxbxbjg0ft.scm.eastus-01.azurewebsites.net" X-Forwarded-Proto="https" X-AppService-Proto="https" X-Forwarded-TlsVersion="1.3" X-WAWS-Unencoded-URL="/api/publish?type=zip" >
  <step title="Cleanup Xml Logs" date="2025-07-13T04:39:48.314" /><!-- duration: 16ms -->
  <step title="OneDeploy" date="2025-07-13T04:39:48.439" >
    <step title="Starting PushDeployAsync" date="2025-07-13T04:39:48.439" /><!-- duration: 16ms -->
    <step title="Updating shutdown sentinel last write time" date="2025-07-13T04:39:48.455" SemaphoreCount="7" /><!-- duration: 16ms -->
    <step title="LockFile &apos;C:\home\site\locks\deployments.lock&apos; acquired" date="2025-07-13T04:39:48.470" /><!-- duration: 16ms -->
    <step title="Saving request content to C:\local\Temp\zipdeploy\1a52ppqr.zip" date="2025-07-13T04:39:48.486" >
      <step title="Total 16,371,303 bytes written to C:\local\Temp\zipdeploy\1a52ppqr.zip" date="2025-07-13T04:39:51.017" /><!-- duration: 0ms -->
    </step><!-- duration: 2531ms -->
    <step title="LockFile &apos;C:\home\site\locks\deployments.lock&apos; released" date="2025-07-13T04:39:51.033" /><!-- duration: 0ms -->
    <step title="Deleting shutdown sentinel file" date="2025-07-13T04:39:51.049" SemaphoreCount="8" /><!-- duration: 0ms -->
    <step title="Starting FetchDeploy" date="2025-07-13T04:39:51.049" /><!-- duration: 16ms -->
    <step title="Attempting to fetch target branch HEAD" date="2025-07-13T04:39:51.064" /><!-- duration: 0ms -->
    <step title="Updating shutdown sentinel last write time" date="2025-07-13T04:39:51.080" SemaphoreCount="7" /><!-- duration: 0ms -->
    <step title="LockFile &apos;C:\home\site\locks\deployments.lock&apos; acquired" date="2025-07-13T04:39:51.095" /><!-- duration: 0ms -->
    <step title="Performing fetch based deployment" date="2025-07-13T04:39:51.095" >
      <step title="Creating temporary deployment" date="2025-07-13T04:39:51.111" /><!-- duration: 31ms -->
      <step title="Fetching changes." date="2025-07-13T04:39:51.174" /><!-- duration: 16ms -->
      <step title="Starting LocalZipHandler" date="2025-07-13T04:39:51.189" /><!-- duration: 17ms -->
      <step title="Starting LocalZipFetch" date="2025-07-13T04:39:51.206" /><!-- duration: 0ms -->
      <step title="Cleaning up temp folders from previous zip deployments and extracting pushed zip file C:\local\Temp\zipdeploy\1a52ppqr.zip (15.61 MB) to C:\local\Temp\zipdeploy\extracted" date="2025-07-13T04:39:51.221" /><!-- duration: 0ms -->
      <step title="Cleaning up temp folders from previous zip deployments and extracting pushed zip file C:\local\Temp\zipdeploy\1a52ppqr.zip (15.61 MB) to C:\local\Temp\zipdeploy\extracted" date="2025-07-13T04:39:51.236" >
        <step title="Renaming extractTargetDirectory(C:\local\Temp\zipdeploy\extracted) to tempDirectory(C:\local\Temp\zipdeploy\pu3015et.cpy)" date="2025-07-13T04:39:51.236" /><!-- duration: 16ms -->
        <step title="Extracting 165 entries to C:\local\Temp\zipdeploy\extracted directory" date="2025-07-13T04:39:51.252" >
          <step title="Extracting to C:\local\Temp\zipdeploy\extracted\Microsoft.AspNetCore.Connections.Abstractions.dll ..." date="2025-07-13T04:39:51.252" /><!-- duration: 16ms -->
          <step title="Extracting to C:\local\Temp\zipdeploy\extracted\Microsoft.EntityFrameworkCore.Sqlite.dll ..." date="2025-07-13T04:39:51.267" /><!-- duration: 0ms -->
          <step title="Extracting to C:\local\Temp\zipdeploy\extracted\Microsoft.AspNetCore.Http.Connections.Client.dll ..." date="2025-07-13T04:39:51.283" /><!-- duration: 0ms -->
          <step title="Extracting to C:\local\Temp\zipdeploy\extracted\Microsoft.IdentityModel.Logging.dll ..." date="2025-07-13T04:39:51.283" /><!-- duration: 16ms -->
          <step title="Extracting to C:\local\Temp\zipdeploy\extracted\Microsoft.EntityFrameworkCore.dll ..." date="2025-07-13T04:39:51.299" /><!-- duration: 31ms -->
          <step title="Omitting extracting file traces ..." date="2025-07-13T04:39:51.346" /><!-- duration: 0ms -->
        </step><!-- duration: 594ms -->
      </step><!-- duration: 625ms -->
      <step title="None repository commit" date="2025-07-13T04:39:51.861" >
        <step title="Commit id: 34e75262a2fb442ea4123fbb0d2a82b5" date="2025-07-13T04:39:51.877" Message="OneDeploy" AuthorName="N/A" AuthorEmail="N/A" /><!-- duration: 0ms -->
      </step><!-- duration: 16ms -->
      <step title="Before sending BuildRequestReceived status to /api/updatedeploystatus" date="2025-07-13T04:39:51.892" /><!-- duration: 0ms -->
      <step title="DeploymentManager.Deploy(id:34e75262a2fb442ea4123fbb0d2a82b5)" date="2025-07-13T04:39:51.892" >
        <step title="Collecting changeset information" date="2025-07-13T04:39:51.908" /><!-- duration: 31ms -->
        <step title="Updating submodules" date="2025-07-13T04:39:51.955" >
          <step title="Updating submodules." date="2025-07-13T04:39:52.017" /><!-- duration: 0ms -->
        </step><!-- duration: 78ms -->
        <step title="Preparing deployment for commit id &apos;34e75262a2&apos;." date="2025-07-13T04:39:52.080" /><!-- duration: 0ms -->
        <step title="Determining deployment builder" date="2025-07-13T04:39:52.127" >
          <step title="Builder is OneDeployBuilder" date="2025-07-13T04:39:52.127" /><!-- duration: 0ms -->
        </step><!-- duration: 16ms -->
        <step title="Copying SSH keys" date="2025-07-13T04:39:52.158" /><!-- duration: 0ms -->
        <step title="Building" date="2025-07-13T04:39:52.158" >
          <step title="Running build. Project type: OneDeploy" date="2025-07-13T04:39:52.205" /><!-- duration: 0ms -->
          <step title="Copying the manifest" date="2025-07-13T04:39:52.252" /><!-- duration: 16ms -->
          <step title="Clean deploying to C:\home\site\wwwroot" date="2025-07-13T04:39:52.330" /><!-- duration: 16ms -->
          <step title="Generating deployment script." date="2025-07-13T04:39:52.392" /><!-- duration: 0ms -->
          <step title="Generating deployment script" date="2025-07-13T04:39:52.408" >
            <step title="Using cached version of the deployment script for command: -y --no-dot-deployment -r &quot;C:\local\Temp\zipdeploy\extracted&quot; -o &quot;C:\home\site\deployments\tools&quot; --basic --sitePath &quot;C:\local\Temp\zipdeploy\extracted&quot;" date="2025-07-13T04:39:52.424" /><!-- duration: 16ms -->
            <step title="Using cached version of deployment script (command: &apos;azure -y --no-dot-deployment -r &quot;C:\local\Temp\zipdeploy\extracted&quot; -o &quot;C:\home\site\deployments\tools&quot; --basic --sitePath &quot;C:\local\Temp\zipdeploy\extracted&quot;&apos;)." date="2025-07-13T04:39:52.455" /><!-- duration: 0ms -->
          </step><!-- duration: 94ms -->
          <step title="Running deployment command..." date="2025-07-13T04:39:52.549" /><!-- duration: 0ms -->
          <step title="Command: &quot;C:\home\site\deployments\tools\deploy.cmd&quot;" date="2025-07-13T04:39:52.564" /><!-- duration: 0ms -->
          <step title="Executing external process" date="2025-07-13T04:39:52.580" type="process" path="starter.cmd" arguments="&quot;C:\home\site\deployments\tools\deploy.cmd&quot;" >
            <step title="Handling Basic Web Site deployment." date="2025-07-13T04:39:52.689" /><!-- duration: 0ms -->
            <step title="Creating app_offline.htm" date="2025-07-13T04:39:53.205" /><!-- duration: 0ms -->
            <step title="KuduSync.NET from: &apos;C:\local\Temp\zipdeploy\extracted&apos; to: &apos;C:\home\site\wwwroot&apos;" date="2025-07-13T04:39:53.221" /><!-- duration: 0ms -->
            <step title="Deleting file: &apos;whiteboard.db-shm&apos;" date="2025-07-13T04:39:53.236" /><!-- duration: 16ms -->
            <step title="Deleting file: &apos;whiteboard.db-wal&apos;" date="2025-07-13T04:39:53.267" /><!-- duration: 0ms -->
            <step title="Copying file: &apos;Whiteboard&apos;" date="2025-07-13T04:39:53.283" /><!-- duration: 0ms -->
            <step title="Copying file: &apos;whiteboard.db&apos;" date="2025-07-13T04:39:53.299" /><!-- duration: 0ms -->
            <step title="Copying file: &apos;Whiteboard.dll&apos;" date="2025-07-13T04:39:53.330" /><!-- duration: 16ms -->
            <step title="Copying file: &apos;Whiteboard.pdb&apos;" date="2025-07-13T04:39:53.361" /><!-- duration: 31ms -->
            <step title="Copying file: &apos;publish-framework\appsettings.Development.json&apos;" date="2025-07-13T04:39:53.408" /><!-- duration: 0ms -->
            <step title="Copying file: &apos;publish-framework\appsettings.json&apos;" date="2025-07-13T04:39:53.424" /><!-- duration: 0ms -->
            <step title="Copying file: &apos;publish-framework\Whiteboard.deps.json&apos;" date="2025-07-13T04:39:53.439" /><!-- duration: 16ms -->
            <step title="Copying file: &apos;publish-framework\Whiteboard.runtimeconfig.json&apos;" date="2025-07-13T04:39:53.455" /><!-- duration: 16ms -->
            <step title="Copying file: &apos;publish-framework\publish\appsettings.Development.json&apos;" date="2025-07-13T04:39:53.486" /><!-- duration: 0ms -->
            <step title="Copying file: &apos;publish-framework\publish\appsettings.json&apos;" date="2025-07-13T04:39:53.502" /><!-- duration: 0ms -->
            <step title="Copying file: &apos;publish-framework\publish\Whiteboard.deps.json&apos;" date="2025-07-13T04:39:53.517" /><!-- duration: 0ms -->
            <step title="Copying file: &apos;publish-framework\publish\Whiteboard.runtimeconfig.json&apos;" date="2025-07-13T04:39:53.533" /><!-- duration: 0ms -->
            <step title="Copying file: &apos;publish-framework\publish\publish\appsettings.Development.json&apos;" date="2025-07-13T04:39:53.549" /><!-- duration: 16ms -->
            <step title="Copying file: &apos;publish-framework\publish\publish\appsettings.json&apos;" date="2025-07-13T04:39:53.564" /><!-- duration: 16ms -->
            <step title="Copying file: &apos;publish-framework\publish\publish\Whiteboard.deps.json&apos;" date="2025-07-13T04:39:53.596" /><!-- duration: 0ms -->
            <step title="Copying file: &apos;publish-framework\publish\publish\Whiteboard.runtimeconfig.json&apos;" date="2025-07-13T04:39:53.611" /><!-- duration: 0ms -->
            <step title="Copying file: &apos;publish-framework\publish-windows\appsettings.Development.json&apos;" date="2025-07-13T04:39:53.627" /><!-- duration: 16ms -->
            <step title="Copying file: &apos;publish-framework\publish-windows\appsettings.json&apos;" date="2025-07-13T04:39:53.643" /><!-- duration: 16ms -->
            <step title="Copying file: &apos;publish-framework\publish-windows\Whiteboard.deps.json&apos;" date="2025-07-13T04:39:53.658" /><!-- duration: 16ms -->
            <step title="Copying file: &apos;publish-framework\publish-windows\Whiteboard.runtimeconfig.json&apos;" date="2025-07-13T04:39:53.690" /><!-- duration: 0ms -->
            <step title="Copying file: &apos;publish-framework\publish-windows\publish\appsettings.Development.json&apos;" date="2025-07-13T04:39:53.705" /><!-- duration: 0ms -->
            <step title="Copying file: &apos;publish-framework\publish-windows\publish\appsettings.json&apos;" date="2025-07-13T04:39:53.721" /><!-- duration: 0ms -->
            <step title="Copying file: &apos;publish-framework\publish-windows\publish\Whiteboard.deps.json&apos;" date="2025-07-13T04:39:53.737" /><!-- duration: 0ms -->
            <step title="Copying file: &apos;publish-framework\publish-windows\publish\Whiteboard.runtimeconfig.json&apos;" date="2025-07-13T04:39:53.752" /><!-- duration: 16ms -->
            <step title="Copying file: &apos;publish-framework\publish-windows\publish\publish\appsettings.Development.json&apos;" date="2025-07-13T04:39:53.768" /><!-- duration: 16ms -->
            <step title="Copying file: &apos;publish-framework\publish-windows\publish\publish\appsettings.json&apos;" date="2025-07-13T04:39:53.799" /><!-- duration: 0ms -->
            <step title="Copying file: &apos;publish-framework\publish-windows\publish\publish\Whiteboard.deps.json&apos;" date="2025-07-13T04:39:53.815" /><!-- duration: 0ms -->
            <step title="Copying file: &apos;publish-framework\publish-windows\publish\publish\Whiteboard.runtimeconfig.json&apos;" date="2025-07-13T04:39:56.087" /><!-- duration: 0ms -->
            <step title="Copying file: &apos;publish-framework\web.config&apos;" date="2025-07-13T04:39:56.102" /><!-- duration: 0ms -->
            <step title="Copying file: &apos;publish-framework\publish\web.config&apos;" date="2025-07-13T04:39:56.118" /><!-- duration: 0ms -->
            <step title="Copying file: &apos;publish-framework\publish-windows\web.config&apos;" date="2025-07-13T04:39:56.134" /><!-- duration: 0ms -->
            <step title="Copying file: &apos;publish-framework\publish-windows\publish\web.config&apos;" date="2025-07-13T04:39:56.149" /><!-- duration: 16ms -->
            <step title="Deleting app_offline.htm" date="2025-07-13T04:39:56.165" /><!-- duration: 16ms -->
            <step title="Finished successfully." date="2025-07-13T04:39:56.196" /><!-- duration: 0ms -->
          </step><!-- duration: 3632ms -->
          <step title="Build completed succesfully." date="2025-07-13T04:39:56.243" /><!-- duration: 16ms -->
          <step title="Running post deployment command(s)..." date="2025-07-13T04:39:56.305" /><!-- duration: 0ms -->
          <step title="Requesting site restart" date="2025-07-13T04:39:56.352" /><!-- duration: 16ms -->
          <step title="Requesting site restart" date="2025-07-13T04:39:56.368" /><!-- duration: 16ms -->
          <step title="Requesting site restart. Attempt #1" date="2025-07-13T04:39:56.415" /><!-- duration: 16ms -->
          <step title="Requesting site restart. Attempt #1" date="2025-07-13T04:39:56.430" /><!-- duration: 16ms -->
          <step title="Successfully requested a restart. Attempt #1" date="2025-07-13T04:39:56.602" /><!-- duration: 0ms -->
          <step title="Successfully requested a restart. Attempt #1" date="2025-07-13T04:39:56.618" /><!-- duration: 16ms -->
          <step title="Deployment successful. DEPLOYMENTINFO: deploymentPath = OneDeploy, deployer = OneDeploy, os = windows, sku = Free, siteName = Whiteboardv2-backend, siteHostName = whiteboardv2-backend-ckf7efgxbxbjg0ft.eastus-01.azurewebsites.net, deploymentStatus = Success" date="2025-07-13T04:39:56.680" /><!-- duration: 0ms -->
          <step title="Purge deployment items" date="2025-07-13T04:39:56.805" >
            <step title="Remove 4cfbd123d, Success, received at 7/13/2025 3:56:49 AM" date="2025-07-13T04:39:56.868" /><!-- duration: 0ms -->
          </step><!-- duration: 78ms -->
        </step><!-- duration: 4741ms -->
      </step><!-- duration: 5007ms -->
      <step title="Cleaning up temp files" date="2025-07-13T04:39:56.915" /><!-- duration: 0ms -->
      <step title="Skip function trigger and logicapp sync because function is not enabled." date="2025-07-13T04:39:56.930" /><!-- duration: 0ms -->
    </step><!-- duration: 5882ms -->
    <step title="LockFile &apos;C:\home\site\locks\deployments.lock&apos; released" date="2025-07-13T04:39:56.993" /><!-- duration: 0ms -->
    <step title="Deleting shutdown sentinel file" date="2025-07-13T04:39:56.993" SemaphoreCount="8" /><!-- duration: 16ms -->
  </step><!-- duration: 8570ms -->
  <step title="Outgoing response" date="2025-07-13T04:39:57.009" type="response" statusCode="200" statusText="OK" Server="Microsoft-IIS/10.0" x-ms-request-id="65afe63c-5fa3-11f0-ac08-7a5b12043ae0" Cache-Control="private" X-AspNet-Version="4.0.30319" /><!-- duration: 16ms -->
</step><!-- duration: 8710ms -->
