<step title="Incoming Request" date="2025-07-15T23:35:11.981" instance="46bc5b" url="/api/zipdeploy?isAsync=true" method="POST" type="request" pid="5840,2,23" Cache-Control="no-cache" Content-Length="16448620" Content-Type="application/octet-stream" Accept="*/*" Accept-Encoding="gzip, deflate" Authorization="Bas..." Host="whiteboardv2-backend-ckf7efgxbxbjg0ft.scm.eastus-01.azurewebsites.net" User-Agent="AZURECLI/2.73.0 (HOMEBREW)" x-ms-client-request-id="551fb0e4-61d4-11f0-a1ec-7a5b12043ae0" X-ARR-LOG-ID="551fb0e4-61d4-11f0-a1ec-7a5b12043ae0" CLIENT-IP="67.2.17.107:65034" X-SITE-DEPLOYMENT-ID="Whiteboardv2-backend" WAS-DEFAULT-HOSTNAME="whiteboardv2-backend-ckf7efgxbxbjg0ft.scm.eastus-01.azurewebsites.net" X-Forwarded-Proto="https" X-AppService-Proto="https" X-Forwarded-TlsVersion="1.3" X-WAWS-Unencoded-URL="/api/zipdeploy?isAsync=true" >
  <step title="Cleanup Xml Logs" date="2025-07-15T23:35:11.981" /><!-- duration: 16ms -->
  <step title="ZipPushDeploy" date="2025-07-15T23:35:12.106" >
    <step title="ZipDeploy. Extract zip. " date="2025-07-15T23:35:12.106" /><!-- duration: 16ms -->
    <step title="Starting PushDeployAsync" date="2025-07-15T23:35:12.121" /><!-- duration: 0ms -->
    <step title="Updating shutdown sentinel last write time" date="2025-07-15T23:35:12.137" SemaphoreCount="7" /><!-- duration: 0ms -->
    <step title="LockFile &apos;C:\home\site\locks\deployments.lock&apos; acquired" date="2025-07-15T23:35:12.215" /><!-- duration: 0ms -->
    <step title="Saving request content to C:\local\Temp\zipdeploy\jw1buoc0.zip" date="2025-07-15T23:35:12.231" >
      <step title="Total 16,448,620 bytes written to C:\local\Temp\zipdeploy\jw1buoc0.zip" date="2025-07-15T23:35:16.613" /><!-- duration: 0ms -->
    </step><!-- duration: 4397ms -->
    <step title="LockFile &apos;C:\home\site\locks\deployments.lock&apos; released" date="2025-07-15T23:35:16.628" /><!-- duration: 0ms -->
    <step title="Deleting shutdown sentinel file" date="2025-07-15T23:35:16.644" SemaphoreCount="8" /><!-- duration: 16ms -->
    <step title="Starting FetchDeploy" date="2025-07-15T23:35:16.659" /><!-- duration: 0ms -->
    <step title="Start deployment in the background" date="2025-07-15T23:35:16.675" /><!-- duration: 63ms -->
  </step><!-- duration: 4632ms -->
  <step title="Outgoing response" date="2025-07-15T23:35:16.738" type="response" statusCode="202" statusText="Accepted" Server="Microsoft-IIS/10.0" x-ms-request-id="551fb0e4-61d4-11f0-a1ec-7a5b12043ae0" Retry-After="30" Cache-Control="private" X-AspNet-Version="4.0.30319" Location="https://whiteboardv2-backend-ckf7efgxbxbjg0ft.scm.eastus-01.azurewebsites.net/api/deployments/latest?deployer=ZipDeploy&amp;time=2025-07-15_23-35-16Z" /><!-- duration: 16ms -->
</step><!-- duration: 4772ms -->
