<step title="Incoming Request" date="2025-07-16T01:08:02.577" instance="46bc5b" url="/api/zipdeploy?author=ms-azuretools-vscode&amp;deployer=ms-azuretools-vscode&amp;isAsync=true&amp;trackDeploymentId=true" method="POST" type="request" pid="7916,2,83" Transfer-Encoding="chunked" Accept-Encoding="gzip,deflate" Accept-Language="en" Authorization="Bea..." Host="whiteboardv2-backend-ckf7efgxbxbjg0ft.scm.eastus-01.azurewebsites.net" User-Agent="vscode-azureappservice/0.26.2 core-rest-pipeline/1.20.0 Node/22.15.1 OS/(arm64-Darwin-24.5.0)" x-ms-correlation-request-id="c34cefef-add3-438f-80b2-8d66c6efff3e" x-ms-client-request-id="305e86be-c404-487e-afef-23549d864cbc" X-ARR-LOG-ID="305e86be-c404-487e-afef-23549d864cbc" CLIENT-IP="67.2.17.107:56145" X-SITE-DEPLOYMENT-ID="Whiteboardv2-backend" WAS-DEFAULT-HOSTNAME="whiteboardv2-backend-ckf7efgxbxbjg0ft.scm.eastus-01.azurewebsites.net" X-Forwarded-Proto="https" X-AppService-Proto="https" X-Forwarded-TlsVersion="1.3" X-WAWS-Unencoded-URL="/api/zipdeploy?author=ms-azuretools-vscode&amp;deployer=ms-azuretools-vscode&amp;isAsync=true&amp;trackDeploymentId=true" >
  <step title="Cleanup Xml Logs" date="2025-07-16T01:08:02.577" /><!-- duration: 16ms -->
  <step title="ZipPushDeploy" date="2025-07-16T01:08:02.609" >
    <step title="ZipDeploy. Extract zip. " date="2025-07-16T01:08:02.609" /><!-- duration: 16ms -->
    <step title="Starting PushDeployAsync" date="2025-07-16T01:08:02.624" /><!-- duration: 0ms -->
    <step title="Updating shutdown sentinel last write time" date="2025-07-16T01:08:02.640" SemaphoreCount="7" /><!-- duration: 16ms -->
    <step title="LockFile &apos;C:\home\site\locks\deployments.lock&apos; acquired" date="2025-07-16T01:08:02.655" /><!-- duration: 16ms -->
    <step title="Saving request content to C:\local\Temp\zipdeploy\sdvm10fn.zip" date="2025-07-16T01:08:02.671" >
      <step title="Total 16,826,848 bytes written to C:\local\Temp\zipdeploy\sdvm10fn.zip" date="2025-07-16T01:08:06.254" /><!-- duration: 16ms -->
    </step><!-- duration: 3599ms -->
    <step title="LockFile &apos;C:\home\site\locks\deployments.lock&apos; released" date="2025-07-16T01:08:06.270" /><!-- duration: 16ms -->
    <step title="Deleting shutdown sentinel file" date="2025-07-16T01:08:06.285" SemaphoreCount="8" /><!-- duration: 16ms -->
    <step title="Starting FetchDeploy" date="2025-07-16T01:08:06.301" /><!-- duration: 0ms -->
    <step title="Start deployment in the background" date="2025-07-16T01:08:06.301" /><!-- duration: 78ms -->
  </step><!-- duration: 3771ms -->
  <step title="Outgoing response" date="2025-07-16T01:08:06.395" type="response" statusCode="202" statusText="Accepted" Server="Microsoft-IIS/10.0" x-ms-request-id="305e86be-c404-487e-afef-23549d864cbc" Retry-After="30" Cache-Control="private" X-AspNet-Version="4.0.30319" Location="https://whiteboardv2-backend-ckf7efgxbxbjg0ft.scm.eastus-01.azurewebsites.net/api/deployments/latest?deployer=ms-azuretools-vscode&amp;time=2025-07-16_01-08-06Z" /><!-- duration: 0ms -->
</step><!-- duration: 3818ms -->
