<step title="Incoming Request" date="2025-07-13T04:25:41.575" instance="46bc5b" url="/api/zipdeploy?author=ms-azuretools-vscode&amp;deployer=ms-azuretools-vscode&amp;isAsync=true&amp;trackDeploymentId=true" method="POST" type="request" pid="10032,2,93" Transfer-Encoding="chunked" Accept-Encoding="gzip,deflate" Accept-Language="en" Authorization="Bea..." Host="whiteboardv2-backend-ckf7efgxbxbjg0ft.scm.eastus-01.azurewebsites.net" User-Agent="vscode-azureappservice/0.26.2 core-rest-pipeline/1.20.0 Node/22.15.1 OS/(arm64-Darwin-24.5.0)" x-ms-correlation-request-id="d518c224-e02e-486f-81e4-e02181092f6d" x-ms-client-request-id="7aad3ef5-c097-44c2-bedd-c5c190dc4b51" X-ARR-LOG-ID="7aad3ef5-c097-44c2-bedd-c5c190dc4b51" CLIENT-IP="67.2.17.107:55881" X-SITE-DEPLOYMENT-ID="Whiteboardv2-backend" WAS-DEFAULT-HOSTNAME="whiteboardv2-backend-ckf7efgxbxbjg0ft.scm.eastus-01.azurewebsites.net" X-Forwarded-Proto="https" X-AppService-Proto="https" X-Forwarded-TlsVersion="1.3" X-WAWS-Unencoded-URL="/api/zipdeploy?author=ms-azuretools-vscode&amp;deployer=ms-azuretools-vscode&amp;isAsync=true&amp;trackDeploymentId=true" >
  <step title="Cleanup Xml Logs" date="2025-07-13T04:25:41.591" /><!-- duration: 0ms -->
  <step title="ZipPushDeploy" date="2025-07-13T04:25:41.606" >
    <step title="ZipDeploy. Extract zip. " date="2025-07-13T04:25:41.622" /><!-- duration: 0ms -->
    <step title="Starting PushDeployAsync" date="2025-07-13T04:25:41.622" /><!-- duration: 16ms -->
    <step title="Updating shutdown sentinel last write time" date="2025-07-13T04:25:41.638" SemaphoreCount="7" /><!-- duration: 16ms -->
    <step title="LockFile &apos;C:\home\site\locks\deployments.lock&apos; acquired" date="2025-07-13T04:25:41.653" /><!-- duration: 16ms -->
    <step title="Saving request content to C:\local\Temp\zipdeploy\ki2v5q01.zip" date="2025-07-13T04:25:41.669" >
      <step title="Total 62,579,051 bytes written to C:\local\Temp\zipdeploy\ki2v5q01.zip" date="2025-07-13T04:25:54.040" /><!-- duration: 0ms -->
    </step><!-- duration: 12371ms -->
    <step title="LockFile &apos;C:\home\site\locks\deployments.lock&apos; released" date="2025-07-13T04:25:54.056" /><!-- duration: 0ms -->
    <step title="Deleting shutdown sentinel file" date="2025-07-13T04:25:54.071" SemaphoreCount="8" /><!-- duration: 0ms -->
    <step title="Starting FetchDeploy" date="2025-07-13T04:25:54.071" /><!-- duration: 16ms -->
    <step title="Start deployment in the background" date="2025-07-13T04:25:54.087" /><!-- duration: 94ms -->
  </step><!-- duration: 12574ms -->
  <step title="Outgoing response" date="2025-07-13T04:25:54.196" type="response" statusCode="202" statusText="Accepted" Server="Microsoft-IIS/10.0" x-ms-request-id="7aad3ef5-c097-44c2-bedd-c5c190dc4b51" Retry-After="30" Cache-Control="private" X-AspNet-Version="4.0.30319" Location="https://whiteboardv2-backend-ckf7efgxbxbjg0ft.scm.eastus-01.azurewebsites.net/api/deployments/latest?deployer=ms-azuretools-vscode&amp;time=2025-07-13_04-25-54Z" /><!-- duration: 0ms -->
</step><!-- duration: 12621ms -->
