<step title="BackgroundTrace" date="2025-07-17T19:50:50.692" instance="46bc5b" url="/api/zipdeploy" method="POST" >
  <step title="Cleanup Xml Logs" date="2025-07-17T19:50:50.692" /><!-- duration: 16ms -->
  <step title="Updating shutdown sentinel last write time" date="2025-07-17T19:50:50.724" SemaphoreCount="7" /><!-- duration: 0ms -->
  <step title="LockFile &apos;C:\home\site\locks\deployments.lock&apos; acquired" date="2025-07-17T19:50:50.739" /><!-- duration: 0ms -->
  <step title="Creating temporary deployment" date="2025-07-17T19:50:50.739" /><!-- duration: 47ms -->
  <step title="Performing fetch based deployment" date="2025-07-17T19:50:50.786" >
    <step title="Fetching changes." date="2025-07-17T19:50:50.880" /><!-- duration: 0ms -->
    <step title="Starting LocalZipHandler" date="2025-07-17T19:50:50.895" /><!-- duration: 0ms -->
    <step title="Cleaning up temp folders from previous zip deployments and extracting pushed zip file C:\local\Temp\zipdeploy\xyaohvjd.zip (16.04 MB) to C:\local\Temp\zipdeploy\extracted" date="2025-07-17T19:50:50.927" /><!-- duration: 0ms -->
    <step title="Cleaning up temp folders from previous zip deployments and extracting pushed zip file C:\local\Temp\zipdeploy\xyaohvjd.zip (16.04 MB) to C:\local\Temp\zipdeploy\extracted" date="2025-07-17T19:50:50.942" >
      <step title="Renaming extractTargetDirectory(C:\local\Temp\zipdeploy\extracted) to tempDirectory(C:\local\Temp\zipdeploy\tplitf3t.0n3)" date="2025-07-17T19:50:50.942" /><!-- duration: 16ms -->
      <step title="Extracting 61 entries to C:\local\Temp\zipdeploy\extracted directory" date="2025-07-17T19:50:50.958" >
        <step title="Extracting to C:\local\Temp\zipdeploy\extracted\Swashbuckle.AspNetCore.Swagger.dll ..." date="2025-07-17T19:50:50.958" /><!-- duration: 16ms -->
        <step title="Extracting to C:\local\Temp\zipdeploy\extracted\Microsoft.Data.Sqlite.dll ..." date="2025-07-17T19:50:50.974" /><!-- duration: 16ms -->
        <step title="Extracting to C:\local\Temp\zipdeploy\extracted\Microsoft.AspNetCore.SignalR.Client.Core.dll ..." date="2025-07-17T19:50:50.989" /><!-- duration: 16ms -->
        <step title="Extracting to C:\local\Temp\zipdeploy\extracted\Microsoft.Extensions.DependencyInjection.Abstractions.dll ..." date="2025-07-17T19:50:51.005" /><!-- duration: 0ms -->
        <step title="Extracting to C:\local\Temp\zipdeploy\extracted\appsettings.Development.json ..." date="2025-07-17T19:50:51.020" /><!-- duration: 0ms -->
        <step title="Omitting extracting file traces ..." date="2025-07-17T19:50:51.020" /><!-- duration: 16ms -->
        <step title="Extracting to C:\local\Temp\zipdeploy\extracted\runtimes\maccatalyst-x64\native\libe_sqlite3.dylib ..." date="2025-07-17T19:50:51.427" /><!-- duration: 16ms -->
        <step title="Extracting to C:\local\Temp\zipdeploy\extracted\runtimes\linux-arm\native\libe_sqlite3.so ..." date="2025-07-17T19:50:51.489" /><!-- duration: 16ms -->
        <step title="Extracting to C:\local\Temp\zipdeploy\extracted\runtimes\browser-wasm\nativeassets\net8.0\e_sqlite3.a ..." date="2025-07-17T19:50:51.505" /><!-- duration: 31ms -->
        <step title="Extracting to C:\local\Temp\zipdeploy\extracted\runtimes\linux-arm64\native\libe_sqlite3.so ..." date="2025-07-17T19:50:51.536" /><!-- duration: 31ms -->
        <step title="Extracting to C:\local\Temp\zipdeploy\extracted\runtimes\osx-x64\native\libe_sqlite3.dylib ..." date="2025-07-17T19:50:51.567" /><!-- duration: 31ms -->
      </step><!-- duration: 641ms -->
    </step><!-- duration: 656ms -->
    <step title="Before sending BuildRequestReceived status to /api/updatedeploystatus" date="2025-07-17T19:50:51.614" /><!-- duration: 0ms -->
    <step title="DeploymentManager.Deploy(id:fd175a1fd52f424da9f4fe2520c9a922)" date="2025-07-17T19:50:51.630" >
      <step title="Collecting changeset information" date="2025-07-17T19:50:51.645" /><!-- duration: 31ms -->
      <step title="Updating submodules" date="2025-07-17T19:50:51.692" >
        <step title="Updating submodules." date="2025-07-17T19:50:51.739" /><!-- duration: 0ms -->
      </step><!-- duration: 47ms -->
      <step title="Preparing deployment for commit id &apos;fd175a1fd5&apos;." date="2025-07-17T19:50:51.817" /><!-- duration: 0ms -->
      <step title="Determining deployment builder" date="2025-07-17T19:50:51.864" >
        <step title="Builder is BasicBuilder" date="2025-07-17T19:50:51.864" /><!-- duration: 16ms -->
      </step><!-- duration: 16ms -->
      <step title="Copying SSH keys" date="2025-07-17T19:50:51.911" /><!-- duration: 0ms -->
      <step title="Building" date="2025-07-17T19:50:51.927" >
        <step title="Generating deployment script." date="2025-07-17T19:50:51.974" /><!-- duration: 0ms -->
        <step title="Generating deployment script" date="2025-07-17T19:50:51.974" >
          <step title="Using cached version of the deployment script for command: -y --no-dot-deployment -r &quot;C:\local\Temp\zipdeploy\extracted&quot; -o &quot;C:\home\site\deployments\tools&quot; --basic --sitePath &quot;C:\local\Temp\zipdeploy\extracted&quot;" date="2025-07-17T19:50:52.021" /><!-- duration: 0ms -->
          <step title="Using cached version of deployment script (command: &apos;azure -y --no-dot-deployment -r &quot;C:\local\Temp\zipdeploy\extracted&quot; -o &quot;C:\home\site\deployments\tools&quot; --basic --sitePath &quot;C:\local\Temp\zipdeploy\extracted&quot;&apos;)." date="2025-07-17T19:50:52.036" /><!-- duration: 0ms -->
        </step><!-- duration: 63ms -->
        <step title="Running deployment command..." date="2025-07-17T19:50:52.099" /><!-- duration: 0ms -->
        <step title="Command: &quot;C:\home\site\deployments\tools\deploy.cmd&quot;" date="2025-07-17T19:50:52.114" /><!-- duration: 16ms -->
        <step title="Executing external process" date="2025-07-17T19:50:52.146" type="process" path="starter.cmd" arguments="&quot;C:\home\site\deployments\tools\deploy.cmd&quot;" >
          <step title="Handling Basic Web Site deployment." date="2025-07-17T19:50:52.255" /><!-- duration: 16ms -->
          <step title="Creating app_offline.htm" date="2025-07-17T19:50:52.536" /><!-- duration: 16ms -->
          <step title="KuduSync.NET from: &apos;C:\local\Temp\zipdeploy\extracted&apos; to: &apos;C:\home\site\wwwroot&apos;" date="2025-07-17T19:50:52.552" /><!-- duration: 16ms -->
          <step title="Copying file: &apos;whiteboard.db&apos;" date="2025-07-17T19:50:52.567" /><!-- duration: 16ms -->
          <step title="Deleting app_offline.htm" date="2025-07-17T19:50:52.599" /><!-- duration: 0ms -->
          <step title="Finished successfully." date="2025-07-17T19:50:52.614" /><!-- duration: 0ms -->
        </step><!-- duration: 484ms -->
        <step title="Running post deployment command(s)..." date="2025-07-17T19:50:52.677" /><!-- duration: 0ms -->
        <step title="Triggering recycle (preview mode disabled)." date="2025-07-17T19:50:52.739" /><!-- duration: 0ms -->
        <step title="Ignoring FS watcher based recycle request as this is a classic Windows app." date="2025-07-17T19:50:52.755" /><!-- duration: 0ms -->
        <step title="Deployment successful. DEPLOYMENTINFO: deploymentPath = ZipDeploy. Extract zip. , deployer = ms-azuretools-vscode, os = windows, sku = Free, siteName = Whiteboardv2-backend, siteHostName = whiteboardv2-backend-ckf7efgxbxbjg0ft.eastus-01.azurewebsites.net, deploymentStatus = Success" date="2025-07-17T19:50:52.866" /><!-- duration: 16ms -->
        <step title="Purge deployment items" date="2025-07-17T19:50:52.976" >
          <step title="Remove 1590e8480, Success, received at 7/16/2025 1:56:23 AM" date="2025-07-17T19:50:53.070" /><!-- duration: 16ms -->
        </step><!-- duration: 109ms -->
      </step><!-- duration: 1190ms -->
    </step><!-- duration: 1502ms -->
    <step title="Cleaning up temp files" date="2025-07-17T19:50:53.148" /><!-- duration: 0ms -->
    <step title="Skip function trigger and logicapp sync because function is not enabled." date="2025-07-17T19:50:53.163" /><!-- duration: 0ms -->
  </step><!-- duration: 2393ms -->
  <step title="LockFile &apos;C:\home\site\locks\deployments.lock&apos; released" date="2025-07-17T19:50:53.195" /><!-- duration: 16ms -->
  <step title="Deleting shutdown sentinel file" date="2025-07-17T19:50:53.210" SemaphoreCount="8" /><!-- duration: 16ms -->
</step><!-- duration: 2534ms -->
