<step title="Incoming Request" date="2025-07-16T01:14:12.387" instance="46bc5b" url="/api/zipdeploy?author=ms-azuretools-vscode&amp;deployer=ms-azuretools-vscode&amp;isAsync=true&amp;trackDeploymentId=true" method="POST" type="request" pid="7916,2,96" Transfer-Encoding="chunked" Accept-Encoding="gzip,deflate" Accept-Language="en" Authorization="Bea..." Host="whiteboardv2-backend-ckf7efgxbxbjg0ft.scm.eastus-01.azurewebsites.net" User-Agent="vscode-azureappservice/0.26.2 core-rest-pipeline/1.20.0 Node/22.15.1 OS/(arm64-Darwin-24.5.0)" x-ms-correlation-request-id="ad664d49-7e7f-4b7d-9fd3-d1cc0e809cdb" x-ms-client-request-id="b96b2dd8-9e09-4ba3-82ad-4aed2d4a04dc" X-ARR-LOG-ID="b96b2dd8-9e09-4ba3-82ad-4aed2d4a04dc" CLIENT-IP="67.2.17.107:56344" X-SITE-DEPLOYMENT-ID="Whiteboardv2-backend" WAS-DEFAULT-HOSTNAME="whiteboardv2-backend-ckf7efgxbxbjg0ft.scm.eastus-01.azurewebsites.net" X-Forwarded-Proto="https" X-AppService-Proto="https" X-Forwarded-TlsVersion="1.3" X-WAWS-Unencoded-URL="/api/zipdeploy?author=ms-azuretools-vscode&amp;deployer=ms-azuretools-vscode&amp;isAsync=true&amp;trackDeploymentId=true" >
  <step title="Cleanup Xml Logs" date="2025-07-16T01:14:12.387" /><!-- duration: 16ms -->
  <step title="ZipPushDeploy" date="2025-07-16T01:14:12.418" >
    <step title="ZipDeploy. Extract zip. " date="2025-07-16T01:14:12.418" /><!-- duration: 0ms -->
    <step title="Starting PushDeployAsync" date="2025-07-16T01:14:12.434" /><!-- duration: 0ms -->
    <step title="Updating shutdown sentinel last write time" date="2025-07-16T01:14:12.449" SemaphoreCount="7" /><!-- duration: 0ms -->
    <step title="LockFile &apos;C:\home\site\locks\deployments.lock&apos; acquired" date="2025-07-16T01:14:12.465" /><!-- duration: 0ms -->
    <step title="Saving request content to C:\local\Temp\zipdeploy\r4cqa2wl.zip" date="2025-07-16T01:14:12.480" >
      <step title="Total 16,826,806 bytes written to C:\local\Temp\zipdeploy\r4cqa2wl.zip" date="2025-07-16T01:14:16.081" /><!-- duration: 0ms -->
    </step><!-- duration: 3616ms -->
    <step title="LockFile &apos;C:\home\site\locks\deployments.lock&apos; released" date="2025-07-16T01:14:16.096" /><!-- duration: 0ms -->
    <step title="Deleting shutdown sentinel file" date="2025-07-16T01:14:16.112" SemaphoreCount="8" /><!-- duration: 0ms -->
    <step title="Starting FetchDeploy" date="2025-07-16T01:14:16.127" /><!-- duration: 0ms -->
    <step title="Start deployment in the background" date="2025-07-16T01:14:16.127" /><!-- duration: 78ms -->
  </step><!-- duration: 3787ms -->
  <step title="Outgoing response" date="2025-07-16T01:14:16.205" type="response" statusCode="202" statusText="Accepted" Server="Microsoft-IIS/10.0" x-ms-request-id="b96b2dd8-9e09-4ba3-82ad-4aed2d4a04dc" Retry-After="30" Cache-Control="private" X-AspNet-Version="4.0.30319" Location="https://whiteboardv2-backend-ckf7efgxbxbjg0ft.scm.eastus-01.azurewebsites.net/api/deployments/latest?deployer=ms-azuretools-vscode&amp;time=2025-07-16_01-14-16Z" /><!-- duration: 16ms -->
</step><!-- duration: 3834ms -->
