<step title="Incoming Request" date="2025-07-17T00:50:34.879" instance="46bc5b" url="/api/zipdeploy?isAsync=true" method="POST" type="request" pid="10440,2,8" Cache-Control="no-cache" Connection="Keep-Alive" Content-Length="34658382" Content-Type="application/octet-stream" Accept="*/*" Accept-Encoding="gzip, deflate" Authorization="Bas..." Host="whiteboardv2-backend-ckf7efgxbxbjg0ft.scm.eastus-01.azurewebsites.net" User-Agent="AZURECLI/2.73.0 (HOMEBREW)" x-ms-client-request-id="0887d98a-62a8-11f0-85a5-7a5b12043ae0" X-ARR-LOG-ID="0887d98a-62a8-11f0-85a5-7a5b12043ae0" CLIENT-IP="67.2.17.107:58300" X-SITE-DEPLOYMENT-ID="Whiteboardv2-backend" WAS-DEFAULT-HOSTNAME="whiteboardv2-backend-ckf7efgxbxbjg0ft.scm.eastus-01.azurewebsites.net" X-Forwarded-Proto="https" X-AppService-Proto="https" X-Forwarded-TlsVersion="1.3" X-WAWS-Unencoded-URL="/api/zipdeploy?isAsync=true" X-MS-COLDSTART="1" >
  <step title="ZipPushDeploy" date="2025-07-17T00:50:35.098" >
    <step title="ZipDeploy. Extract zip. " date="2025-07-17T00:50:35.129" /><!-- duration: 0ms -->
    <step title="Starting PushDeployAsync" date="2025-07-17T00:50:35.129" /><!-- duration: 16ms -->
    <step title="Updating shutdown sentinel last write time" date="2025-07-17T00:50:35.192" SemaphoreCount="7" /><!-- duration: 0ms -->
    <step title="LockFile &apos;C:\home\site\locks\deployments.lock&apos; acquired" date="2025-07-17T00:50:35.207" /><!-- duration: 0ms -->
    <step title="Saving request content to C:\local\Temp\zipdeploy\agyvp4vd.zip" date="2025-07-17T00:50:35.207" >
      <step title="Total 34,658,382 bytes written to C:\local\Temp\zipdeploy\agyvp4vd.zip" date="2025-07-17T00:50:40.596" /><!-- duration: 0ms -->
    </step><!-- duration: 5405ms -->
    <step title="LockFile &apos;C:\home\site\locks\deployments.lock&apos; released" date="2025-07-17T00:50:40.612" /><!-- duration: 0ms -->
    <step title="Deleting shutdown sentinel file" date="2025-07-17T00:50:40.628" SemaphoreCount="8" /><!-- duration: 0ms -->
    <step title="Starting FetchDeploy" date="2025-07-17T00:50:40.643" /><!-- duration: 0ms -->
    <step title="Start deployment in the background" date="2025-07-17T00:50:40.659" /><!-- duration: 63ms -->
  </step><!-- duration: 5639ms -->
  <step title="Outgoing response" date="2025-07-17T00:50:40.753" type="response" statusCode="202" statusText="Accepted" Server="Microsoft-IIS/10.0" x-ms-request-id="0887d98a-62a8-11f0-85a5-7a5b12043ae0" Retry-After="30" Cache-Control="private" X-AspNet-Version="4.0.30319" Location="https://whiteboardv2-backend-ckf7efgxbxbjg0ft.scm.eastus-01.azurewebsites.net/api/deployments/latest?deployer=ZipDeploy&amp;time=2025-07-17_00-50-40Z" /><!-- duration: 16ms -->
</step><!-- duration: 5889ms -->
