<step title="BackgroundTrace" date="2025-07-15T23:33:41.758" instance="46bc5b" url="/api/zipdeploy" method="POST" >
  <step title="Updating shutdown sentinel last write time" date="2025-07-15T23:33:41.773" SemaphoreCount="7" /><!-- duration: 0ms -->
  <step title="LockFile &apos;C:\home\site\locks\deployments.lock&apos; acquired" date="2025-07-15T23:33:41.773" /><!-- duration: 0ms -->
  <step title="Creating temporary deployment" date="2025-07-15T23:33:41.789" /><!-- duration: 31ms -->
  <step title="Performing fetch based deployment" date="2025-07-15T23:33:41.836" >
    <step title="Fetching changes." date="2025-07-15T23:33:41.898" /><!-- duration: 16ms -->
    <step title="Starting LocalZipHandler" date="2025-07-15T23:33:41.914" /><!-- duration: 0ms -->
    <step title="Cleaning up temp folders from previous zip deployments and extracting pushed zip file C:\local\Temp\zipdeploy\goqjcrgt.zip (15.70 MB) to C:\local\Temp\zipdeploy\extracted" date="2025-07-15T23:33:41.977" /><!-- duration: 0ms -->
    <step title="Cleaning up temp folders from previous zip deployments and extracting pushed zip file C:\local\Temp\zipdeploy\goqjcrgt.zip (15.70 MB) to C:\local\Temp\zipdeploy\extracted" date="2025-07-15T23:33:41.977" >
      <step title="Extracting 109 entries to C:\local\Temp\zipdeploy\extracted directory" date="2025-07-15T23:33:41.992" >
        <step title="Extracting to C:\local\Temp\zipdeploy\extracted\Microsoft.AspNetCore.Connections.Abstractions.dll ..." date="2025-07-15T23:33:41.992" /><!-- duration: 0ms -->
        <step title="Extracting to C:\local\Temp\zipdeploy\extracted\Microsoft.EntityFrameworkCore.Sqlite.dll ..." date="2025-07-15T23:33:42.008" /><!-- duration: 0ms -->
        <step title="Extracting to C:\local\Temp\zipdeploy\extracted\Microsoft.AspNetCore.Http.Connections.Client.dll ..." date="2025-07-15T23:33:42.023" /><!-- duration: 0ms -->
        <step title="Extracting to C:\local\Temp\zipdeploy\extracted\Microsoft.IdentityModel.Logging.dll ..." date="2025-07-15T23:33:42.023" /><!-- duration: 16ms -->
        <step title="Extracting to C:\local\Temp\zipdeploy\extracted\Microsoft.EntityFrameworkCore.dll ..." date="2025-07-15T23:33:42.040" /><!-- duration: 31ms -->
        <step title="Omitting extracting file traces ..." date="2025-07-15T23:33:42.086" /><!-- duration: 0ms -->
      </step><!-- duration: 579ms -->
    </step><!-- duration: 610ms -->
    <step title="Before sending BuildRequestReceived status to /api/updatedeploystatus" date="2025-07-15T23:33:42.586" /><!-- duration: 16ms -->
    <step title="DeploymentManager.Deploy(id:afd117a8f23047719a0b90e05aac3c26)" date="2025-07-15T23:33:42.602" >
      <step title="Collecting changeset information" date="2025-07-15T23:33:42.618" /><!-- duration: 47ms -->
      <step title="Updating submodules" date="2025-07-15T23:33:42.665" >
        <step title="Updating submodules." date="2025-07-15T23:33:42.711" /><!-- duration: 0ms -->
      </step><!-- duration: 63ms -->
      <step title="Preparing deployment for commit id &apos;afd117a8f2&apos;." date="2025-07-15T23:33:42.774" /><!-- duration: 0ms -->
      <step title="Determining deployment builder" date="2025-07-15T23:33:42.805" >
        <step title="Builder is BasicBuilder" date="2025-07-15T23:33:42.821" /><!-- duration: 0ms -->
      </step><!-- duration: 16ms -->
      <step title="Copying SSH keys" date="2025-07-15T23:33:42.852" /><!-- duration: 0ms -->
      <step title="Building" date="2025-07-15T23:33:42.868" >
        <step title="Generating deployment script." date="2025-07-15T23:33:42.899" /><!-- duration: 16ms -->
        <step title="Generating deployment script" date="2025-07-15T23:33:42.915" >
          <step title="Using cached version of the deployment script for command: -y --no-dot-deployment -r &quot;C:\local\Temp\zipdeploy\extracted&quot; -o &quot;C:\home\site\deployments\tools&quot; --basic --sitePath &quot;C:\local\Temp\zipdeploy\extracted&quot;" date="2025-07-15T23:33:42.946" /><!-- duration: 0ms -->
          <step title="Using cached version of deployment script (command: &apos;azure -y --no-dot-deployment -r &quot;C:\local\Temp\zipdeploy\extracted&quot; -o &quot;C:\home\site\deployments\tools&quot; --basic --sitePath &quot;C:\local\Temp\zipdeploy\extracted&quot;&apos;)." date="2025-07-15T23:33:42.961" /><!-- duration: 0ms -->
        </step><!-- duration: 62ms -->
        <step title="Running deployment command..." date="2025-07-15T23:33:43.008" /><!-- duration: 16ms -->
        <step title="Command: &quot;C:\home\site\deployments\tools\deploy.cmd&quot;" date="2025-07-15T23:33:43.040" /><!-- duration: 0ms -->
        <step title="Executing external process" date="2025-07-15T23:33:43.055" type="process" path="starter.cmd" arguments="&quot;C:\home\site\deployments\tools\deploy.cmd&quot;" >
          <step title="Handling Basic Web Site deployment." date="2025-07-15T23:33:43.180" /><!-- duration: 0ms -->
          <step title="Creating app_offline.htm" date="2025-07-15T23:33:45.924" /><!-- duration: 0ms -->
          <step title="KuduSync.NET from: &apos;C:\local\Temp\zipdeploy\extracted&apos; to: &apos;C:\home\site\wwwroot&apos;" date="2025-07-15T23:33:45.924" /><!-- duration: 16ms -->
          <step title="Copying file: &apos;Whiteboard&apos;" date="2025-07-15T23:33:45.939" /><!-- duration: 16ms -->
          <step title="Copying file: &apos;whiteboard.db&apos;" date="2025-07-15T23:33:45.955" /><!-- duration: 16ms -->
          <step title="Copying file: &apos;Whiteboard.deps.json&apos;" date="2025-07-15T23:33:45.971" /><!-- duration: 16ms -->
          <step title="Copying file: &apos;Whiteboard.dll&apos;" date="2025-07-15T23:33:45.986" /><!-- duration: 0ms -->
          <step title="Copying file: &apos;Whiteboard.pdb&apos;" date="2025-07-15T23:33:46.002" /><!-- duration: 16ms -->
          <step title="Copying file: &apos;Whiteboard.runtimeconfig.json&apos;" date="2025-07-15T23:33:46.018" /><!-- duration: 0ms -->
          <step title="Copying file: &apos;publish\appsettings.Development.json&apos;" date="2025-07-15T23:33:46.033" /><!-- duration: 0ms -->
          <step title="Copying file: &apos;publish\appsettings.json&apos;" date="2025-07-15T23:33:46.049" /><!-- duration: 0ms -->
          <step title="Copying file: &apos;publish\Whiteboard.deps.json&apos;" date="2025-07-15T23:33:46.064" /><!-- duration: 0ms -->
          <step title="Copying file: &apos;publish\Whiteboard.runtimeconfig.json&apos;" date="2025-07-15T23:33:46.080" /><!-- duration: 0ms -->
          <step title="Copying file: &apos;publish\web.config&apos;" date="2025-07-15T23:33:46.096" /><!-- duration: 0ms -->
          <step title="Deleting app_offline.htm" date="2025-07-15T23:33:46.111" /><!-- duration: 0ms -->
          <step title="Finished successfully." date="2025-07-15T23:33:46.127" /><!-- duration: 0ms -->
        </step><!-- duration: 3072ms -->
        <step title="Running post deployment command(s)..." date="2025-07-15T23:33:46.174" /><!-- duration: 16ms -->
        <step title="Triggering recycle (preview mode disabled)." date="2025-07-15T23:33:46.236" /><!-- duration: 0ms -->
        <step title="Ignoring FS watcher based recycle request as this is a classic Windows app." date="2025-07-15T23:33:46.252" /><!-- duration: 0ms -->
        <step title="Deployment successful. DEPLOYMENTINFO: deploymentPath = ZipDeploy. Extract zip. , deployer = ZipDeploy, os = windows, sku = Free, siteName = Whiteboardv2-backend, siteHostName = whiteboardv2-backend-ckf7efgxbxbjg0ft.eastus-01.azurewebsites.net, deploymentStatus = Success" date="2025-07-15T23:33:46.549" /><!-- duration: 16ms -->
        <step title="Purge deployment items" date="2025-07-15T23:33:46.658" >
          <step title="Remove 62d13d569, Success, received at 7/13/2025 4:07:51 AM" date="2025-07-15T23:33:46.736" /><!-- duration: 0ms -->
        </step><!-- duration: 78ms -->
      </step><!-- duration: 3900ms -->
    </step><!-- duration: 4166ms -->
    <step title="Cleaning up temp files" date="2025-07-15T23:33:46.783" /><!-- duration: 0ms -->
    <step title="Skip function trigger and logicapp sync because function is not enabled." date="2025-07-15T23:33:46.799" /><!-- duration: 0ms -->
  </step><!-- duration: 4979ms -->
  <step title="LockFile &apos;C:\home\site\locks\deployments.lock&apos; released" date="2025-07-15T23:33:46.830" /><!-- duration: 0ms -->
  <step title="Deleting shutdown sentinel file" date="2025-07-15T23:33:46.846" SemaphoreCount="8" /><!-- duration: 16ms -->
</step><!-- duration: 5104ms -->
