<step title="BackgroundTrace" date="2025-07-13T04:25:54.087" instance="46bc5b" url="/api/zipdeploy" method="POST" >
  <step title="Cleanup Xml Logs" date="2025-07-13T04:25:54.103" /><!-- duration: 0ms -->
  <step title="Updating shutdown sentinel last write time" date="2025-07-13T04:25:54.118" SemaphoreCount="7" /><!-- duration: 16ms -->
  <step title="LockFile &apos;C:\home\site\locks\deployments.lock&apos; acquired" date="2025-07-13T04:25:54.134" /><!-- duration: 0ms -->
  <step title="Creating temporary deployment" date="2025-07-13T04:25:54.149" /><!-- duration: 31ms -->
  <step title="Performing fetch based deployment" date="2025-07-13T04:25:54.181" >
    <step title="Fetching changes." date="2025-07-13T04:25:54.243" /><!-- duration: 0ms -->
    <step title="Starting LocalZipHandler" date="2025-07-13T04:25:54.243" /><!-- duration: 16ms -->
    <step title="Cleaning up temp folders from previous zip deployments and extracting pushed zip file C:\local\Temp\zipdeploy\ki2v5q01.zip (59.68 MB) to C:\local\Temp\zipdeploy\extracted" date="2025-07-13T04:25:54.290" /><!-- duration: 0ms -->
    <step title="Cleaning up temp folders from previous zip deployments and extracting pushed zip file C:\local\Temp\zipdeploy\ki2v5q01.zip (59.68 MB) to C:\local\Temp\zipdeploy\extracted" date="2025-07-13T04:25:54.290" >
      <step title="Renaming extractTargetDirectory(C:\local\Temp\zipdeploy\extracted) to tempDirectory(C:\local\Temp\zipdeploy\zpfjrnkq.jax)" date="2025-07-13T04:25:54.290" /><!-- duration: 16ms -->
      <step title="Extracting 379 entries to C:\local\Temp\zipdeploy\extracted directory" date="2025-07-13T04:25:54.306" >
        <step title="Extracting to C:\local\Temp\zipdeploy\extracted\libSystem.Net.Security.Native.so ..." date="2025-07-13T04:25:54.321" /><!-- duration: 0ms -->
        <step title="Extracting to C:\local\Temp\zipdeploy\extracted\Microsoft.AspNetCore.Mvc.ApiExplorer.dll ..." date="2025-07-13T04:25:54.321" /><!-- duration: 16ms -->
        <step title="Extracting to C:\local\Temp\zipdeploy\extracted\Microsoft.AspNetCore.Diagnostics.dll ..." date="2025-07-13T04:25:54.337" /><!-- duration: 16ms -->
        <step title="Extracting to C:\local\Temp\zipdeploy\extracted\Swashbuckle.AspNetCore.Swagger.dll ..." date="2025-07-13T04:25:54.353" /><!-- duration: 16ms -->
        <step title="Extracting to C:\local\Temp\zipdeploy\extracted\System.Threading.Channels.dll ..." date="2025-07-13T04:25:54.368" /><!-- duration: 0ms -->
        <step title="Omitting extracting file traces ..." date="2025-07-13T04:25:54.384" /><!-- duration: 0ms -->
        <step title="Extracting to C:\local\Temp\zipdeploy\extracted\Microsoft.AspNetCore.ResponseCaching.dll ..." date="2025-07-13T04:25:56.071" /><!-- duration: 16ms -->
        <step title="Extracting to C:\local\Temp\zipdeploy\extracted\Microsoft.AspNetCore.HttpLogging.dll ..." date="2025-07-13T04:25:56.087" /><!-- duration: 16ms -->
        <step title="Extracting to C:\local\Temp\zipdeploy\extracted\runtimes\osx-x64\native\libe_sqlite3.dylib ..." date="2025-07-13T04:25:56.103" /><!-- duration: 16ms -->
        <step title="Extracting to C:\local\Temp\zipdeploy\extracted\runtimes\win-arm\native\e_sqlite3.dll ..." date="2025-07-13T04:25:56.134" /><!-- duration: 16ms -->
        <step title="Extracting to C:\local\Temp\zipdeploy\extracted\runtimes\maccatalyst-x64\native\libe_sqlite3.dylib ..." date="2025-07-13T04:25:56.165" /><!-- duration: 16ms -->
      </step><!-- duration: 1875ms -->
    </step><!-- duration: 1906ms -->
    <step title="Before sending BuildRequestReceived status to /api/updatedeploystatus" date="2025-07-13T04:25:56.196" /><!-- duration: 0ms -->
    <step title="DeploymentManager.Deploy(id:5417a085585b4c4fac4cf18b51d7dcc9)" date="2025-07-13T04:25:56.212" >
      <step title="Collecting changeset information" date="2025-07-13T04:25:56.212" /><!-- duration: 31ms -->
      <step title="Updating submodules" date="2025-07-13T04:25:56.259" >
        <step title="Updating submodules." date="2025-07-13T04:25:56.306" /><!-- duration: 0ms -->
      </step><!-- duration: 47ms -->
      <step title="Preparing deployment for commit id &apos;5417a08558&apos;." date="2025-07-13T04:25:56.368" /><!-- duration: 0ms -->
      <step title="Determining deployment builder" date="2025-07-13T04:25:56.399" >
        <step title="Builder is BasicBuilder" date="2025-07-13T04:25:56.415" /><!-- duration: 0ms -->
      </step><!-- duration: 16ms -->
      <step title="Copying SSH keys" date="2025-07-13T04:25:56.431" /><!-- duration: 16ms -->
      <step title="Building" date="2025-07-13T04:25:56.446" >
        <step title="Generating deployment script." date="2025-07-13T04:25:56.493" /><!-- duration: 16ms -->
        <step title="Generating deployment script" date="2025-07-13T04:25:56.509" >
          <step title="Using cached version of the deployment script for command: -y --no-dot-deployment -r &quot;C:\local\Temp\zipdeploy\extracted&quot; -o &quot;C:\home\site\deployments\tools&quot; --basic --sitePath &quot;C:\local\Temp\zipdeploy\extracted&quot;" date="2025-07-13T04:25:56.524" /><!-- duration: 16ms -->
          <step title="Using cached version of deployment script (command: &apos;azure -y --no-dot-deployment -r &quot;C:\local\Temp\zipdeploy\extracted&quot; -o &quot;C:\home\site\deployments\tools&quot; --basic --sitePath &quot;C:\local\Temp\zipdeploy\extracted&quot;&apos;)." date="2025-07-13T04:25:56.540" /><!-- duration: 0ms -->
        </step><!-- duration: 47ms -->
        <step title="Running deployment command..." date="2025-07-13T04:25:56.603" /><!-- duration: 16ms -->
        <step title="Command: &quot;C:\home\site\deployments\tools\deploy.cmd&quot;" date="2025-07-13T04:25:56.634" /><!-- duration: 0ms -->
        <step title="Executing external process" date="2025-07-13T04:25:56.634" type="process" path="starter.cmd" arguments="&quot;C:\home\site\deployments\tools\deploy.cmd&quot;" >
          <step title="Handling Basic Web Site deployment." date="2025-07-13T04:25:56.746" /><!-- duration: 16ms -->
          <step title="Creating app_offline.htm" date="2025-07-13T04:25:57.137" /><!-- duration: 0ms -->
          <step title="KuduSync.NET from: &apos;C:\local\Temp\zipdeploy\extracted&apos; to: &apos;C:\home\site\wwwroot&apos;" date="2025-07-13T04:25:57.152" /><!-- duration: 0ms -->
          <step title="Copying file: &apos;appsettings.Development.json&apos;" date="2025-07-13T04:25:57.168" /><!-- duration: 0ms -->
          <step title="Copying file: &apos;appsettings.json&apos;" date="2025-07-13T04:25:57.183" /><!-- duration: 0ms -->
          <step title="Copying file: &apos;createdump&apos;" date="2025-07-13T04:25:57.183" /><!-- duration: 16ms -->
          <step title="Copying file: &apos;libclrgc.so&apos;" date="2025-07-13T04:25:57.215" /><!-- duration: 0ms -->
          <step title="Copying file: &apos;libclrjit.so&apos;" date="2025-07-13T04:25:57.215" /><!-- duration: 16ms -->
          <step title="Copying file: &apos;libcoreclr.so&apos;" date="2025-07-13T04:25:57.230" /><!-- duration: 16ms -->
          <step title="Copying file: &apos;libcoreclrtraceptprovider.so&apos;" date="2025-07-13T04:25:57.246" /><!-- duration: 0ms -->
          <step title="Copying file: &apos;libe_sqlite3.so&apos;" date="2025-07-13T04:25:57.262" /><!-- duration: 0ms -->
          <step title="Copying file: &apos;libhostfxr.so&apos;" date="2025-07-13T04:25:57.277" /><!-- duration: 0ms -->
          <step title="Copying file: &apos;libhostpolicy.so&apos;" date="2025-07-13T04:25:57.293" /><!-- duration: 0ms -->
          <step title="Copying file: &apos;libmscordaccore.so&apos;" date="2025-07-13T04:25:57.308" /><!-- duration: 0ms -->
          <step title="Copying file: &apos;libmscordbi.so&apos;" date="2025-07-13T04:25:57.324" /><!-- duration: 0ms -->
          <step title="Copying file: &apos;libSystem.Globalization.Native.so&apos;" date="2025-07-13T04:25:57.340" /><!-- duration: 0ms -->
          <step title="Copying file: &apos;libSystem.IO.Compression.Native.so&apos;" date="2025-07-13T04:25:57.355" /><!-- duration: 0ms -->
          <step title="Copying file: &apos;libSystem.Native.so&apos;" date="2025-07-13T04:25:57.371" /><!-- duration: 0ms -->
          <step title="Copying file: &apos;libSystem.Net.Security.Native.so&apos;" date="2025-07-13T04:25:57.387" /><!-- duration: 0ms -->
          <step title="Copying file: &apos;libSystem.Security.Cryptography.Native.OpenSsl.so&apos;" date="2025-07-13T04:25:57.402" /><!-- duration: 0ms -->
          <step title="Copying file: &apos;Microsoft.AspNetCore.Antiforgery.dll&apos;" date="2025-07-13T04:25:57.418" /><!-- duration: 0ms -->
          <step title="Copying file: &apos;Microsoft.AspNetCore.Authentication.Abstractions.dll&apos;" date="2025-07-13T04:25:57.449" /><!-- duration: 16ms -->
          <step title="Copying file: &apos;Microsoft.AspNetCore.Authentication.BearerToken.dll&apos;" date="2025-07-13T04:25:57.480" /><!-- duration: 16ms -->
          <step title="Copying file: &apos;Microsoft.AspNetCore.Authentication.Cookies.dll&apos;" date="2025-07-13T04:25:57.512" /><!-- duration: 0ms -->
          <step title="Copying file: &apos;Microsoft.AspNetCore.Authentication.Core.dll&apos;" date="2025-07-13T04:25:57.527" /><!-- duration: 0ms -->
          <step title="Copying file: &apos;Microsoft.AspNetCore.Authentication.dll&apos;" date="2025-07-13T04:25:57.543" /><!-- duration: 0ms -->
          <step title="Copying file: &apos;Microsoft.AspNetCore.Authentication.OAuth.dll&apos;" date="2025-07-13T04:25:57.558" /><!-- duration: 0ms -->
          <step title="Copying file: &apos;Microsoft.AspNetCore.Authorization.dll&apos;" date="2025-07-13T04:25:57.574" /><!-- duration: 0ms -->
          <step title="Copying file: &apos;Microsoft.AspNetCore.Authorization.Policy.dll&apos;" date="2025-07-13T04:25:57.590" /><!-- duration: 0ms -->
          <step title="Copying file: &apos;Microsoft.AspNetCore.Components.Authorization.dll&apos;" date="2025-07-13T04:25:57.590" /><!-- duration: 16ms -->
          <step title="Copying file: &apos;Microsoft.AspNetCore.Components.dll&apos;" date="2025-07-13T04:25:57.605" /><!-- duration: 16ms -->
          <step title="Copying file: &apos;Microsoft.AspNetCore.Components.Endpoints.dll&apos;" date="2025-07-13T04:25:57.621" /><!-- duration: 16ms -->
          <step title="Copying file: &apos;Microsoft.AspNetCore.Components.Forms.dll&apos;" date="2025-07-13T04:25:57.637" /><!-- duration: 16ms -->
          <step title="Copying file: &apos;Microsoft.AspNetCore.Components.Server.dll&apos;" date="2025-07-13T04:25:57.652" /><!-- duration: 16ms -->
          <step title="Copying file: &apos;Microsoft.AspNetCore.Components.Web.dll&apos;" date="2025-07-13T04:25:57.668" /><!-- duration: 0ms -->
          <step title="Copying file: &apos;Microsoft.AspNetCore.Connections.Abstractions.dll&apos;" date="2025-07-13T04:25:57.683" /><!-- duration: 0ms -->
          <step title="Copying file: &apos;Microsoft.AspNetCore.CookiePolicy.dll&apos;" date="2025-07-13T04:25:57.699" /><!-- duration: 0ms -->
          <step title="Copying file: &apos;Microsoft.AspNetCore.Cors.dll&apos;" date="2025-07-13T04:25:57.715" /><!-- duration: 0ms -->
          <step title="Copying file: &apos;Microsoft.AspNetCore.Cryptography.Internal.dll&apos;" date="2025-07-13T04:25:57.730" /><!-- duration: 0ms -->
          <step title="Copying file: &apos;Microsoft.AspNetCore.Cryptography.KeyDerivation.dll&apos;" date="2025-07-13T04:25:57.746" /><!-- duration: 0ms -->
          <step title="Copying file: &apos;Microsoft.AspNetCore.DataProtection.Abstractions.dll&apos;" date="2025-07-13T04:25:57.762" /><!-- duration: 0ms -->
          <step title="Copying file: &apos;Microsoft.AspNetCore.DataProtection.dll&apos;" date="2025-07-13T04:25:57.762" /><!-- duration: 16ms -->
          <step title="Copying file: &apos;Microsoft.AspNetCore.DataProtection.Extensions.dll&apos;" date="2025-07-13T04:25:57.777" /><!-- duration: 16ms -->
          <step title="Copying file: &apos;Microsoft.AspNetCore.Diagnostics.Abstractions.dll&apos;" date="2025-07-13T04:25:57.793" /><!-- duration: 16ms -->
          <step title="Copying file: &apos;Microsoft.AspNetCore.Diagnostics.dll&apos;" date="2025-07-13T04:25:57.808" /><!-- duration: 16ms -->
          <step title="Copying file: &apos;Microsoft.AspNetCore.Diagnostics.HealthChecks.dll&apos;" date="2025-07-13T04:25:57.824" /><!-- duration: 0ms -->
          <step title="Copying file: &apos;Microsoft.AspNetCore.dll&apos;" date="2025-07-13T04:25:57.855" /><!-- duration: 0ms -->
          <step title="Copying file: &apos;Microsoft.AspNetCore.HostFiltering.dll&apos;" date="2025-07-13T04:25:57.855" /><!-- duration: 16ms -->
          <step title="Copying file: &apos;Microsoft.AspNetCore.Hosting.Abstractions.dll&apos;" date="2025-07-13T04:25:57.887" /><!-- duration: 0ms -->
          <step title="Copying file: &apos;Microsoft.AspNetCore.Hosting.dll&apos;" date="2025-07-13T04:25:57.902" /><!-- duration: 0ms -->
          <step title="Copying file: &apos;Microsoft.AspNetCore.Hosting.Server.Abstractions.dll&apos;" date="2025-07-13T04:25:57.918" /><!-- duration: 0ms -->
          <step title="Omitting next output lines..." date="2025-07-13T04:25:57.933" /><!-- duration: 0ms -->
          <step title="Finished successfully." date="2025-07-13T04:26:01.467" /><!-- duration: 0ms -->
        </step><!-- duration: 4848ms -->
        <step title="Running post deployment command(s)..." date="2025-07-13T04:26:01.513" /><!-- duration: 16ms -->
        <step title="Triggering recycle (preview mode disabled)." date="2025-07-13T04:26:01.638" /><!-- duration: 16ms -->
        <step title="Ignoring FS watcher based recycle request as this is a classic Windows app." date="2025-07-13T04:26:01.654" /><!-- duration: 0ms -->
        <step title="Deployment successful. DEPLOYMENTINFO: deploymentPath = ZipDeploy. Extract zip. , deployer = ms-azuretools-vscode, os = windows, sku = Free, siteName = Whiteboardv2-backend, siteHostName = whiteboardv2-backend-ckf7efgxbxbjg0ft.eastus-01.azurewebsites.net, deploymentStatus = Success" date="2025-07-13T04:26:01.717" /><!-- duration: 0ms -->
        <step title="Purge deployment items" date="2025-07-13T04:26:01.810" >
          <step title="Remove 98feb3a63, Success, received at 7/13/2025 3:45:51 AM" date="2025-07-13T04:26:01.888" /><!-- duration: 0ms -->
        </step><!-- duration: 78ms -->
      </step><!-- duration: 5473ms -->
    </step><!-- duration: 5723ms -->
    <step title="Cleaning up temp files" date="2025-07-13T04:26:01.935" /><!-- duration: 16ms -->
    <step title="Skip function trigger and logicapp sync because function is not enabled." date="2025-07-13T04:26:01.951" /><!-- duration: 0ms -->
  </step><!-- duration: 7802ms -->
  <step title="LockFile &apos;C:\home\site\locks\deployments.lock&apos; released" date="2025-07-13T04:26:01.982" /><!-- duration: 0ms -->
  <step title="Deleting shutdown sentinel file" date="2025-07-13T04:26:01.998" SemaphoreCount="8" /><!-- duration: 0ms -->
</step><!-- duration: 7927ms -->
