<step title="BackgroundTrace" date="2025-07-17T17:46:22.558" instance="46bc5b" url="/api/zipdeploy" method="POST" >
  <step title="Updating shutdown sentinel last write time" date="2025-07-17T17:46:22.574" SemaphoreCount="7" /><!-- duration: 0ms -->
  <step title="LockFile &apos;C:\home\site\locks\deployments.lock&apos; acquired" date="2025-07-17T17:46:22.589" /><!-- duration: 0ms -->
  <step title="Creating temporary deployment" date="2025-07-17T17:46:22.589" /><!-- duration: 47ms -->
  <step title="Performing fetch based deployment" date="2025-07-17T17:46:22.652" >
    <step title="Fetching changes." date="2025-07-17T17:46:22.730" /><!-- duration: 31ms -->
    <step title="Starting LocalZipHandler" date="2025-07-17T17:46:22.761" /><!-- duration: 0ms -->
    <step title="Cleaning up temp folders from previous zip deployments and extracting pushed zip file C:\local\Temp\zipdeploy\1eulc3al.zip (4.59 MB) to C:\local\Temp\zipdeploy\extracted" date="2025-07-17T17:46:22.808" /><!-- duration: 0ms -->
    <step title="Cleaning up temp folders from previous zip deployments and extracting pushed zip file C:\local\Temp\zipdeploy\1eulc3al.zip (4.59 MB) to C:\local\Temp\zipdeploy\extracted" date="2025-07-17T17:46:22.808" >
      <step title="Extracting 42 entries to C:\local\Temp\zipdeploy\extracted directory" date="2025-07-17T17:46:22.824" >
        <step title="Extracting to C:\local\Temp\zipdeploy\extracted\Microsoft.AspNetCore.Connections.Abstractions.dll ..." date="2025-07-17T17:46:22.839" /><!-- duration: 0ms -->
        <step title="Extracting to C:\local\Temp\zipdeploy\extracted\Microsoft.EntityFrameworkCore.Sqlite.dll ..." date="2025-07-17T17:46:22.839" /><!-- duration: 16ms -->
        <step title="Extracting to C:\local\Temp\zipdeploy\extracted\Microsoft.AspNetCore.Http.Connections.Client.dll ..." date="2025-07-17T17:46:22.855" /><!-- duration: 16ms -->
        <step title="Extracting to C:\local\Temp\zipdeploy\extracted\Microsoft.IdentityModel.Logging.dll ..." date="2025-07-17T17:46:22.886" /><!-- duration: 16ms -->
        <step title="Extracting to C:\local\Temp\zipdeploy\extracted\Microsoft.EntityFrameworkCore.dll ..." date="2025-07-17T17:46:22.902" /><!-- duration: 31ms -->
        <step title="Omitting extracting file traces ..." date="2025-07-17T17:46:22.933" /><!-- duration: 16ms -->
        <step title="Extracting to C:\local\Temp\zipdeploy\extracted\Microsoft.Extensions.DependencyInjection.Abstractions.dll ..." date="2025-07-17T17:46:23.074" /><!-- duration: 0ms -->
        <step title="Extracting to C:\local\Temp\zipdeploy\extracted\Microsoft.AspNetCore.SignalR.Client.Core.dll ..." date="2025-07-17T17:46:23.089" /><!-- duration: 16ms -->
        <step title="Extracting to C:\local\Temp\zipdeploy\extracted\Microsoft.Data.Sqlite.dll ..." date="2025-07-17T17:46:23.105" /><!-- duration: 0ms -->
        <step title="Extracting to C:\local\Temp\zipdeploy\extracted\Whiteboard.exe ..." date="2025-07-17T17:46:23.121" /><!-- duration: 0ms -->
        <step title="Extracting to C:\local\Temp\zipdeploy\extracted\Swashbuckle.AspNetCore.Swagger.dll ..." date="2025-07-17T17:46:23.136" /><!-- duration: 0ms -->
      </step><!-- duration: 313ms -->
    </step><!-- duration: 344ms -->
    <step title="Before sending BuildRequestReceived status to /api/updatedeploystatus" date="2025-07-17T17:46:23.152" /><!-- duration: 16ms -->
    <step title="DeploymentManager.Deploy(id:a3209c72e8674c46ad58327c5a83c3c7)" date="2025-07-17T17:46:23.167" >
      <step title="Collecting changeset information" date="2025-07-17T17:46:23.183" /><!-- duration: 47ms -->
      <step title="Updating submodules" date="2025-07-17T17:46:23.246" >
        <step title="Updating submodules." date="2025-07-17T17:46:23.292" /><!-- duration: 0ms -->
      </step><!-- duration: 47ms -->
      <step title="Preparing deployment for commit id &apos;a3209c72e8&apos;." date="2025-07-17T17:46:23.355" /><!-- duration: 0ms -->
      <step title="Determining deployment builder" date="2025-07-17T17:46:23.402" >
        <step title="Builder is BasicBuilder" date="2025-07-17T17:46:23.417" /><!-- duration: 0ms -->
      </step><!-- duration: 31ms -->
      <step title="Copying SSH keys" date="2025-07-17T17:46:23.449" /><!-- duration: 16ms -->
      <step title="Building" date="2025-07-17T17:46:23.464" >
        <step title="Generating deployment script." date="2025-07-17T17:46:23.543" /><!-- duration: 16ms -->
        <step title="Generating deployment script" date="2025-07-17T17:46:23.558" >
          <step title="Using cached version of the deployment script for command: -y --no-dot-deployment -r &quot;C:\local\Temp\zipdeploy\extracted&quot; -o &quot;C:\home\site\deployments\tools&quot; --basic --sitePath &quot;C:\local\Temp\zipdeploy\extracted&quot;" date="2025-07-17T17:46:23.590" /><!-- duration: 16ms -->
          <step title="Using cached version of deployment script (command: &apos;azure -y --no-dot-deployment -r &quot;C:\local\Temp\zipdeploy\extracted&quot; -o &quot;C:\home\site\deployments\tools&quot; --basic --sitePath &quot;C:\local\Temp\zipdeploy\extracted&quot;&apos;)." date="2025-07-17T17:46:23.605" /><!-- duration: 16ms -->
        </step><!-- duration: 62ms -->
        <step title="Running deployment command..." date="2025-07-17T17:46:23.668" /><!-- duration: 0ms -->
        <step title="Command: &quot;C:\home\site\deployments\tools\deploy.cmd&quot;" date="2025-07-17T17:46:23.699" /><!-- duration: 0ms -->
        <step title="Executing external process" date="2025-07-17T17:46:23.715" type="process" path="starter.cmd" arguments="&quot;C:\home\site\deployments\tools\deploy.cmd&quot;" >
          <step title="Handling Basic Web Site deployment." date="2025-07-17T17:46:23.918" /><!-- duration: 0ms -->
          <step title="Creating app_offline.htm" date="2025-07-17T17:46:24.199" /><!-- duration: 0ms -->
          <step title="KuduSync.NET from: &apos;C:\local\Temp\zipdeploy\extracted&apos; to: &apos;C:\home\site\wwwroot&apos;" date="2025-07-17T17:46:24.215" /><!-- duration: 0ms -->
          <step title="Deleting file: &apos;runtimes\browser-wasm\nativeassets\net8.0\e_sqlite3.a&apos;" date="2025-07-17T17:46:24.230" /><!-- duration: 0ms -->
          <step title="Deleting directory: &apos;runtimes\browser-wasm\nativeassets\net8.0&apos;" date="2025-07-17T17:46:24.246" /><!-- duration: 16ms -->
          <step title="Deleting directory: &apos;runtimes\browser-wasm\nativeassets&apos;" date="2025-07-17T17:46:24.261" /><!-- duration: 16ms -->
          <step title="Deleting directory: &apos;runtimes\browser-wasm&apos;" date="2025-07-17T17:46:24.293" /><!-- duration: 0ms -->
          <step title="Deleting file: &apos;runtimes\linux-arm\native\libe_sqlite3.so&apos;" date="2025-07-17T17:46:24.308" /><!-- duration: 0ms -->
          <step title="Deleting directory: &apos;runtimes\linux-arm\native&apos;" date="2025-07-17T17:46:24.324" /><!-- duration: 0ms -->
          <step title="Deleting directory: &apos;runtimes\linux-arm&apos;" date="2025-07-17T17:46:24.340" /><!-- duration: 0ms -->
          <step title="Deleting file: &apos;runtimes\linux-arm64\native\libe_sqlite3.so&apos;" date="2025-07-17T17:46:24.355" /><!-- duration: 0ms -->
          <step title="Deleting directory: &apos;runtimes\linux-arm64\native&apos;" date="2025-07-17T17:46:24.371" /><!-- duration: 0ms -->
          <step title="Deleting directory: &apos;runtimes\linux-arm64&apos;" date="2025-07-17T17:46:24.386" /><!-- duration: 0ms -->
          <step title="Deleting file: &apos;runtimes\linux-armel\native\libe_sqlite3.so&apos;" date="2025-07-17T17:46:24.402" /><!-- duration: 0ms -->
          <step title="Deleting directory: &apos;runtimes\linux-armel\native&apos;" date="2025-07-17T17:46:24.418" /><!-- duration: 0ms -->
          <step title="Deleting directory: &apos;runtimes\linux-armel&apos;" date="2025-07-17T17:46:24.433" /><!-- duration: 0ms -->
          <step title="Deleting file: &apos;runtimes\linux-mips64\native\libe_sqlite3.so&apos;" date="2025-07-17T17:46:24.449" /><!-- duration: 0ms -->
          <step title="Deleting directory: &apos;runtimes\linux-mips64\native&apos;" date="2025-07-17T17:46:24.465" /><!-- duration: 16ms -->
          <step title="Deleting directory: &apos;runtimes\linux-mips64&apos;" date="2025-07-17T17:46:24.480" /><!-- duration: 16ms -->
          <step title="Deleting file: &apos;runtimes\linux-musl-arm\native\libe_sqlite3.so&apos;" date="2025-07-17T17:46:24.496" /><!-- duration: 16ms -->
          <step title="Deleting directory: &apos;runtimes\linux-musl-arm\native&apos;" date="2025-07-17T17:46:24.527" /><!-- duration: 0ms -->
          <step title="Deleting directory: &apos;runtimes\linux-musl-arm&apos;" date="2025-07-17T17:46:24.543" /><!-- duration: 0ms -->
          <step title="Deleting file: &apos;runtimes\linux-musl-arm64\native\libe_sqlite3.so&apos;" date="2025-07-17T17:46:24.558" /><!-- duration: 0ms -->
          <step title="Deleting directory: &apos;runtimes\linux-musl-arm64\native&apos;" date="2025-07-17T17:46:24.558" /><!-- duration: 16ms -->
          <step title="Deleting directory: &apos;runtimes\linux-musl-arm64&apos;" date="2025-07-17T17:46:24.574" /><!-- duration: 16ms -->
          <step title="Deleting file: &apos;runtimes\linux-musl-x64\native\libe_sqlite3.so&apos;" date="2025-07-17T17:46:24.590" /><!-- duration: 16ms -->
          <step title="Deleting directory: &apos;runtimes\linux-musl-x64\native&apos;" date="2025-07-17T17:46:24.605" /><!-- duration: 16ms -->
          <step title="Deleting directory: &apos;runtimes\linux-musl-x64&apos;" date="2025-07-17T17:46:24.621" /><!-- duration: 16ms -->
          <step title="Deleting file: &apos;runtimes\linux-ppc64le\native\libe_sqlite3.so&apos;" date="2025-07-17T17:46:24.636" /><!-- duration: 16ms -->
          <step title="Deleting directory: &apos;runtimes\linux-ppc64le\native&apos;" date="2025-07-17T17:46:24.652" /><!-- duration: 16ms -->
          <step title="Deleting directory: &apos;runtimes\linux-ppc64le&apos;" date="2025-07-17T17:46:24.668" /><!-- duration: 16ms -->
          <step title="Deleting file: &apos;runtimes\linux-s390x\native\libe_sqlite3.so&apos;" date="2025-07-17T17:46:24.683" /><!-- duration: 16ms -->
          <step title="Deleting directory: &apos;runtimes\linux-s390x\native&apos;" date="2025-07-17T17:46:24.715" /><!-- duration: 16ms -->
          <step title="Deleting directory: &apos;runtimes\linux-s390x&apos;" date="2025-07-17T17:46:24.730" /><!-- duration: 16ms -->
          <step title="Deleting file: &apos;runtimes\linux-x64\native\libe_sqlite3.so&apos;" date="2025-07-17T17:46:24.746" /><!-- duration: 16ms -->
          <step title="Deleting directory: &apos;runtimes\linux-x64\native&apos;" date="2025-07-17T17:46:24.761" /><!-- duration: 16ms -->
          <step title="Deleting directory: &apos;runtimes\linux-x64&apos;" date="2025-07-17T17:46:24.777" /><!-- duration: 0ms -->
          <step title="Deleting file: &apos;runtimes\linux-x86\native\libe_sqlite3.so&apos;" date="2025-07-17T17:46:24.793" /><!-- duration: 0ms -->
          <step title="Deleting directory: &apos;runtimes\linux-x86\native&apos;" date="2025-07-17T17:46:24.808" /><!-- duration: 0ms -->
          <step title="Deleting directory: &apos;runtimes\linux-x86&apos;" date="2025-07-17T17:46:24.824" /><!-- duration: 16ms -->
          <step title="Deleting file: &apos;runtimes\maccatalyst-arm64\native\libe_sqlite3.dylib&apos;" date="2025-07-17T17:46:24.840" /><!-- duration: 16ms -->
          <step title="Deleting directory: &apos;runtimes\maccatalyst-arm64\native&apos;" date="2025-07-17T17:46:24.855" /><!-- duration: 16ms -->
          <step title="Deleting directory: &apos;runtimes\maccatalyst-arm64&apos;" date="2025-07-17T17:46:24.871" /><!-- duration: 16ms -->
          <step title="Deleting file: &apos;runtimes\maccatalyst-x64\native\libe_sqlite3.dylib&apos;" date="2025-07-17T17:46:24.886" /><!-- duration: 16ms -->
          <step title="Deleting directory: &apos;runtimes\maccatalyst-x64\native&apos;" date="2025-07-17T17:46:24.902" /><!-- duration: 0ms -->
          <step title="Deleting directory: &apos;runtimes\maccatalyst-x64&apos;" date="2025-07-17T17:46:24.918" /><!-- duration: 0ms -->
          <step title="Deleting file: &apos;runtimes\osx-arm64\native\libe_sqlite3.dylib&apos;" date="2025-07-17T17:46:24.933" /><!-- duration: 16ms -->
          <step title="Deleting directory: &apos;runtimes\osx-arm64\native&apos;" date="2025-07-17T17:46:24.949" /><!-- duration: 16ms -->
          <step title="Deleting directory: &apos;runtimes\osx-arm64&apos;" date="2025-07-17T17:46:24.965" /><!-- duration: 16ms -->
          <step title="Deleting file: &apos;runtimes\osx-x64\native\libe_sqlite3.dylib&apos;" date="2025-07-17T17:46:24.996" /><!-- duration: 0ms -->
          <step title="Deleting directory: &apos;runtimes\osx-x64\native&apos;" date="2025-07-17T17:46:25.011" /><!-- duration: 0ms -->
          <step title="Omitting next output lines..." date="2025-07-17T17:46:25.027" /><!-- duration: 0ms -->
          <step title="Finished successfully." date="2025-07-17T17:46:27.174" /><!-- duration: 16ms -->
        </step><!-- duration: 3476ms -->
        <step title="Running post deployment command(s)..." date="2025-07-17T17:46:27.253" /><!-- duration: 0ms -->
        <step title="Triggering recycle (preview mode disabled)." date="2025-07-17T17:46:27.315" /><!-- duration: 0ms -->
        <step title="Ignoring FS watcher based recycle request as this is a classic Windows app." date="2025-07-17T17:46:27.315" /><!-- duration: 16ms -->
        <step title="Deployment successful. DEPLOYMENTINFO: deploymentPath = ZipDeploy. Extract zip. , deployer = ZipDeploy, os = windows, sku = Free, siteName = Whiteboardv2-backend, siteHostName = whiteboardv2-backend-ckf7efgxbxbjg0ft.eastus-01.azurewebsites.net, deploymentStatus = Success" date="2025-07-17T17:46:27.378" /><!-- duration: 16ms -->
        <step title="Purge deployment items" date="2025-07-17T17:46:28.005" >
          <step title="Remove 6ff1cb1a0, Success, received at 7/16/2025 12:44:40 AM" date="2025-07-17T17:46:28.099" /><!-- duration: 0ms -->
        </step><!-- duration: 109ms -->
      </step><!-- duration: 4666ms -->
    </step><!-- duration: 4979ms -->
    <step title="Cleaning up temp files" date="2025-07-17T17:46:28.193" /><!-- duration: 0ms -->
    <step title="Skip function trigger and logicapp sync because function is not enabled." date="2025-07-17T17:46:28.208" /><!-- duration: 0ms -->
  </step><!-- duration: 5619ms -->
  <step title="LockFile &apos;C:\home\site\locks\deployments.lock&apos; released" date="2025-07-17T17:46:28.271" /><!-- duration: 16ms -->
  <step title="Deleting shutdown sentinel file" date="2025-07-17T17:46:28.302" SemaphoreCount="8" /><!-- duration: 0ms -->
</step><!-- duration: 5760ms -->
