<step title="Incoming Request" date="2025-07-13T04:29:19.538" instance="46bc5b" url="/api/publish?type=zip" method="POST" type="request" pid="10032,2,76" Cache-Control="no-cache" Content-Length="62036648" Content-Type="application/octet-stream" Accept="*/*" Accept-Encoding="gzip, deflate" Authorization="Bas..." Host="whiteboardv2-backend-ckf7efgxbxbjg0ft.scm.eastus-01.azurewebsites.net" User-Agent="AZURECLI/2.73.0 (HOMEBREW)" x-ms-client-request-id="edf7b7c4-5fa1-11f0-b2b1-7a5b12043ae0" X-ARR-LOG-ID="edf7b7c4-5fa1-11f0-b2b1-7a5b12043ae0" CLIENT-IP="67.2.17.107:57201" X-SITE-DEPLOYMENT-ID="Whiteboardv2-backend" WAS-DEFAULT-HOSTNAME="whiteboardv2-backend-ckf7efgxbxbjg0ft.scm.eastus-01.azurewebsites.net" X-Forwarded-Proto="https" X-AppService-Proto="https" X-Forwarded-TlsVersion="1.3" X-WAWS-Unencoded-URL="/api/publish?type=zip" >
  <step title="Cleanup Xml Logs" date="2025-07-13T04:29:19.538" /><!-- duration: 16ms -->
  <step title="OneDeploy" date="2025-07-13T04:29:19.632" >
    <step title="Starting PushDeployAsync" date="2025-07-13T04:29:19.648" /><!-- duration: 0ms -->
    <step title="Updating shutdown sentinel last write time" date="2025-07-13T04:29:19.663" SemaphoreCount="7" /><!-- duration: 0ms -->
    <step title="LockFile &apos;C:\home\site\locks\deployments.lock&apos; acquired" date="2025-07-13T04:29:19.679" /><!-- duration: 0ms -->
    <step title="Saving request content to C:\local\Temp\zipdeploy\00cdlacl.zip" date="2025-07-13T04:29:19.679" >
      <step title="Total 62,036,648 bytes written to C:\local\Temp\zipdeploy\00cdlacl.zip" date="2025-07-13T04:29:31.512" /><!-- duration: 16ms -->
    </step><!-- duration: 11864ms -->
    <step title="LockFile &apos;C:\home\site\locks\deployments.lock&apos; released" date="2025-07-13T04:29:31.543" /><!-- duration: 0ms -->
    <step title="Deleting shutdown sentinel file" date="2025-07-13T04:29:31.559" SemaphoreCount="8" /><!-- duration: 0ms -->
    <step title="Starting FetchDeploy" date="2025-07-13T04:29:31.574" /><!-- duration: 0ms -->
    <step title="Attempting to fetch target branch HEAD" date="2025-07-13T04:29:31.574" /><!-- duration: 0ms -->
    <step title="Updating shutdown sentinel last write time" date="2025-07-13T04:29:31.590" SemaphoreCount="7" /><!-- duration: 0ms -->
    <step title="LockFile &apos;C:\home\site\locks\deployments.lock&apos; acquired" date="2025-07-13T04:29:31.605" /><!-- duration: 0ms -->
    <step title="Performing fetch based deployment" date="2025-07-13T04:29:31.621" >
      <step title="Creating temporary deployment" date="2025-07-13T04:29:31.621" /><!-- duration: 31ms -->
      <step title="Fetching changes." date="2025-07-13T04:29:31.699" /><!-- duration: 0ms -->
      <step title="Starting LocalZipHandler" date="2025-07-13T04:29:31.715" /><!-- duration: 0ms -->
      <step title="Starting LocalZipFetch" date="2025-07-13T04:29:31.730" /><!-- duration: 0ms -->
      <step title="Cleaning up temp folders from previous zip deployments and extracting pushed zip file C:\local\Temp\zipdeploy\00cdlacl.zip (59.16 MB) to C:\local\Temp\zipdeploy\extracted" date="2025-07-13T04:29:31.746" /><!-- duration: 0ms -->
      <step title="Cleaning up temp folders from previous zip deployments and extracting pushed zip file C:\local\Temp\zipdeploy\00cdlacl.zip (59.16 MB) to C:\local\Temp\zipdeploy\extracted" date="2025-07-13T04:29:31.762" >
        <step title="Renaming extractTargetDirectory(C:\local\Temp\zipdeploy\extracted) to tempDirectory(C:\local\Temp\zipdeploy\3zsvwb1w.o5l)" date="2025-07-13T04:29:31.762" /><!-- duration: 0ms -->
        <step title="Extracting 424 entries to C:\local\Temp\zipdeploy\extracted directory" date="2025-07-13T04:29:31.777" >
          <step title="Extracting to C:\local\Temp\zipdeploy\extracted\Microsoft.AspNetCore.Connections.Abstractions.dll ..." date="2025-07-13T04:29:31.777" /><!-- duration: 16ms -->
          <step title="Extracting to C:\local\Temp\zipdeploy\extracted\Microsoft.EntityFrameworkCore.Sqlite.dll ..." date="2025-07-13T04:29:31.793" /><!-- duration: 0ms -->
          <step title="Extracting to C:\local\Temp\zipdeploy\extracted\Microsoft.AspNetCore.Http.Connections.Client.dll ..." date="2025-07-13T04:29:31.809" /><!-- duration: 0ms -->
          <step title="Extracting to C:\local\Temp\zipdeploy\extracted\Microsoft.IdentityModel.Logging.dll ..." date="2025-07-13T04:29:31.809" /><!-- duration: 16ms -->
          <step title="Extracting to C:\local\Temp\zipdeploy\extracted\Microsoft.EntityFrameworkCore.dll ..." date="2025-07-13T04:29:31.824" /><!-- duration: 31ms -->
          <step title="Omitting extracting file traces ..." date="2025-07-13T04:29:31.855" /><!-- duration: 16ms -->
        </step><!-- duration: 1922ms -->
      </step><!-- duration: 1953ms -->
      <step title="None repository commit" date="2025-07-13T04:29:33.715" >
        <step title="Commit id: dbb940d4650e4d3baed8b65c30024d9a" date="2025-07-13T04:29:33.730" Message="OneDeploy" AuthorName="N/A" AuthorEmail="N/A" /><!-- duration: 0ms -->
      </step><!-- duration: 16ms -->
      <step title="Before sending BuildRequestReceived status to /api/updatedeploystatus" date="2025-07-13T04:29:33.730" /><!-- duration: 16ms -->
      <step title="DeploymentManager.Deploy(id:dbb940d4650e4d3baed8b65c30024d9a)" date="2025-07-13T04:29:33.746" >
        <step title="Collecting changeset information" date="2025-07-13T04:29:33.762" /><!-- duration: 31ms -->
        <step title="Updating submodules" date="2025-07-13T04:29:33.809" >
          <step title="Updating submodules." date="2025-07-13T04:29:33.840" /><!-- duration: 16ms -->
        </step><!-- duration: 47ms -->
        <step title="Preparing deployment for commit id &apos;dbb940d465&apos;." date="2025-07-13T04:29:33.902" /><!-- duration: 16ms -->
        <step title="Determining deployment builder" date="2025-07-13T04:29:33.949" >
          <step title="Builder is OneDeployBuilder" date="2025-07-13T04:29:33.965" /><!-- duration: 0ms -->
        </step><!-- duration: 16ms -->
        <step title="Copying SSH keys" date="2025-07-13T04:29:33.980" /><!-- duration: 16ms -->
        <step title="Building" date="2025-07-13T04:29:33.996" >
          <step title="Running build. Project type: OneDeploy" date="2025-07-13T04:29:34.043" /><!-- duration: 0ms -->
          <step title="Copying the manifest" date="2025-07-13T04:29:34.090" /><!-- duration: 0ms -->
          <step title="Clean deploying to C:\home\site\wwwroot" date="2025-07-13T04:29:34.168" /><!-- duration: 0ms -->
          <step title="Generating deployment script." date="2025-07-13T04:29:34.246" /><!-- duration: 0ms -->
          <step title="Generating deployment script" date="2025-07-13T04:29:34.262" >
            <step title="Using cached version of the deployment script for command: -y --no-dot-deployment -r &quot;C:\local\Temp\zipdeploy\extracted&quot; -o &quot;C:\home\site\deployments\tools&quot; --basic --sitePath &quot;C:\local\Temp\zipdeploy\extracted&quot;" date="2025-07-13T04:29:34.277" /><!-- duration: 0ms -->
            <step title="Using cached version of deployment script (command: &apos;azure -y --no-dot-deployment -r &quot;C:\local\Temp\zipdeploy\extracted&quot; -o &quot;C:\home\site\deployments\tools&quot; --basic --sitePath &quot;C:\local\Temp\zipdeploy\extracted&quot;&apos;)." date="2025-07-13T04:29:34.309" /><!-- duration: 0ms -->
          </step><!-- duration: 62ms -->
          <step title="Running deployment command..." date="2025-07-13T04:29:34.371" /><!-- duration: 0ms -->
          <step title="Command: &quot;C:\home\site\deployments\tools\deploy.cmd&quot;" date="2025-07-13T04:29:34.402" /><!-- duration: 0ms -->
          <step title="Executing external process" date="2025-07-13T04:29:34.418" type="process" path="starter.cmd" arguments="&quot;C:\home\site\deployments\tools\deploy.cmd&quot;" >
            <step title="Handling Basic Web Site deployment." date="2025-07-13T04:29:34.527" /><!-- duration: 0ms -->
            <step title="Creating app_offline.htm" date="2025-07-13T04:29:34.871" /><!-- duration: 0ms -->
            <step title="KuduSync.NET from: &apos;C:\local\Temp\zipdeploy\extracted&apos; to: &apos;C:\home\site\wwwroot&apos;" date="2025-07-13T04:29:34.887" /><!-- duration: 0ms -->
            <step title="Copying file: &apos;appsettings.Development.json&apos;" date="2025-07-13T04:29:34.902" /><!-- duration: 16ms -->
            <step title="Copying file: &apos;appsettings.json&apos;" date="2025-07-13T04:29:34.934" /><!-- duration: 0ms -->
            <step title="Copying file: &apos;e_sqlite3.dll&apos;" date="2025-07-13T04:29:34.949" /><!-- duration: 0ms -->
            <step title="Copying file: &apos;whiteboard.db&apos;" date="2025-07-13T04:29:34.965" /><!-- duration: 0ms -->
            <step title="Copying file: &apos;Whiteboard.deps.json&apos;" date="2025-07-13T04:29:34.980" /><!-- duration: 0ms -->
            <step title="Copying file: &apos;Whiteboard.exe&apos;" date="2025-07-13T04:29:34.996" /><!-- duration: 16ms -->
            <step title="Copying file: &apos;publish\appsettings.Development.json&apos;" date="2025-07-13T04:29:35.012" /><!-- duration: 16ms -->
            <step title="Copying file: &apos;publish\appsettings.json&apos;" date="2025-07-13T04:29:35.043" /><!-- duration: 0ms -->
            <step title="Copying file: &apos;publish\Whiteboard.deps.json&apos;" date="2025-07-13T04:29:35.059" /><!-- duration: 0ms -->
            <step title="Copying file: &apos;publish\Whiteboard.runtimeconfig.json&apos;" date="2025-07-13T04:29:35.074" /><!-- duration: 16ms -->
            <step title="Deleting app_offline.htm" date="2025-07-13T04:29:35.090" /><!-- duration: 16ms -->
            <step title="Finished successfully." date="2025-07-13T04:29:35.121" /><!-- duration: 0ms -->
          </step><!-- duration: 703ms -->
          <step title="Build completed succesfully." date="2025-07-13T04:29:35.168" /><!-- duration: 16ms -->
          <step title="Running post deployment command(s)..." date="2025-07-13T04:29:35.230" /><!-- duration: 0ms -->
          <step title="Requesting site restart" date="2025-07-13T04:29:35.277" /><!-- duration: 0ms -->
          <step title="Requesting site restart" date="2025-07-13T04:29:35.293" /><!-- duration: 0ms -->
          <step title="Requesting site restart. Attempt #1" date="2025-07-13T04:29:35.340" /><!-- duration: 0ms -->
          <step title="Requesting site restart. Attempt #1" date="2025-07-13T04:29:35.355" /><!-- duration: 0ms -->
          <step title="Successfully requested a restart. Attempt #1" date="2025-07-13T04:29:35.543" /><!-- duration: 0ms -->
          <step title="Successfully requested a restart. Attempt #1" date="2025-07-13T04:29:35.543" /><!-- duration: 47ms -->
          <step title="Deployment successful. DEPLOYMENTINFO: deploymentPath = OneDeploy, deployer = OneDeploy, os = windows, sku = Free, siteName = Whiteboardv2-backend, siteHostName = whiteboardv2-backend-ckf7efgxbxbjg0ft.eastus-01.azurewebsites.net, deploymentStatus = Success" date="2025-07-13T04:29:35.637" /><!-- duration: 16ms -->
          <step title="Purge deployment items" date="2025-07-13T04:29:35.762" >
            <step title="Remove 87203b653, Success, received at 7/13/2025 3:47:48 AM" date="2025-07-13T04:29:35.840" /><!-- duration: 0ms -->
          </step><!-- duration: 78ms -->
        </step><!-- duration: 1875ms -->
      </step><!-- duration: 2125ms -->
      <step title="Cleaning up temp files" date="2025-07-13T04:29:35.871" /><!-- duration: 16ms -->
      <step title="Skip function trigger and logicapp sync because function is not enabled." date="2025-07-13T04:29:35.887" /><!-- duration: 16ms -->
    </step><!-- duration: 4328ms -->
    <step title="LockFile &apos;C:\home\site\locks\deployments.lock&apos; released" date="2025-07-13T04:29:35.949" /><!-- duration: 0ms -->
    <step title="Deleting shutdown sentinel file" date="2025-07-13T04:29:35.965" SemaphoreCount="8" /><!-- duration: 0ms -->
  </step><!-- duration: 16349ms -->
  <step title="Outgoing response" date="2025-07-13T04:29:35.980" type="response" statusCode="200" statusText="OK" Server="Microsoft-IIS/10.0" x-ms-request-id="edf7b7c4-5fa1-11f0-b2b1-7a5b12043ae0" Cache-Control="private" X-AspNet-Version="4.0.30319" /><!-- duration: 0ms -->
</step><!-- duration: 16442ms -->
