<step title="Incoming Request" date="2025-07-17T19:50:23.013" instance="46bc5b" url="/api/zipdeploy?author=ms-azuretools-vscode&amp;deployer=ms-azuretools-vscode&amp;isAsync=true&amp;trackDeploymentId=true" method="POST" type="request" pid="10640,2,9" Transfer-Encoding="chunked" Accept-Encoding="gzip,deflate" Accept-Language="en" Authorization="Bea..." Host="whiteboardv2-backend-ckf7efgxbxbjg0ft.scm.eastus-01.azurewebsites.net" User-Agent="vscode-azureappservice/0.26.2 core-rest-pipeline/1.20.0 Node/22.15.1 OS/(arm64-Darwin-24.5.0)" x-ms-correlation-request-id="9b5db8ff-0ae4-4148-a9f0-90f7dc9393b8" x-ms-client-request-id="0a47f75f-3efe-4dfc-8067-ff6cf4449014" X-ARR-LOG-ID="0a47f75f-3efe-4dfc-8067-ff6cf4449014" CLIENT-IP="192.74.128.132:9945" X-SITE-DEPLOYMENT-ID="Whiteboardv2-backend" WAS-DEFAULT-HOSTNAME="whiteboardv2-backend-ckf7efgxbxbjg0ft.scm.eastus-01.azurewebsites.net" X-Forwarded-Proto="https" X-AppService-Proto="https" X-Forwarded-TlsVersion="1.3" X-WAWS-Unencoded-URL="/api/zipdeploy?author=ms-azuretools-vscode&amp;deployer=ms-azuretools-vscode&amp;isAsync=true&amp;trackDeploymentId=true" >
  <step title="ZipPushDeploy" date="2025-07-17T19:50:23.138" >
    <step title="ZipDeploy. Extract zip. " date="2025-07-17T19:50:23.154" /><!-- duration: 16ms -->
    <step title="Starting PushDeployAsync" date="2025-07-17T19:50:23.169" /><!-- duration: 0ms -->
    <step title="Updating shutdown sentinel last write time" date="2025-07-17T19:50:23.200" SemaphoreCount="7" /><!-- duration: 0ms -->
    <step title="LockFile &apos;C:\home\site\locks\deployments.lock&apos; acquired" date="2025-07-17T19:50:23.200" /><!-- duration: 16ms -->
    <step title="Saving request content to C:\local\Temp\zipdeploy\xyaohvjd.zip" date="2025-07-17T19:50:23.216" >
      <step title="Total 16,824,097 bytes written to C:\local\Temp\zipdeploy\xyaohvjd.zip" date="2025-07-17T19:50:50.614" /><!-- duration: 16ms -->
    </step><!-- duration: 27429ms -->
    <step title="LockFile &apos;C:\home\site\locks\deployments.lock&apos; released" date="2025-07-17T19:50:50.645" /><!-- duration: 16ms -->
    <step title="Deleting shutdown sentinel file" date="2025-07-17T19:50:50.661" SemaphoreCount="8" /><!-- duration: 16ms -->
    <step title="Starting FetchDeploy" date="2025-07-17T19:50:50.677" /><!-- duration: 0ms -->
    <step title="Start deployment in the background" date="2025-07-17T19:50:50.692" /><!-- duration: 94ms -->
  </step><!-- duration: 27648ms -->
  <step title="Outgoing response" date="2025-07-17T19:50:50.802" type="response" statusCode="202" statusText="Accepted" Server="Microsoft-IIS/10.0" x-ms-request-id="0a47f75f-3efe-4dfc-8067-ff6cf4449014" Retry-After="30" Cache-Control="private" X-AspNet-Version="4.0.30319" Location="https://whiteboardv2-backend-ckf7efgxbxbjg0ft.scm.eastus-01.azurewebsites.net/api/deployments/latest?deployer=ms-azuretools-vscode&amp;time=2025-07-17_19-50-50Z" /><!-- duration: 0ms -->
</step><!-- duration: 27789ms -->
