<step title="BackgroundTrace" date="2025-07-17T17:48:18.804" instance="46bc5b" url="/api/zipdeploy" method="POST" >
  <step title="Updating shutdown sentinel last write time" date="2025-07-17T17:48:18.804" SemaphoreCount="7" /><!-- duration: 16ms -->
  <step title="LockFile &apos;C:\home\site\locks\deployments.lock&apos; acquired" date="2025-07-17T17:48:18.820" /><!-- duration: 0ms -->
  <step title="Creating temporary deployment" date="2025-07-17T17:48:18.835" /><!-- duration: 31ms -->
  <step title="Performing fetch based deployment" date="2025-07-17T17:48:18.867" >
    <step title="Fetching changes." date="2025-07-17T17:48:18.929" /><!-- duration: 16ms -->
    <step title="Starting LocalZipHandler" date="2025-07-17T17:48:18.945" /><!-- duration: 0ms -->
    <step title="Cleaning up temp folders from previous zip deployments and extracting pushed zip file C:\local\Temp\zipdeploy\ppbm0lzc.zip (4.65 MB) to C:\local\Temp\zipdeploy\extracted" date="2025-07-17T17:48:18.992" /><!-- duration: 0ms -->
    <step title="Cleaning up temp folders from previous zip deployments and extracting pushed zip file C:\local\Temp\zipdeploy\ppbm0lzc.zip (4.65 MB) to C:\local\Temp\zipdeploy\extracted" date="2025-07-17T17:48:19.007" >
      <step title="Renaming extractTargetDirectory(C:\local\Temp\zipdeploy\extracted) to tempDirectory(C:\local\Temp\zipdeploy\t3n2zjdv.pit)" date="2025-07-17T17:48:19.007" /><!-- duration: 16ms -->
      <step title="Extracting 42 entries to C:\local\Temp\zipdeploy\extracted directory" date="2025-07-17T17:48:19.023" >
        <step title="Extracting to C:\local\Temp\zipdeploy\extracted\Swashbuckle.AspNetCore.Swagger.dll ..." date="2025-07-17T17:48:19.023" /><!-- duration: 16ms -->
        <step title="Extracting to C:\local\Temp\zipdeploy\extracted\Whiteboard.exe ..." date="2025-07-17T17:48:19.038" /><!-- duration: 16ms -->
        <step title="Extracting to C:\local\Temp\zipdeploy\extracted\Microsoft.Data.Sqlite.dll ..." date="2025-07-17T17:48:19.054" /><!-- duration: 16ms -->
        <step title="Extracting to C:\local\Temp\zipdeploy\extracted\Microsoft.AspNetCore.SignalR.Client.Core.dll ..." date="2025-07-17T17:48:19.070" /><!-- duration: 0ms -->
        <step title="Extracting to C:\local\Temp\zipdeploy\extracted\Microsoft.Extensions.DependencyInjection.Abstractions.dll ..." date="2025-07-17T17:48:19.085" /><!-- duration: 0ms -->
        <step title="Omitting extracting file traces ..." date="2025-07-17T17:48:19.101" /><!-- duration: 0ms -->
        <step title="Extracting to C:\local\Temp\zipdeploy\extracted\Microsoft.EntityFrameworkCore.dll ..." date="2025-07-17T17:48:19.226" /><!-- duration: 31ms -->
        <step title="Extracting to C:\local\Temp\zipdeploy\extracted\Microsoft.IdentityModel.Logging.dll ..." date="2025-07-17T17:48:19.273" /><!-- duration: 0ms -->
        <step title="Extracting to C:\local\Temp\zipdeploy\extracted\Microsoft.AspNetCore.Http.Connections.Client.dll ..." date="2025-07-17T17:48:19.273" /><!-- duration: 16ms -->
        <step title="Extracting to C:\local\Temp\zipdeploy\extracted\Microsoft.EntityFrameworkCore.Sqlite.dll ..." date="2025-07-17T17:48:19.288" /><!-- duration: 16ms -->
        <step title="Extracting to C:\local\Temp\zipdeploy\extracted\Microsoft.AspNetCore.Connections.Abstractions.dll ..." date="2025-07-17T17:48:19.304" /><!-- duration: 0ms -->
      </step><!-- duration: 297ms -->
    </step><!-- duration: 313ms -->
    <step title="Before sending BuildRequestReceived status to /api/updatedeploystatus" date="2025-07-17T17:48:19.320" /><!-- duration: 16ms -->
    <step title="DeploymentManager.Deploy(id:c8a32e3a47544bd7ba91f216f7f33f72)" date="2025-07-17T17:48:19.335" >
      <step title="Collecting changeset information" date="2025-07-17T17:48:19.351" /><!-- duration: 31ms -->
      <step title="Updating submodules" date="2025-07-17T17:48:19.398" >
        <step title="Updating submodules." date="2025-07-17T17:48:19.445" /><!-- duration: 0ms -->
      </step><!-- duration: 47ms -->
      <step title="Preparing deployment for commit id &apos;c8a32e3a47&apos;." date="2025-07-17T17:48:19.507" /><!-- duration: 0ms -->
      <step title="Determining deployment builder" date="2025-07-17T17:48:19.538" >
        <step title="Builder is BasicBuilder" date="2025-07-17T17:48:19.554" /><!-- duration: 0ms -->
      </step><!-- duration: 16ms -->
      <step title="Copying SSH keys" date="2025-07-17T17:48:19.585" /><!-- duration: 16ms -->
      <step title="Building" date="2025-07-17T17:48:19.601" >
        <step title="Generating deployment script." date="2025-07-17T17:48:19.648" /><!-- duration: 0ms -->
        <step title="Generating deployment script" date="2025-07-17T17:48:19.648" >
          <step title="Using cached version of the deployment script for command: -y --no-dot-deployment -r &quot;C:\local\Temp\zipdeploy\extracted&quot; -o &quot;C:\home\site\deployments\tools&quot; --basic --sitePath &quot;C:\local\Temp\zipdeploy\extracted&quot;" date="2025-07-17T17:48:19.679" /><!-- duration: 0ms -->
          <step title="Using cached version of deployment script (command: &apos;azure -y --no-dot-deployment -r &quot;C:\local\Temp\zipdeploy\extracted&quot; -o &quot;C:\home\site\deployments\tools&quot; --basic --sitePath &quot;C:\local\Temp\zipdeploy\extracted&quot;&apos;)." date="2025-07-17T17:48:19.695" /><!-- duration: 0ms -->
        </step><!-- duration: 63ms -->
        <step title="Running deployment command..." date="2025-07-17T17:48:19.757" /><!-- duration: 0ms -->
        <step title="Command: &quot;C:\home\site\deployments\tools\deploy.cmd&quot;" date="2025-07-17T17:48:19.773" /><!-- duration: 16ms -->
        <step title="Executing external process" date="2025-07-17T17:48:19.788" type="process" path="starter.cmd" arguments="&quot;C:\home\site\deployments\tools\deploy.cmd&quot;" >
          <step title="Handling Basic Web Site deployment." date="2025-07-17T17:48:19.898" /><!-- duration: 0ms -->
          <step title="Creating app_offline.htm" date="2025-07-17T17:48:20.101" /><!-- duration: 0ms -->
          <step title="KuduSync.NET from: &apos;C:\local\Temp\zipdeploy\extracted&apos; to: &apos;C:\home\site\wwwroot&apos;" date="2025-07-17T17:48:20.117" /><!-- duration: 0ms -->
          <step title="Copying file: &apos;appsettings.Development.json&apos;" date="2025-07-17T17:48:20.132" /><!-- duration: 0ms -->
          <step title="Copying file: &apos;appsettings.json&apos;" date="2025-07-17T17:48:20.148" /><!-- duration: 16ms -->
          <step title="Deleting app_offline.htm" date="2025-07-17T17:48:20.163" /><!-- duration: 0ms -->
          <step title="Finished successfully." date="2025-07-17T17:48:20.179" /><!-- duration: 0ms -->
        </step><!-- duration: 406ms -->
        <step title="Running post deployment command(s)..." date="2025-07-17T17:48:20.226" /><!-- duration: 0ms -->
        <step title="Triggering recycle (preview mode disabled)." date="2025-07-17T17:48:20.288" /><!-- duration: 0ms -->
        <step title="Ignoring FS watcher based recycle request as this is a classic Windows app." date="2025-07-17T17:48:20.304" /><!-- duration: 0ms -->
        <step title="Deployment successful. DEPLOYMENTINFO: deploymentPath = ZipDeploy. Extract zip. , deployer = ms-azuretools-vscode, os = windows, sku = Free, siteName = Whiteboardv2-backend, siteHostName = whiteboardv2-backend-ckf7efgxbxbjg0ft.eastus-01.azurewebsites.net, deploymentStatus = Success" date="2025-07-17T17:48:20.351" /><!-- duration: 16ms -->
        <step title="Purge deployment items" date="2025-07-17T17:48:20.460" >
          <step title="Remove 81db36b38, Success, received at 7/16/2025 12:48:41 AM" date="2025-07-17T17:48:20.538" /><!-- duration: 16ms -->
        </step><!-- duration: 94ms -->
      </step><!-- duration: 984ms -->
    </step><!-- duration: 1250ms -->
    <step title="Cleaning up temp files" date="2025-07-17T17:48:20.585" /><!-- duration: 16ms -->
    <step title="Skip function trigger and logicapp sync because function is not enabled." date="2025-07-17T17:48:20.601" /><!-- duration: 16ms -->
  </step><!-- duration: 1797ms -->
  <step title="LockFile &apos;C:\home\site\locks\deployments.lock&apos; released" date="2025-07-17T17:48:20.679" /><!-- duration: 0ms -->
  <step title="Deleting shutdown sentinel file" date="2025-07-17T17:48:20.679" SemaphoreCount="8" /><!-- duration: 16ms -->
</step><!-- duration: 1891ms -->
