<step title="Incoming Request" date="2025-07-16T00:40:52.638" instance="46bc5b" url="/api/zipdeploy?isAsync=true" method="POST" type="request" pid="7916,2,61" Cache-Control="no-cache" Content-Length="34658082" Content-Type="application/octet-stream" Accept="*/*" Accept-Encoding="gzip, deflate" Authorization="Bas..." Host="whiteboardv2-backend-ckf7efgxbxbjg0ft.scm.eastus-01.azurewebsites.net" User-Agent="AZURECLI/2.73.0 (HOMEBREW)" x-ms-client-request-id="84d1c652-61dd-11f0-9f7d-7a5b12043ae0" X-ARR-LOG-ID="84d1c652-61dd-11f0-9f7d-7a5b12043ae0" CLIENT-IP="67.2.17.107:53322" X-SITE-DEPLOYMENT-ID="Whiteboardv2-backend" WAS-DEFAULT-HOSTNAME="whiteboardv2-backend-ckf7efgxbxbjg0ft.scm.eastus-01.azurewebsites.net" X-Forwarded-Proto="https" X-AppService-Proto="https" X-Forwarded-TlsVersion="1.3" X-WAWS-Unencoded-URL="/api/zipdeploy?isAsync=true" >
  <step title="Cleanup Xml Logs" date="2025-07-16T00:40:52.638" /><!-- duration: 0ms -->
  <step title="ZipPushDeploy" date="2025-07-16T00:40:52.748" >
    <step title="ZipDeploy. Extract zip. " date="2025-07-16T00:40:52.763" /><!-- duration: 0ms -->
    <step title="Starting PushDeployAsync" date="2025-07-16T00:40:52.763" /><!-- duration: 16ms -->
    <step title="Updating shutdown sentinel last write time" date="2025-07-16T00:40:52.779" SemaphoreCount="7" /><!-- duration: 16ms -->
    <step title="LockFile &apos;C:\home\site\locks\deployments.lock&apos; acquired" date="2025-07-16T00:40:52.795" /><!-- duration: 16ms -->
    <step title="Saving request content to C:\local\Temp\zipdeploy\l5kra2hv.zip" date="2025-07-16T00:40:52.810" >
      <step title="Total 34,658,082 bytes written to C:\local\Temp\zipdeploy\l5kra2hv.zip" date="2025-07-16T00:41:01.229" /><!-- duration: 0ms -->
    </step><!-- duration: 8418ms -->
    <step title="LockFile &apos;C:\home\site\locks\deployments.lock&apos; released" date="2025-07-16T00:41:01.244" /><!-- duration: 0ms -->
    <step title="Deleting shutdown sentinel file" date="2025-07-16T00:41:01.260" SemaphoreCount="8" /><!-- duration: 0ms -->
    <step title="Starting FetchDeploy" date="2025-07-16T00:41:01.260" /><!-- duration: 16ms -->
    <step title="Start deployment in the background" date="2025-07-16T00:41:01.275" /><!-- duration: 63ms -->
  </step><!-- duration: 8590ms -->
  <step title="Outgoing response" date="2025-07-16T00:41:01.354" type="response" statusCode="202" statusText="Accepted" Server="Microsoft-IIS/10.0" x-ms-request-id="84d1c652-61dd-11f0-9f7d-7a5b12043ae0" Retry-After="30" Cache-Control="private" X-AspNet-Version="4.0.30319" Location="https://whiteboardv2-backend-ckf7efgxbxbjg0ft.scm.eastus-01.azurewebsites.net/api/deployments/latest?deployer=ZipDeploy&amp;time=2025-07-16_00-41-01Z" /><!-- duration: 0ms -->
</step><!-- duration: 8715ms -->
