<step title="Incoming Request" date="2025-07-16T00:44:36.933" instance="46bc5b" url="/api/zipdeploy?author=ms-azuretools-vscode&amp;deployer=ms-azuretools-vscode&amp;isAsync=true&amp;trackDeploymentId=true" method="POST" type="request" pid="7916,2,32" Transfer-Encoding="chunked" Accept-Encoding="gzip,deflate" Accept-Language="en" Authorization="Bea..." Host="whiteboardv2-backend-ckf7efgxbxbjg0ft.scm.eastus-01.azurewebsites.net" User-Agent="vscode-azureappservice/0.26.2 core-rest-pipeline/1.20.0 Node/22.15.1 OS/(arm64-Darwin-24.5.0)" x-ms-correlation-request-id="e630ee22-6742-4556-82e9-18d3b357240d" x-ms-client-request-id="0cb86afc-ed3c-4803-8982-3622db5c14be" X-ARR-LOG-ID="0cb86afc-ed3c-4803-8982-3622db5c14be" CLIENT-IP="67.2.17.107:54384" X-SITE-DEPLOYMENT-ID="Whiteboardv2-backend" WAS-DEFAULT-HOSTNAME="whiteboardv2-backend-ckf7efgxbxbjg0ft.scm.eastus-01.azurewebsites.net" X-Forwarded-Proto="https" X-AppService-Proto="https" X-Forwarded-TlsVersion="1.3" X-WAWS-Unencoded-URL="/api/zipdeploy?author=ms-azuretools-vscode&amp;deployer=ms-azuretools-vscode&amp;isAsync=true&amp;trackDeploymentId=true" >
  <step title="Cleanup Xml Logs" date="2025-07-16T00:44:36.933" /><!-- duration: 16ms -->
  <step title="ZipPushDeploy" date="2025-07-16T00:44:36.949" >
    <step title="ZipDeploy. Extract zip. " date="2025-07-16T00:44:36.964" /><!-- duration: 0ms -->
    <step title="Starting PushDeployAsync" date="2025-07-16T00:44:36.964" /><!-- duration: 16ms -->
    <step title="Updating shutdown sentinel last write time" date="2025-07-16T00:44:36.996" SemaphoreCount="7" /><!-- duration: 0ms -->
    <step title="LockFile &apos;C:\home\site\locks\deployments.lock&apos; acquired" date="2025-07-16T00:44:36.996" /><!-- duration: 16ms -->
    <step title="Saving request content to C:\local\Temp\zipdeploy\pdo3ns44.zip" date="2025-07-16T00:44:37.011" >
      <step title="Total 18,474,870 bytes written to C:\local\Temp\zipdeploy\pdo3ns44.zip" date="2025-07-16T00:44:39.482" /><!-- duration: 0ms -->
    </step><!-- duration: 2486ms -->
    <step title="LockFile &apos;C:\home\site\locks\deployments.lock&apos; released" date="2025-07-16T00:44:39.497" /><!-- duration: 0ms -->
    <step title="Deleting shutdown sentinel file" date="2025-07-16T00:44:39.513" SemaphoreCount="8" /><!-- duration: 0ms -->
    <step title="Starting FetchDeploy" date="2025-07-16T00:44:39.528" /><!-- duration: 0ms -->
    <step title="Start deployment in the background" date="2025-07-16T00:44:39.528" /><!-- duration: 62ms -->
  </step><!-- duration: 2658ms -->
  <step title="Outgoing response" date="2025-07-16T00:44:39.607" type="response" statusCode="202" statusText="Accepted" Server="Microsoft-IIS/10.0" x-ms-request-id="0cb86afc-ed3c-4803-8982-3622db5c14be" Retry-After="30" Cache-Control="private" X-AspNet-Version="4.0.30319" Location="https://whiteboardv2-backend-ckf7efgxbxbjg0ft.scm.eastus-01.azurewebsites.net/api/deployments/latest?deployer=ms-azuretools-vscode&amp;time=2025-07-16_00-44-39Z" /><!-- duration: 0ms -->
</step><!-- duration: 2689ms -->
