<step title="Incoming Request" date="2025-09-28T19:02:39.768" instance="5c3b3e" url="/api/publish?type=zip" method="POST" type="request" pid="8388,2,7" Cache-Control="no-cache" Connection="Keep-Alive" Content-Length="16525876" Content-Type="application/octet-stream" Accept="*/*" Accept-Encoding="gzip, deflate" Authorization="Bas..." Host="whiteboardv2-backend-ckf7efgxbxbjg0ft.scm.eastus-01.azurewebsites.net" User-Agent="AZURECLI/2.73.0 (HOMEBREW)" x-ms-client-request-id="b08869d6-9c9d-11f0-bc42-7a5b12043ae0" X-ARR-LOG-ID="b08869d6-9c9d-11f0-bc42-7a5b12043ae0" CLIENT-IP="67.2.23.153:50679" X-SITE-DEPLOYMENT-ID="Whiteboardv2-backend" WAS-DEFAULT-HOSTNAME="whiteboardv2-backend-ckf7efgxbxbjg0ft.scm.eastus-01.azurewebsites.net" X-Forwarded-Proto="https" X-AppService-Proto="https" X-Forwarded-TlsVersion="1.3" X-WAWS-Unencoded-URL="/api/publish?type=zip" X-MS-COLDSTART="1" >
  <step title="OneDeploy" date="2025-09-28T19:02:40.300" >
    <step title="Starting PushDeployAsync" date="2025-09-28T19:02:40.315" /><!-- duration: 16ms -->
    <step title="Updating shutdown sentinel last write time" date="2025-09-28T19:02:40.378" SemaphoreCount="7" /><!-- duration: 0ms -->
    <step title="LockFile &apos;C:\home\site\locks\deployments.lock&apos; acquired" date="2025-09-28T19:02:40.378" /><!-- duration: 16ms -->
    <step title="Saving request content to C:\local\Temp\zipdeploy\atuyvb0p.zip" date="2025-09-28T19:02:40.394" >
      <step title="Total 16,525,876 bytes written to C:\local\Temp\zipdeploy\atuyvb0p.zip" date="2025-09-28T19:02:48.363" /><!-- duration: 16ms -->
    </step><!-- duration: 7985ms -->
    <step title="LockFile &apos;C:\home\site\locks\deployments.lock&apos; released" date="2025-09-28T19:02:48.394" /><!-- duration: 0ms -->
    <step title="Deleting shutdown sentinel file" date="2025-09-28T19:02:48.409" SemaphoreCount="8" /><!-- duration: 0ms -->
    <step title="Starting FetchDeploy" date="2025-09-28T19:02:48.409" /><!-- duration: 16ms -->
    <step title="Attempting to fetch target branch HEAD" date="2025-09-28T19:02:48.441" /><!-- duration: 0ms -->
    <step title="Updating shutdown sentinel last write time" date="2025-09-28T19:02:48.456" SemaphoreCount="7" /><!-- duration: 0ms -->
    <step title="LockFile &apos;C:\home\site\locks\deployments.lock&apos; acquired" date="2025-09-28T19:02:48.456" /><!-- duration: 16ms -->
    <step title="Performing fetch based deployment" date="2025-09-28T19:02:48.472" >
      <step title="Creating temporary deployment" date="2025-09-28T19:02:48.488" /><!-- duration: 47ms -->
      <step title="Fetching changes." date="2025-09-28T19:02:48.613" /><!-- duration: 0ms -->
      <step title="Starting LocalZipHandler" date="2025-09-28T19:02:48.628" /><!-- duration: 0ms -->
      <step title="Starting LocalZipFetch" date="2025-09-28T19:02:48.644" /><!-- duration: 0ms -->
      <step title="Cleaning up temp folders from previous zip deployments and extracting pushed zip file C:\local\Temp\zipdeploy\atuyvb0p.zip (15.76 MB) to C:\local\Temp\zipdeploy\extracted" date="2025-09-28T19:02:48.659" /><!-- duration: 0ms -->
      <step title="Cleaning up temp folders from previous zip deployments and extracting pushed zip file C:\local\Temp\zipdeploy\atuyvb0p.zip (15.76 MB) to C:\local\Temp\zipdeploy\extracted" date="2025-09-28T19:02:48.675" >
        <step title="Extracting 104 entries to C:\local\Temp\zipdeploy\extracted directory" date="2025-09-28T19:02:48.691" >
          <step title="Extracting to C:\local\Temp\zipdeploy\extracted\publish\Microsoft.AspNetCore.Connections.Abstractions.dll ..." date="2025-09-28T19:02:48.691" /><!-- duration: 16ms -->
          <step title="Extracting to C:\local\Temp\zipdeploy\extracted\publish\Microsoft.EntityFrameworkCore.Sqlite.dll ..." date="2025-09-28T19:02:48.706" /><!-- duration: 16ms -->
          <step title="Extracting to C:\local\Temp\zipdeploy\extracted\publish\Microsoft.AspNetCore.Http.Connections.Client.dll ..." date="2025-09-28T19:02:48.722" /><!-- duration: 16ms -->
          <step title="Extracting to C:\local\Temp\zipdeploy\extracted\publish\Microsoft.IdentityModel.Logging.dll ..." date="2025-09-28T19:02:48.738" /><!-- duration: 0ms -->
          <step title="Extracting to C:\local\Temp\zipdeploy\extracted\publish\Microsoft.EntityFrameworkCore.dll ..." date="2025-09-28T19:02:48.753" /><!-- duration: 31ms -->
          <step title="Omitting extracting file traces ..." date="2025-09-28T19:02:48.800" /><!-- duration: 16ms -->
        </step><!-- duration: 625ms -->
      </step><!-- duration: 641ms -->
      <step title="None repository commit" date="2025-09-28T19:02:49.331" >
        <step title="Commit id: 872a1885e87f468f8fb8f73bfefbb3b0" date="2025-09-28T19:02:49.331" Message="OneDeploy" AuthorName="N/A" AuthorEmail="N/A" /><!-- duration: 0ms -->
      </step><!-- duration: 16ms -->
      <step title="Before sending BuildRequestReceived status to /api/updatedeploystatus" date="2025-09-28T19:02:49.347" /><!-- duration: 0ms -->
      <step title="DeploymentManager.Deploy(id:872a1885e87f468f8fb8f73bfefbb3b0)" date="2025-09-28T19:02:49.363" >
        <step title="Collecting changeset information" date="2025-09-28T19:02:49.378" /><!-- duration: 109ms -->
        <step title="Updating submodules" date="2025-09-28T19:02:49.488" >
          <step title="Updating submodules." date="2025-09-28T19:02:49.550" /><!-- duration: 16ms -->
        </step><!-- duration: 78ms -->
        <step title="Preparing deployment for commit id &apos;872a1885e8&apos;." date="2025-09-28T19:02:49.629" /><!-- duration: 0ms -->
        <step title="Determining deployment builder" date="2025-09-28T19:02:49.692" >
          <step title="Builder is OneDeployBuilder" date="2025-09-28T19:02:49.692" /><!-- duration: 0ms -->
        </step><!-- duration: 16ms -->
        <step title="Copying SSH keys" date="2025-09-28T19:02:49.723" /><!-- duration: 16ms -->
        <step title="Building" date="2025-09-28T19:02:49.738" >
          <step title="Running build. Project type: OneDeploy" date="2025-09-28T19:02:49.801" /><!-- duration: 0ms -->
          <step title="Copying the manifest" date="2025-09-28T19:02:49.863" /><!-- duration: 0ms -->
          <step title="Clean deploying to C:\home\site\wwwroot" date="2025-09-28T19:02:49.957" /><!-- duration: 0ms -->
          <step title="Generating deployment script." date="2025-09-28T19:02:50.020" /><!-- duration: 16ms -->
          <step title="Generating deployment script" date="2025-09-28T19:02:50.035" >
            <step title="Using cached version of the deployment script for command: -y --no-dot-deployment -r &quot;C:\local\Temp\zipdeploy\extracted&quot; -o &quot;C:\home\site\deployments\tools&quot; --basic --sitePath &quot;C:\local\Temp\zipdeploy\extracted&quot;" date="2025-09-28T19:02:50.098" /><!-- duration: 16ms -->
            <step title="Using cached version of deployment script (command: &apos;azure -y --no-dot-deployment -r &quot;C:\local\Temp\zipdeploy\extracted&quot; -o &quot;C:\home\site\deployments\tools&quot; --basic --sitePath &quot;C:\local\Temp\zipdeploy\extracted&quot;&apos;)." date="2025-09-28T19:02:50.145" /><!-- duration: 0ms -->
          </step><!-- duration: 141ms -->
          <step title="Running deployment command..." date="2025-09-28T19:02:50.223" /><!-- duration: 16ms -->
          <step title="Command: &quot;C:\home\site\deployments\tools\deploy.cmd&quot;" date="2025-09-28T19:02:50.238" /><!-- duration: 16ms -->
          <step title="Executing external process" date="2025-09-28T19:02:50.270" type="process" path="starter.cmd" arguments="&quot;C:\home\site\deployments\tools\deploy.cmd&quot;" >
            <step title="Handling Basic Web Site deployment." date="2025-09-28T19:02:50.395" /><!-- duration: 0ms -->
            <step title="Creating app_offline.htm" date="2025-09-28T19:02:50.645" /><!-- duration: 0ms -->
            <step title="KuduSync.NET from: &apos;C:\local\Temp\zipdeploy\extracted&apos; to: &apos;C:\home\site\wwwroot&apos;" date="2025-09-28T19:02:50.660" /><!-- duration: 0ms -->
            <step title="Copying file: &apos;publish\Whiteboard&apos;" date="2025-09-28T19:02:50.676" /><!-- duration: 16ms -->
            <step title="Copying file: &apos;publish\Whiteboard.dll&apos;" date="2025-09-28T19:02:50.707" /><!-- duration: 0ms -->
            <step title="Copying file: &apos;publish\Whiteboard.pdb&apos;" date="2025-09-28T19:02:50.723" /><!-- duration: 0ms -->
            <step title="Deleting app_offline.htm" date="2025-09-28T19:02:50.738" /><!-- duration: 0ms -->
            <step title="Finished successfully." date="2025-09-28T19:02:50.754" /><!-- duration: 16ms -->
          </step><!-- duration: 500ms -->
          <step title="Build completed succesfully." date="2025-09-28T19:02:50.832" /><!-- duration: 16ms -->
          <step title="Running post deployment command(s)..." date="2025-09-28T19:02:50.895" /><!-- duration: 0ms -->
          <step title="Requesting site restart" date="2025-09-28T19:02:50.957" /><!-- duration: 0ms -->
          <step title="Requesting site restart" date="2025-09-28T19:02:50.973" /><!-- duration: 0ms -->
          <step title="Requesting site restart. Attempt #1" date="2025-09-28T19:02:51.035" /><!-- duration: 0ms -->
          <step title="Requesting site restart. Attempt #1" date="2025-09-28T19:02:51.051" /><!-- duration: 0ms -->
          <step title="Successfully requested a restart. Attempt #1" date="2025-09-28T19:02:51.395" /><!-- duration: 0ms -->
          <step title="Successfully requested a restart. Attempt #1" date="2025-09-28T19:02:51.410" /><!-- duration: 0ms -->
          <step title="Deployment successful. DEPLOYMENTINFO: deploymentPath = OneDeploy, deployer = OneDeploy, os = windows, sku = Free, siteName = Whiteboardv2-backend, siteHostName = whiteboardv2-backend-ckf7efgxbxbjg0ft.eastus-01.azurewebsites.net, deploymentStatus = Success" date="2025-09-28T19:02:51.457" /><!-- duration: 16ms -->
          <step title="Purge deployment items" date="2025-09-28T19:02:51.676" >
            <step title="Remove 204b215b4, Success, received at 7/16/2025 3:16:00 AM" date="2025-09-28T19:02:51.817" /><!-- duration: 0ms -->
          </step><!-- duration: 156ms -->
        </step><!-- duration: 2109ms -->
      </step><!-- duration: 2501ms -->
      <step title="Cleaning up temp files" date="2025-09-28T19:02:51.863" /><!-- duration: 0ms -->
      <step title="Skip function trigger and logicapp sync because function is not enabled." date="2025-09-28T19:02:51.879" /><!-- duration: 0ms -->
    </step><!-- duration: 3470ms -->
    <step title="LockFile &apos;C:\home\site\locks\deployments.lock&apos; released" date="2025-09-28T19:02:51.942" /><!-- duration: 16ms -->
    <step title="Deleting shutdown sentinel file" date="2025-09-28T19:02:51.957" SemaphoreCount="8" /><!-- duration: 16ms -->
  </step><!-- duration: 11673ms -->
  <step title="Outgoing response" date="2025-09-28T19:02:52.004" type="response" statusCode="200" statusText="OK" Server="Microsoft-IIS/10.0" x-ms-request-id="b08869d6-9c9d-11f0-bc42-7a5b12043ae0" Cache-Control="private" X-AspNet-Version="4.0.30319" /><!-- duration: 0ms -->
</step><!-- duration: 12251ms -->
