<step title="Incoming Request" date="2025-07-16T00:16:58.611" instance="46bc5b" url="/api/publish?type=zip" method="POST" type="request" pid="5516,2,32" Cache-Control="no-cache" Content-Length="32713513" Content-Type="application/octet-stream" Accept="*/*" Accept-Encoding="gzip, deflate" Authorization="Bas..." Host="whiteboardv2-backend-ckf7efgxbxbjg0ft.scm.eastus-01.azurewebsites.net" User-Agent="AZURECLI/2.73.0 (HOMEBREW)" x-ms-client-request-id="2d7061b4-61da-11f0-ad2d-7a5b12043ae0" X-ARR-LOG-ID="2d7061b4-61da-11f0-ad2d-7a5b12043ae0" CLIENT-IP="67.2.17.107:50204" X-SITE-DEPLOYMENT-ID="Whiteboardv2-backend" WAS-DEFAULT-HOSTNAME="whiteboardv2-backend-ckf7efgxbxbjg0ft.scm.eastus-01.azurewebsites.net" X-Forwarded-Proto="https" X-AppService-Proto="https" X-Forwarded-TlsVersion="1.3" X-WAWS-Unencoded-URL="/api/publish?type=zip" >
  <step title="Cleanup Xml Logs" date="2025-07-16T00:16:58.626" /><!-- duration: 0ms -->
  <step title="OneDeploy" date="2025-07-16T00:16:58.720" >
    <step title="Starting PushDeployAsync" date="2025-07-16T00:16:58.736" /><!-- duration: 0ms -->
    <step title="Updating shutdown sentinel last write time" date="2025-07-16T00:16:58.751" SemaphoreCount="7" /><!-- duration: 0ms -->
    <step title="LockFile &apos;C:\home\site\locks\deployments.lock&apos; acquired" date="2025-07-16T00:16:58.767" /><!-- duration: 0ms -->
    <step title="Saving request content to C:\local\Temp\zipdeploy\idlyufki.zip" date="2025-07-16T00:16:58.783" >
      <step title="Total 32,713,513 bytes written to C:\local\Temp\zipdeploy\idlyufki.zip" date="2025-07-16T00:17:06.553" /><!-- duration: 0ms -->
    </step><!-- duration: 7770ms -->
    <step title="LockFile &apos;C:\home\site\locks\deployments.lock&apos; released" date="2025-07-16T00:17:06.569" /><!-- duration: 0ms -->
    <step title="Deleting shutdown sentinel file" date="2025-07-16T00:17:06.584" SemaphoreCount="8" /><!-- duration: 0ms -->
    <step title="Starting FetchDeploy" date="2025-07-16T00:17:06.584" /><!-- duration: 0ms -->
    <step title="Attempting to fetch target branch HEAD" date="2025-07-16T00:17:06.600" /><!-- duration: 0ms -->
    <step title="Updating shutdown sentinel last write time" date="2025-07-16T00:17:06.615" SemaphoreCount="7" /><!-- duration: 0ms -->
    <step title="LockFile &apos;C:\home\site\locks\deployments.lock&apos; acquired" date="2025-07-16T00:17:06.631" /><!-- duration: 0ms -->
    <step title="Performing fetch based deployment" date="2025-07-16T00:17:06.631" >
      <step title="Creating temporary deployment" date="2025-07-16T00:17:06.631" /><!-- duration: 47ms -->
      <step title="Fetching changes." date="2025-07-16T00:17:06.709" /><!-- duration: 16ms -->
      <step title="Starting LocalZipHandler" date="2025-07-16T00:17:06.725" /><!-- duration: 16ms -->
      <step title="Starting LocalZipFetch" date="2025-07-16T00:17:06.740" /><!-- duration: 0ms -->
      <step title="Cleaning up temp folders from previous zip deployments and extracting pushed zip file C:\local\Temp\zipdeploy\idlyufki.zip (31.20 MB) to C:\local\Temp\zipdeploy\extracted" date="2025-07-16T00:17:06.756" /><!-- duration: 0ms -->
      <step title="Cleaning up temp folders from previous zip deployments and extracting pushed zip file C:\local\Temp\zipdeploy\idlyufki.zip (31.20 MB) to C:\local\Temp\zipdeploy\extracted" date="2025-07-16T00:17:06.772" >
        <step title="Renaming extractTargetDirectory(C:\local\Temp\zipdeploy\extracted) to tempDirectory(C:\local\Temp\zipdeploy\hezmeuls.saw)" date="2025-07-16T00:17:06.772" /><!-- duration: 16ms -->
        <step title="Extracting 219 entries to C:\local\Temp\zipdeploy\extracted directory" date="2025-07-16T00:17:06.787" >
          <step title="Extracting to C:\local\Temp\zipdeploy\extracted\Microsoft.AspNetCore.Connections.Abstractions.dll ..." date="2025-07-16T00:17:06.787" /><!-- duration: 16ms -->
          <step title="Extracting to C:\local\Temp\zipdeploy\extracted\Microsoft.EntityFrameworkCore.Sqlite.dll ..." date="2025-07-16T00:17:06.803" /><!-- duration: 16ms -->
          <step title="Extracting to C:\local\Temp\zipdeploy\extracted\Microsoft.AspNetCore.Http.Connections.Client.dll ..." date="2025-07-16T00:17:06.819" /><!-- duration: 0ms -->
          <step title="Extracting to C:\local\Temp\zipdeploy\extracted\Microsoft.IdentityModel.Logging.dll ..." date="2025-07-16T00:17:06.834" /><!-- duration: 0ms -->
          <step title="Extracting to C:\local\Temp\zipdeploy\extracted\Microsoft.EntityFrameworkCore.dll ..." date="2025-07-16T00:17:06.834" /><!-- duration: 31ms -->
          <step title="Omitting extracting file traces ..." date="2025-07-16T00:17:06.881" /><!-- duration: 0ms -->
        </step><!-- duration: 1094ms -->
      </step><!-- duration: 1109ms -->
      <step title="None repository commit" date="2025-07-16T00:17:07.897" >
        <step title="Commit id: 1f55bc5f9dac4ff0a3c492378a2e26dc" date="2025-07-16T00:17:07.897" Message="OneDeploy" AuthorName="N/A" AuthorEmail="N/A" /><!-- duration: 0ms -->
      </step><!-- duration: 0ms -->
      <step title="Before sending BuildRequestReceived status to /api/updatedeploystatus" date="2025-07-16T00:17:07.912" /><!-- duration: 0ms -->
      <step title="DeploymentManager.Deploy(id:1f55bc5f9dac4ff0a3c492378a2e26dc)" date="2025-07-16T00:17:07.912" >
        <step title="Collecting changeset information" date="2025-07-16T00:17:07.928" /><!-- duration: 47ms -->
        <step title="Updating submodules" date="2025-07-16T00:17:07.975" >
          <step title="Updating submodules." date="2025-07-16T00:17:08.022" /><!-- duration: 0ms -->
        </step><!-- duration: 47ms -->
        <step title="Preparing deployment for commit id &apos;1f55bc5f9d&apos;." date="2025-07-16T00:17:08.084" /><!-- duration: 0ms -->
        <step title="Determining deployment builder" date="2025-07-16T00:17:08.131" >
          <step title="Builder is OneDeployBuilder" date="2025-07-16T00:17:08.131" /><!-- duration: 16ms -->
        </step><!-- duration: 16ms -->
        <step title="Copying SSH keys" date="2025-07-16T00:17:08.162" /><!-- duration: 16ms -->
        <step title="Building" date="2025-07-16T00:17:08.178" >
          <step title="Running build. Project type: OneDeploy" date="2025-07-16T00:17:08.225" /><!-- duration: 0ms -->
          <step title="Copying the manifest" date="2025-07-16T00:17:08.272" /><!-- duration: 0ms -->
          <step title="Clean deploying to C:\home\site\wwwroot" date="2025-07-16T00:17:08.334" /><!-- duration: 16ms -->
          <step title="Generating deployment script." date="2025-07-16T00:17:08.444" /><!-- duration: 16ms -->
          <step title="Generating deployment script" date="2025-07-16T00:17:08.475" >
            <step title="Using cached version of the deployment script for command: -y --no-dot-deployment -r &quot;C:\local\Temp\zipdeploy\extracted&quot; -o &quot;C:\home\site\deployments\tools&quot; --basic --sitePath &quot;C:\local\Temp\zipdeploy\extracted&quot;" date="2025-07-16T00:17:08.522" /><!-- duration: 0ms -->
            <step title="Using cached version of deployment script (command: &apos;azure -y --no-dot-deployment -r &quot;C:\local\Temp\zipdeploy\extracted&quot; -o &quot;C:\home\site\deployments\tools&quot; --basic --sitePath &quot;C:\local\Temp\zipdeploy\extracted&quot;&apos;)." date="2025-07-16T00:17:08.553" /><!-- duration: 0ms -->
          </step><!-- duration: 94ms -->
          <step title="Running deployment command..." date="2025-07-16T00:17:08.615" /><!-- duration: 0ms -->
          <step title="Command: &quot;C:\home\site\deployments\tools\deploy.cmd&quot;" date="2025-07-16T00:17:08.631" /><!-- duration: 16ms -->
          <step title="Executing external process" date="2025-07-16T00:17:08.647" type="process" path="starter.cmd" arguments="&quot;C:\home\site\deployments\tools\deploy.cmd&quot;" >
            <step title="Handling Basic Web Site deployment." date="2025-07-16T00:17:08.756" /><!-- duration: 16ms -->
            <step title="Creating app_offline.htm" date="2025-07-16T00:17:09.272" /><!-- duration: 0ms -->
            <step title="KuduSync.NET from: &apos;C:\local\Temp\zipdeploy\extracted&apos; to: &apos;C:\home\site\wwwroot&apos;" date="2025-07-16T00:17:09.287" /><!-- duration: 0ms -->
            <step title="Deleting file: &apos;whiteboard.db-shm&apos;" date="2025-07-16T00:17:09.303" /><!-- duration: 0ms -->
            <step title="Deleting file: &apos;whiteboard.db-wal&apos;" date="2025-07-16T00:17:09.319" /><!-- duration: 16ms -->
            <step title="Copying file: &apos;whiteboard.db&apos;" date="2025-07-16T00:17:09.350" /><!-- duration: 0ms -->
            <step title="Copying file: &apos;publish\appsettings.Development.json&apos;" date="2025-07-16T00:17:09.365" /><!-- duration: 0ms -->
            <step title="Copying file: &apos;publish\appsettings.json&apos;" date="2025-07-16T00:17:09.381" /><!-- duration: 0ms -->
            <step title="Copying file: &apos;publish\Microsoft.AspNetCore.Authentication.JwtBearer.dll&apos;" date="2025-07-16T00:17:09.397" /><!-- duration: 0ms -->
            <step title="Copying file: &apos;publish\Microsoft.AspNetCore.Connections.Abstractions.dll&apos;" date="2025-07-16T00:17:09.412" /><!-- duration: 16ms -->
            <step title="Copying file: &apos;publish\Microsoft.AspNetCore.Http.Connections.Client.dll&apos;" date="2025-07-16T00:17:09.444" /><!-- duration: 0ms -->
            <step title="Copying file: &apos;publish\Microsoft.AspNetCore.Http.Connections.Common.dll&apos;" date="2025-07-16T00:17:09.459" /><!-- duration: 16ms -->
            <step title="Copying file: &apos;publish\Microsoft.AspNetCore.SignalR.Client.Core.dll&apos;" date="2025-07-16T00:17:09.475" /><!-- duration: 16ms -->
            <step title="Copying file: &apos;publish\Microsoft.AspNetCore.SignalR.Client.dll&apos;" date="2025-07-16T00:17:09.506" /><!-- duration: 0ms -->
            <step title="Copying file: &apos;publish\Microsoft.AspNetCore.SignalR.Common.dll&apos;" date="2025-07-16T00:17:09.522" /><!-- duration: 16ms -->
            <step title="Copying file: &apos;publish\Microsoft.AspNetCore.SignalR.Protocols.Json.dll&apos;" date="2025-07-16T00:17:09.553" /><!-- duration: 0ms -->
            <step title="Copying file: &apos;publish\Microsoft.Data.Sqlite.dll&apos;" date="2025-07-16T00:17:09.569" /><!-- duration: 0ms -->
            <step title="Copying file: &apos;publish\Microsoft.EntityFrameworkCore.Abstractions.dll&apos;" date="2025-07-16T00:17:09.584" /><!-- duration: 0ms -->
            <step title="Copying file: &apos;publish\Microsoft.EntityFrameworkCore.dll&apos;" date="2025-07-16T00:17:09.600" /><!-- duration: 0ms -->
            <step title="Copying file: &apos;publish\Microsoft.EntityFrameworkCore.Relational.dll&apos;" date="2025-07-16T00:17:09.631" /><!-- duration: 0ms -->
            <step title="Copying file: &apos;publish\Microsoft.EntityFrameworkCore.Sqlite.dll&apos;" date="2025-07-16T00:17:09.647" /><!-- duration: 0ms -->
            <step title="Copying file: &apos;publish\Microsoft.Extensions.DependencyInjection.Abstractions.dll&apos;" date="2025-07-16T00:17:09.662" /><!-- duration: 0ms -->
            <step title="Copying file: &apos;publish\Microsoft.Extensions.DependencyModel.dll&apos;" date="2025-07-16T00:17:09.678" /><!-- duration: 16ms -->
            <step title="Copying file: &apos;publish\Microsoft.Extensions.Features.dll&apos;" date="2025-07-16T00:17:09.709" /><!-- duration: 0ms -->
            <step title="Copying file: &apos;publish\Microsoft.Extensions.Logging.Abstractions.dll&apos;" date="2025-07-16T00:17:09.725" /><!-- duration: 0ms -->
            <step title="Copying file: &apos;publish\Microsoft.Extensions.Options.dll&apos;" date="2025-07-16T00:17:09.772" /><!-- duration: 0ms -->
            <step title="Copying file: &apos;publish\Microsoft.IdentityModel.Abstractions.dll&apos;" date="2025-07-16T00:17:09.787" /><!-- duration: 0ms -->
            <step title="Copying file: &apos;publish\Microsoft.IdentityModel.JsonWebTokens.dll&apos;" date="2025-07-16T00:17:09.819" /><!-- duration: 0ms -->
            <step title="Copying file: &apos;publish\Microsoft.IdentityModel.Logging.dll&apos;" date="2025-07-16T00:17:09.834" /><!-- duration: 0ms -->
            <step title="Copying file: &apos;publish\Microsoft.IdentityModel.Protocols.dll&apos;" date="2025-07-16T00:17:09.850" /><!-- duration: 16ms -->
            <step title="Copying file: &apos;publish\Microsoft.IdentityModel.Protocols.OpenIdConnect.dll&apos;" date="2025-07-16T00:17:09.881" /><!-- duration: 0ms -->
            <step title="Copying file: &apos;publish\Microsoft.IdentityModel.Tokens.dll&apos;" date="2025-07-16T00:17:09.897" /><!-- duration: 0ms -->
            <step title="Copying file: &apos;publish\Microsoft.OpenApi.dll&apos;" date="2025-07-16T00:17:09.912" /><!-- duration: 16ms -->
            <step title="Copying file: &apos;publish\SQLitePCLRaw.batteries_v2.dll&apos;" date="2025-07-16T00:17:09.944" /><!-- duration: 0ms -->
            <step title="Copying file: &apos;publish\SQLitePCLRaw.core.dll&apos;" date="2025-07-16T00:17:09.959" /><!-- duration: 0ms -->
            <step title="Copying file: &apos;publish\SQLitePCLRaw.provider.e_sqlite3.dll&apos;" date="2025-07-16T00:17:09.975" /><!-- duration: 16ms -->
            <step title="Copying file: &apos;publish\Swashbuckle.AspNetCore.Swagger.dll&apos;" date="2025-07-16T00:17:10.006" /><!-- duration: 0ms -->
            <step title="Copying file: &apos;publish\Swashbuckle.AspNetCore.SwaggerGen.dll&apos;" date="2025-07-16T00:17:10.022" /><!-- duration: 0ms -->
            <step title="Copying file: &apos;publish\Swashbuckle.AspNetCore.SwaggerUI.dll&apos;" date="2025-07-16T00:17:10.037" /><!-- duration: 16ms -->
            <step title="Copying file: &apos;publish\System.IdentityModel.Tokens.Jwt.dll&apos;" date="2025-07-16T00:17:10.069" /><!-- duration: 0ms -->
            <step title="Copying file: &apos;publish\Whiteboard&apos;" date="2025-07-16T00:17:10.084" /><!-- duration: 0ms -->
            <step title="Copying file: &apos;publish\whiteboard.db&apos;" date="2025-07-16T00:17:10.100" /><!-- duration: 0ms -->
            <step title="Copying file: &apos;publish\Whiteboard.deps.json&apos;" date="2025-07-16T00:17:10.115" /><!-- duration: 0ms -->
            <step title="Copying file: &apos;publish\Whiteboard.dll&apos;" date="2025-07-16T00:17:10.131" /><!-- duration: 16ms -->
            <step title="Copying file: &apos;publish\Whiteboard.pdb&apos;" date="2025-07-16T00:17:10.162" /><!-- duration: 0ms -->
            <step title="Copying file: &apos;publish\Whiteboard.runtimeconfig.json&apos;" date="2025-07-16T00:17:10.178" /><!-- duration: 0ms -->
            <step title="Copying file: &apos;publish\publish\appsettings.Development.json&apos;" date="2025-07-16T00:17:10.194" /><!-- duration: 0ms -->
            <step title="Copying file: &apos;publish\publish\appsettings.json&apos;" date="2025-07-16T00:17:10.209" /><!-- duration: 16ms -->
            <step title="Copying file: &apos;publish\publish\Whiteboard.deps.json&apos;" date="2025-07-16T00:17:10.225" /><!-- duration: 16ms -->
            <step title="Copying file: &apos;publish\publish\Whiteboard.runtimeconfig.json&apos;" date="2025-07-16T00:17:10.256" /><!-- duration: 0ms -->
            <step title="Copying file: &apos;publish\publish\publish\appsettings.Development.json&apos;" date="2025-07-16T00:17:10.272" /><!-- duration: 0ms -->
            <step title="Omitting next output lines..." date="2025-07-16T00:17:10.287" /><!-- duration: 16ms -->
            <step title="Finished successfully." date="2025-07-16T00:17:10.303" /><!-- duration: 16ms -->
          </step><!-- duration: 1672ms -->
          <step title="Build completed succesfully." date="2025-07-16T00:17:10.365" /><!-- duration: 16ms -->
          <step title="Running post deployment command(s)..." date="2025-07-16T00:17:10.412" /><!-- duration: 16ms -->
          <step title="Requesting site restart" date="2025-07-16T00:17:10.475" /><!-- duration: 0ms -->
          <step title="Requesting site restart" date="2025-07-16T00:17:10.490" /><!-- duration: 0ms -->
          <step title="Requesting site restart. Attempt #1" date="2025-07-16T00:17:10.537" /><!-- duration: 0ms -->
          <step title="Requesting site restart. Attempt #1" date="2025-07-16T00:17:10.553" /><!-- duration: 0ms -->
          <step title="Successfully requested a restart. Attempt #1" date="2025-07-16T00:17:10.725" /><!-- duration: 0ms -->
          <step title="Successfully requested a restart. Attempt #1" date="2025-07-16T00:17:10.740" /><!-- duration: 0ms -->
          <step title="Deployment successful. DEPLOYMENTINFO: deploymentPath = OneDeploy, deployer = OneDeploy, os = windows, sku = Free, siteName = Whiteboardv2-backend, siteHostName = whiteboardv2-backend-ckf7efgxbxbjg0ft.eastus-01.azurewebsites.net, deploymentStatus = Success" date="2025-07-16T00:17:10.787" /><!-- duration: 0ms -->
          <step title="Purge deployment items" date="2025-07-16T00:17:10.912" >
            <step title="Remove dbb940d46, Success, received at 7/13/2025 4:29:33 AM" date="2025-07-16T00:17:10.975" /><!-- duration: 16ms -->
          </step><!-- duration: 78ms -->
        </step><!-- duration: 2828ms -->
      </step><!-- duration: 3109ms -->
      <step title="Cleaning up temp files" date="2025-07-16T00:17:11.022" /><!-- duration: 16ms -->
      <step title="Skip function trigger and logicapp sync because function is not enabled." date="2025-07-16T00:17:11.037" /><!-- duration: 0ms -->
    </step><!-- duration: 4453ms -->
    <step title="LockFile &apos;C:\home\site\locks\deployments.lock&apos; released" date="2025-07-16T00:17:11.100" /><!-- duration: 0ms -->
    <step title="Deleting shutdown sentinel file" date="2025-07-16T00:17:11.115" SemaphoreCount="8" /><!-- duration: 16ms -->
  </step><!-- duration: 12411ms -->
  <step title="Outgoing response" date="2025-07-16T00:17:11.131" type="response" statusCode="200" statusText="OK" Server="Microsoft-IIS/10.0" x-ms-request-id="2d7061b4-61da-11f0-ad2d-7a5b12043ae0" Cache-Control="private" X-AspNet-Version="4.0.30319" /><!-- duration: 16ms -->
</step><!-- duration: 12536ms -->
