<step title="BackgroundTrace" date="2025-07-16T00:48:40.554" instance="46bc5b" url="/api/zipdeploy" method="POST" >
  <step title="Updating shutdown sentinel last write time" date="2025-07-16T00:48:40.569" SemaphoreCount="7" /><!-- duration: 0ms -->
  <step title="LockFile &apos;C:\home\site\locks\deployments.lock&apos; acquired" date="2025-07-16T00:48:40.569" /><!-- duration: 16ms -->
  <step title="Creating temporary deployment" date="2025-07-16T00:48:40.585" /><!-- duration: 31ms -->
  <step title="Performing fetch based deployment" date="2025-07-16T00:48:40.616" >
    <step title="Fetching changes." date="2025-07-16T00:48:40.663" /><!-- duration: 16ms -->
    <step title="Starting LocalZipHandler" date="2025-07-16T00:48:40.694" /><!-- duration: 0ms -->
    <step title="Cleaning up temp folders from previous zip deployments and extracting pushed zip file C:\local\Temp\zipdeploy\u4glfmjt.zip (16.05 MB) to C:\local\Temp\zipdeploy\extracted" date="2025-07-16T00:48:40.725" /><!-- duration: 0ms -->
    <step title="Cleaning up temp folders from previous zip deployments and extracting pushed zip file C:\local\Temp\zipdeploy\u4glfmjt.zip (16.05 MB) to C:\local\Temp\zipdeploy\extracted" date="2025-07-16T00:48:40.725" >
      <step title="Renaming extractTargetDirectory(C:\local\Temp\zipdeploy\extracted) to tempDirectory(C:\local\Temp\zipdeploy\y5r3qznd.2zj)" date="2025-07-16T00:48:40.741" /><!-- duration: 0ms -->
      <step title="Extracting 61 entries to C:\local\Temp\zipdeploy\extracted directory" date="2025-07-16T00:48:40.741" >
        <step title="Extracting to C:\local\Temp\zipdeploy\extracted\Swashbuckle.AspNetCore.Swagger.dll ..." date="2025-07-16T00:48:40.757" /><!-- duration: 0ms -->
        <step title="Extracting to C:\local\Temp\zipdeploy\extracted\Microsoft.Data.Sqlite.dll ..." date="2025-07-16T00:48:40.757" /><!-- duration: 16ms -->
        <step title="Extracting to C:\local\Temp\zipdeploy\extracted\Microsoft.AspNetCore.SignalR.Client.Core.dll ..." date="2025-07-16T00:48:40.772" /><!-- duration: 16ms -->
        <step title="Extracting to C:\local\Temp\zipdeploy\extracted\Microsoft.Extensions.DependencyInjection.Abstractions.dll ..." date="2025-07-16T00:48:40.788" /><!-- duration: 0ms -->
        <step title="Extracting to C:\local\Temp\zipdeploy\extracted\appsettings.Development.json ..." date="2025-07-16T00:48:40.804" /><!-- duration: 0ms -->
        <step title="Omitting extracting file traces ..." date="2025-07-16T00:48:40.804" /><!-- duration: 16ms -->
        <step title="Extracting to C:\local\Temp\zipdeploy\extracted\Microsoft.IdentityModel.Logging.dll ..." date="2025-07-16T00:48:41.241" /><!-- duration: 0ms -->
        <step title="Extracting to C:\local\Temp\zipdeploy\extracted\runtimes\osx-x64\native\libe_sqlite3.dylib ..." date="2025-07-16T00:48:41.257" /><!-- duration: 16ms -->
        <step title="Extracting to C:\local\Temp\zipdeploy\extracted\runtimes\win-arm\native\e_sqlite3.dll ..." date="2025-07-16T00:48:41.272" /><!-- duration: 31ms -->
        <step title="Extracting to C:\local\Temp\zipdeploy\extracted\runtimes\maccatalyst-x64\native\libe_sqlite3.dylib ..." date="2025-07-16T00:48:41.304" /><!-- duration: 16ms -->
        <step title="Extracting to C:\local\Temp\zipdeploy\extracted\runtimes\linux-arm\native\libe_sqlite3.so ..." date="2025-07-16T00:48:41.335" /><!-- duration: 16ms -->
      </step><!-- duration: 609ms -->
    </step><!-- duration: 625ms -->
    <step title="Before sending BuildRequestReceived status to /api/updatedeploystatus" date="2025-07-16T00:48:41.366" /><!-- duration: 0ms -->
    <step title="DeploymentManager.Deploy(id:81db36b38512437e99fd91c2a68ad336)" date="2025-07-16T00:48:41.366" >
      <step title="Collecting changeset information" date="2025-07-16T00:48:41.382" /><!-- duration: 31ms -->
      <step title="Updating submodules" date="2025-07-16T00:48:41.429" >
        <step title="Updating submodules." date="2025-07-16T00:48:41.475" /><!-- duration: 0ms -->
      </step><!-- duration: 47ms -->
      <step title="Preparing deployment for commit id &apos;81db36b385&apos;." date="2025-07-16T00:48:41.522" /><!-- duration: 0ms -->
      <step title="Determining deployment builder" date="2025-07-16T00:48:41.569" >
        <step title="Builder is BasicBuilder" date="2025-07-16T00:48:41.569" /><!-- duration: 16ms -->
      </step><!-- duration: 16ms -->
      <step title="Copying SSH keys" date="2025-07-16T00:48:41.600" /><!-- duration: 16ms -->
      <step title="Building" date="2025-07-16T00:48:41.616" >
        <step title="Generating deployment script." date="2025-07-16T00:48:41.663" /><!-- duration: 0ms -->
        <step title="Generating deployment script" date="2025-07-16T00:48:41.663" >
          <step title="Using cached version of the deployment script for command: -y --no-dot-deployment -r &quot;C:\local\Temp\zipdeploy\extracted&quot; -o &quot;C:\home\site\deployments\tools&quot; --basic --sitePath &quot;C:\local\Temp\zipdeploy\extracted&quot;" date="2025-07-16T00:48:41.679" /><!-- duration: 16ms -->
          <step title="Using cached version of deployment script (command: &apos;azure -y --no-dot-deployment -r &quot;C:\local\Temp\zipdeploy\extracted&quot; -o &quot;C:\home\site\deployments\tools&quot; --basic --sitePath &quot;C:\local\Temp\zipdeploy\extracted&quot;&apos;)." date="2025-07-16T00:48:41.694" /><!-- duration: 16ms -->
        </step><!-- duration: 47ms -->
        <step title="Running deployment command..." date="2025-07-16T00:48:42.008" /><!-- duration: 0ms -->
        <step title="Command: &quot;C:\home\site\deployments\tools\deploy.cmd&quot;" date="2025-07-16T00:48:42.040" /><!-- duration: 0ms -->
        <step title="Executing external process" date="2025-07-16T00:48:42.040" type="process" path="starter.cmd" arguments="&quot;C:\home\site\deployments\tools\deploy.cmd&quot;" >
          <step title="Handling Basic Web Site deployment." date="2025-07-16T00:48:42.149" /><!-- duration: 16ms -->
          <step title="Creating app_offline.htm" date="2025-07-16T00:48:42.352" /><!-- duration: 16ms -->
          <step title="KuduSync.NET from: &apos;C:\local\Temp\zipdeploy\extracted&apos; to: &apos;C:\home\site\wwwroot&apos;" date="2025-07-16T00:48:42.383" /><!-- duration: 0ms -->
          <step title="Deleting file: &apos;publish\appsettings.Development.json&apos;" date="2025-07-16T00:48:42.399" /><!-- duration: 0ms -->
          <step title="Deleting file: &apos;publish\appsettings.json&apos;" date="2025-07-16T00:48:42.415" /><!-- duration: 31ms -->
          <step title="Deleting file: &apos;publish\web.config&apos;" date="2025-07-16T00:48:42.446" /><!-- duration: 0ms -->
          <step title="Deleting file: &apos;publish\Whiteboard.deps.json&apos;" date="2025-07-16T00:48:42.462" /><!-- duration: 0ms -->
          <step title="Deleting file: &apos;publish\Whiteboard.runtimeconfig.json&apos;" date="2025-07-16T00:48:42.477" /><!-- duration: 0ms -->
          <step title="Deleting file: &apos;publish\publish\appsettings.Development.json&apos;" date="2025-07-16T00:48:42.493" /><!-- duration: 0ms -->
          <step title="Deleting file: &apos;publish\publish\appsettings.json&apos;" date="2025-07-16T00:48:42.509" /><!-- duration: 0ms -->
          <step title="Deleting file: &apos;publish\publish\web.config&apos;" date="2025-07-16T00:48:42.524" /><!-- duration: 0ms -->
          <step title="Deleting file: &apos;publish\publish\Whiteboard.deps.json&apos;" date="2025-07-16T00:48:42.540" /><!-- duration: 0ms -->
          <step title="Deleting file: &apos;publish\publish\Whiteboard.runtimeconfig.json&apos;" date="2025-07-16T00:48:42.555" /><!-- duration: 0ms -->
          <step title="Deleting file: &apos;publish\publish\publish\appsettings.Development.json&apos;" date="2025-07-16T00:48:42.571" /><!-- duration: 0ms -->
          <step title="Deleting file: &apos;publish\publish\publish\appsettings.json&apos;" date="2025-07-16T00:48:42.587" /><!-- duration: 0ms -->
          <step title="Deleting file: &apos;publish\publish\publish\Whiteboard.deps.json&apos;" date="2025-07-16T00:48:42.602" /><!-- duration: 0ms -->
          <step title="Deleting file: &apos;publish\publish\publish\Whiteboard.runtimeconfig.json&apos;" date="2025-07-16T00:48:42.618" /><!-- duration: 0ms -->
          <step title="Deleting directory: &apos;publish\publish\publish&apos;" date="2025-07-16T00:48:42.633" /><!-- duration: 0ms -->
          <step title="Deleting directory: &apos;publish\publish&apos;" date="2025-07-16T00:48:42.633" /><!-- duration: 16ms -->
          <step title="Deleting directory: &apos;publish&apos;" date="2025-07-16T00:48:42.649" /><!-- duration: 16ms -->
          <step title="Deleting file: &apos;e_sqlite3.dll&apos;" date="2025-07-16T00:48:42.665" /><!-- duration: 0ms -->
          <step title="Deleting file: &apos;libe_sqlite3.so&apos;" date="2025-07-16T00:48:42.680" /><!-- duration: 0ms -->
          <step title="Deleting file: &apos;Whiteboard.exe&apos;" date="2025-07-16T00:48:42.696" /><!-- duration: 0ms -->
          <step title="Copying file: &apos;Whiteboard&apos;" date="2025-07-16T00:48:42.712" /><!-- duration: 0ms -->
          <step title="Copying file: &apos;Whiteboard.deps.json&apos;" date="2025-07-16T00:48:42.727" /><!-- duration: 0ms -->
          <step title="Copying file: &apos;Whiteboard.dll&apos;" date="2025-07-16T00:48:42.743" /><!-- duration: 0ms -->
          <step title="Copying file: &apos;Whiteboard.pdb&apos;" date="2025-07-16T00:48:42.758" /><!-- duration: 0ms -->
          <step title="Copying file: &apos;Whiteboard.runtimeconfig.json&apos;" date="2025-07-16T00:48:42.774" /><!-- duration: 0ms -->
          <step title="Copying file: &apos;web.config&apos;" date="2025-07-16T00:48:42.790" /><!-- duration: 0ms -->
          <step title="Deleting app_offline.htm" date="2025-07-16T00:48:42.790" /><!-- duration: 16ms -->
          <step title="Finished successfully." date="2025-07-16T00:48:42.805" /><!-- duration: 16ms -->
        </step><!-- duration: 781ms -->
        <step title="Running post deployment command(s)..." date="2025-07-16T00:48:42.868" /><!-- duration: 0ms -->
        <step title="Triggering recycle (preview mode disabled)." date="2025-07-16T00:48:42.915" /><!-- duration: 0ms -->
        <step title="Ignoring FS watcher based recycle request as this is a classic Windows app." date="2025-07-16T00:48:42.930" /><!-- duration: 0ms -->
        <step title="Deployment successful. DEPLOYMENTINFO: deploymentPath = ZipDeploy. Extract zip. , deployer = ms-azuretools-vscode, os = windows, sku = Free, siteName = Whiteboardv2-backend, siteHostName = whiteboardv2-backend-ckf7efgxbxbjg0ft.eastus-01.azurewebsites.net, deploymentStatus = Success" date="2025-07-16T00:48:42.977" /><!-- duration: 0ms -->
        <step title="Purge deployment items" date="2025-07-16T00:48:43.055" >
          <step title="Remove afd117a8f, Success, received at 7/15/2025 11:33:42 PM" date="2025-07-16T00:48:43.133" /><!-- duration: 0ms -->
        </step><!-- duration: 94ms -->
      </step><!-- duration: 1549ms -->
    </step><!-- duration: 1814ms -->
    <step title="Cleaning up temp files" date="2025-07-16T00:48:43.180" /><!-- duration: 16ms -->
    <step title="Skip function trigger and logicapp sync because function is not enabled." date="2025-07-16T00:48:43.196" /><!-- duration: 0ms -->
  </step><!-- duration: 2627ms -->
  <step title="LockFile &apos;C:\home\site\locks\deployments.lock&apos; released" date="2025-07-16T00:48:43.258" /><!-- duration: 0ms -->
  <step title="Deleting shutdown sentinel file" date="2025-07-16T00:48:43.274" SemaphoreCount="8" /><!-- duration: 0ms -->
</step><!-- duration: 2721ms -->
