<step title="Incoming Request" date="2025-07-16T01:56:12.991" instance="46bc5b" url="/api/publish?type=zip" method="POST" type="request" pid="7136,2,9" Cache-Control="no-cache" Content-Length="16530349" Content-Type="application/octet-stream" Accept="*/*" Accept-Encoding="gzip, deflate" Authorization="Bas..." Host="whiteboardv2-backend-ckf7efgxbxbjg0ft.scm.eastus-01.azurewebsites.net" User-Agent="AZURECLI/2.73.0 (HOMEBREW)" x-ms-client-request-id="0947e42a-61e8-11f0-affe-7a5b12043ae0" X-ARR-LOG-ID="0947e42a-61e8-11f0-affe-7a5b12043ae0" CLIENT-IP="67.2.17.107:61171" X-SITE-DEPLOYMENT-ID="Whiteboardv2-backend" WAS-DEFAULT-HOSTNAME="whiteboardv2-backend-ckf7efgxbxbjg0ft.scm.eastus-01.azurewebsites.net" X-Forwarded-Proto="https" X-AppService-Proto="https" X-Forwarded-TlsVersion="1.3" X-WAWS-Unencoded-URL="/api/publish?type=zip" >
  <step title="OneDeploy" date="2025-07-16T01:56:13.147" >
    <step title="Starting PushDeployAsync" date="2025-07-16T01:56:13.178" /><!-- duration: 0ms -->
    <step title="Updating shutdown sentinel last write time" date="2025-07-16T01:56:13.225" SemaphoreCount="7" /><!-- duration: 0ms -->
    <step title="LockFile &apos;C:\home\site\locks\deployments.lock&apos; acquired" date="2025-07-16T01:56:13.241" /><!-- duration: 0ms -->
    <step title="Saving request content to C:\local\Temp\zipdeploy\2w24whf3.zip" date="2025-07-16T01:56:13.241" >
      <step title="Total 16,530,349 bytes written to C:\local\Temp\zipdeploy\2w24whf3.zip" date="2025-07-16T01:56:22.758" /><!-- duration: 0ms -->
    </step><!-- duration: 9533ms -->
    <step title="LockFile &apos;C:\home\site\locks\deployments.lock&apos; released" date="2025-07-16T01:56:22.773" /><!-- duration: 0ms -->
    <step title="Deleting shutdown sentinel file" date="2025-07-16T01:56:22.789" SemaphoreCount="8" /><!-- duration: 0ms -->
    <step title="Starting FetchDeploy" date="2025-07-16T01:56:22.805" /><!-- duration: 0ms -->
    <step title="Attempting to fetch target branch HEAD" date="2025-07-16T01:56:22.820" /><!-- duration: 0ms -->
    <step title="Updating shutdown sentinel last write time" date="2025-07-16T01:56:22.836" SemaphoreCount="7" /><!-- duration: 0ms -->
    <step title="LockFile &apos;C:\home\site\locks\deployments.lock&apos; acquired" date="2025-07-16T01:56:22.836" /><!-- duration: 16ms -->
    <step title="Performing fetch based deployment" date="2025-07-16T01:56:22.852" >
      <step title="Creating temporary deployment" date="2025-07-16T01:56:22.867" /><!-- duration: 31ms -->
      <step title="Fetching changes." date="2025-07-16T01:56:22.961" /><!-- duration: 16ms -->
      <step title="Starting LocalZipHandler" date="2025-07-16T01:56:22.977" /><!-- duration: 16ms -->
      <step title="Starting LocalZipFetch" date="2025-07-16T01:56:22.992" /><!-- duration: 16ms -->
      <step title="Cleaning up temp folders from previous zip deployments and extracting pushed zip file C:\local\Temp\zipdeploy\2w24whf3.zip (15.76 MB) to C:\local\Temp\zipdeploy\extracted" date="2025-07-16T01:56:23.008" /><!-- duration: 16ms -->
      <step title="Cleaning up temp folders from previous zip deployments and extracting pushed zip file C:\local\Temp\zipdeploy\2w24whf3.zip (15.76 MB) to C:\local\Temp\zipdeploy\extracted" date="2025-07-16T01:56:23.023" >
        <step title="Renaming extractTargetDirectory(C:\local\Temp\zipdeploy\extracted) to tempDirectory(C:\local\Temp\zipdeploy\u4z3w1xf.myt)" date="2025-07-16T01:56:23.039" /><!-- duration: 0ms -->
        <step title="Extracting 103 entries to C:\local\Temp\zipdeploy\extracted directory" date="2025-07-16T01:56:23.055" >
          <step title="Extracting to C:\local\Temp\zipdeploy\extracted\Microsoft.AspNetCore.Connections.Abstractions.dll ..." date="2025-07-16T01:56:23.055" /><!-- duration: 0ms -->
          <step title="Extracting to C:\local\Temp\zipdeploy\extracted\Microsoft.EntityFrameworkCore.Sqlite.dll ..." date="2025-07-16T01:56:23.070" /><!-- duration: 0ms -->
          <step title="Extracting to C:\local\Temp\zipdeploy\extracted\Microsoft.AspNetCore.Http.Connections.Client.dll ..." date="2025-07-16T01:56:23.086" /><!-- duration: 0ms -->
          <step title="Extracting to C:\local\Temp\zipdeploy\extracted\Microsoft.IdentityModel.Logging.dll ..." date="2025-07-16T01:56:23.086" /><!-- duration: 16ms -->
          <step title="Extracting to C:\local\Temp\zipdeploy\extracted\Microsoft.EntityFrameworkCore.dll ..." date="2025-07-16T01:56:23.102" /><!-- duration: 31ms -->
          <step title="Omitting extracting file traces ..." date="2025-07-16T01:56:23.133" /><!-- duration: 16ms -->
        </step><!-- duration: 578ms -->
      </step><!-- duration: 609ms -->
      <step title="None repository commit" date="2025-07-16T01:56:23.633" >
        <step title="Commit id: 1590e84808024b4b8bd0525cafd35584" date="2025-07-16T01:56:23.648" Message="OneDeploy" AuthorName="N/A" AuthorEmail="N/A" /><!-- duration: 0ms -->
      </step><!-- duration: 16ms -->
      <step title="Before sending BuildRequestReceived status to /api/updatedeploystatus" date="2025-07-16T01:56:23.664" /><!-- duration: 0ms -->
      <step title="DeploymentManager.Deploy(id:1590e84808024b4b8bd0525cafd35584)" date="2025-07-16T01:56:23.680" >
        <step title="Collecting changeset information" date="2025-07-16T01:56:23.680" /><!-- duration: 47ms -->
        <step title="Updating submodules" date="2025-07-16T01:56:23.727" >
          <step title="Updating submodules." date="2025-07-16T01:56:23.773" /><!-- duration: 16ms -->
        </step><!-- duration: 62ms -->
        <step title="Preparing deployment for commit id &apos;1590e84808&apos;." date="2025-07-16T01:56:23.836" /><!-- duration: 0ms -->
        <step title="Determining deployment builder" date="2025-07-16T01:56:23.883" >
          <step title="Builder is OneDeployBuilder" date="2025-07-16T01:56:23.898" /><!-- duration: 0ms -->
        </step><!-- duration: 16ms -->
        <step title="Copying SSH keys" date="2025-07-16T01:56:23.930" /><!-- duration: 0ms -->
        <step title="Building" date="2025-07-16T01:56:23.930" >
          <step title="Running build. Project type: OneDeploy" date="2025-07-16T01:56:23.977" /><!-- duration: 0ms -->
          <step title="Copying the manifest" date="2025-07-16T01:56:24.039" /><!-- duration: 0ms -->
          <step title="Clean deploying to C:\home\site\wwwroot" date="2025-07-16T01:56:24.102" /><!-- duration: 0ms -->
          <step title="Generating deployment script." date="2025-07-16T01:56:24.148" /><!-- duration: 16ms -->
          <step title="Generating deployment script" date="2025-07-16T01:56:24.164" >
            <step title="Using cached version of the deployment script for command: -y --no-dot-deployment -r &quot;C:\local\Temp\zipdeploy\extracted&quot; -o &quot;C:\home\site\deployments\tools&quot; --basic --sitePath &quot;C:\local\Temp\zipdeploy\extracted&quot;" date="2025-07-16T01:56:24.195" /><!-- duration: 16ms -->
            <step title="Using cached version of deployment script (command: &apos;azure -y --no-dot-deployment -r &quot;C:\local\Temp\zipdeploy\extracted&quot; -o &quot;C:\home\site\deployments\tools&quot; --basic --sitePath &quot;C:\local\Temp\zipdeploy\extracted&quot;&apos;)." date="2025-07-16T01:56:24.227" /><!-- duration: 0ms -->
          </step><!-- duration: 94ms -->
          <step title="Running deployment command..." date="2025-07-16T01:56:24.289" /><!-- duration: 16ms -->
          <step title="Command: &quot;C:\home\site\deployments\tools\deploy.cmd&quot;" date="2025-07-16T01:56:24.320" /><!-- duration: 0ms -->
          <step title="Executing external process" date="2025-07-16T01:56:24.336" type="process" path="starter.cmd" arguments="&quot;C:\home\site\deployments\tools\deploy.cmd&quot;" >
            <step title="Handling Basic Web Site deployment." date="2025-07-16T01:56:24.461" /><!-- duration: 0ms -->
            <step title="Creating app_offline.htm" date="2025-07-16T01:56:28.679" /><!-- duration: 16ms -->
            <step title="KuduSync.NET from: &apos;C:\local\Temp\zipdeploy\extracted&apos; to: &apos;C:\home\site\wwwroot&apos;" date="2025-07-16T01:56:28.710" /><!-- duration: 0ms -->
            <step title="Deleting directory: &apos;logs&apos;" date="2025-07-16T01:56:28.725" /><!-- duration: 0ms -->
            <step title="Deleting file: &apos;whiteboard.db-shm&apos;" date="2025-07-16T01:56:28.741" /><!-- duration: 16ms -->
            <step title="Deleting file: &apos;whiteboard.db-wal&apos;" date="2025-07-16T01:56:28.757" /><!-- duration: 16ms -->
            <step title="Copying file: &apos;appsettings.Development.json&apos;" date="2025-07-16T01:56:28.788" /><!-- duration: 0ms -->
            <step title="Copying file: &apos;appsettings.json&apos;" date="2025-07-16T01:56:28.804" /><!-- duration: 0ms -->
            <step title="Copying file: &apos;Whiteboard&apos;" date="2025-07-16T01:56:28.819" /><!-- duration: 16ms -->
            <step title="Copying file: &apos;whiteboard.db&apos;" date="2025-07-16T01:56:28.835" /><!-- duration: 16ms -->
            <step title="Copying file: &apos;Whiteboard.deps.json&apos;" date="2025-07-16T01:56:28.866" /><!-- duration: 0ms -->
            <step title="Copying file: &apos;Whiteboard.dll&apos;" date="2025-07-16T01:56:28.882" /><!-- duration: 0ms -->
            <step title="Copying file: &apos;Whiteboard.pdb&apos;" date="2025-07-16T01:56:28.897" /><!-- duration: 0ms -->
            <step title="Copying file: &apos;Whiteboard.runtimeconfig.json&apos;" date="2025-07-16T01:56:28.913" /><!-- duration: 16ms -->
            <step title="Deleting app_offline.htm" date="2025-07-16T01:56:28.960" /><!-- duration: 16ms -->
            <step title="Finished successfully." date="2025-07-16T01:56:28.975" /><!-- duration: 16ms -->
          </step><!-- duration: 4655ms -->
          <step title="Build completed succesfully." date="2025-07-16T01:56:29.054" /><!-- duration: 16ms -->
          <step title="Running post deployment command(s)..." date="2025-07-16T01:56:29.116" /><!-- duration: 0ms -->
          <step title="Requesting site restart" date="2025-07-16T01:56:29.179" /><!-- duration: 0ms -->
          <step title="Requesting site restart" date="2025-07-16T01:56:29.194" /><!-- duration: 0ms -->
          <step title="Requesting site restart. Attempt #1" date="2025-07-16T01:56:29.241" /><!-- duration: 16ms -->
          <step title="Requesting site restart. Attempt #1" date="2025-07-16T01:56:29.257" /><!-- duration: 16ms -->
          <step title="Successfully requested a restart. Attempt #1" date="2025-07-16T01:56:29.444" /><!-- duration: 0ms -->
          <step title="Successfully requested a restart. Attempt #1" date="2025-07-16T01:56:29.460" /><!-- duration: 0ms -->
          <step title="Deployment successful. DEPLOYMENTINFO: deploymentPath = OneDeploy, deployer = OneDeploy, os = windows, sku = Free, siteName = Whiteboardv2-backend, siteHostName = whiteboardv2-backend-ckf7efgxbxbjg0ft.eastus-01.azurewebsites.net, deploymentStatus = Success" date="2025-07-16T01:56:29.507" /><!-- duration: 0ms -->
          <step title="Purge deployment items" date="2025-07-16T01:56:29.679" >
            <step title="Remove 1f55bc5f9, Success, received at 7/16/2025 12:17:07 AM" date="2025-07-16T01:56:29.741" /><!-- duration: 16ms -->
          </step><!-- duration: 78ms -->
        </step><!-- duration: 5858ms -->
      </step><!-- duration: 6108ms -->
      <step title="Cleaning up temp files" date="2025-07-16T01:56:29.788" /><!-- duration: 16ms -->
      <step title="Skip function trigger and logicapp sync because function is not enabled." date="2025-07-16T01:56:29.804" /><!-- duration: 16ms -->
    </step><!-- duration: 7015ms -->
    <step title="LockFile &apos;C:\home\site\locks\deployments.lock&apos; released" date="2025-07-16T01:56:29.866" /><!-- duration: 0ms -->
    <step title="Deleting shutdown sentinel file" date="2025-07-16T01:56:29.882" SemaphoreCount="8" /><!-- duration: 16ms -->
  </step><!-- duration: 16750ms -->
  <step title="Outgoing response" date="2025-07-16T01:56:29.913" type="response" statusCode="200" statusText="OK" Server="Microsoft-IIS/10.0" x-ms-request-id="0947e42a-61e8-11f0-affe-7a5b12043ae0" Cache-Control="private" X-AspNet-Version="4.0.30319" /><!-- duration: 0ms -->
</step><!-- duration: 16938ms -->
