<step title="Incoming Request" date="2025-07-13T04:07:47.314" instance="46bc5b" url="/api/publish?type=zip" method="POST" type="request" pid="10032,2,41" Cache-Control="no-cache" Content-Length="4525717" Content-Type="application/octet-stream" Accept="*/*" Accept-Encoding="gzip, deflate" Authorization="Bas..." Host="whiteboardv2-backend-ckf7efgxbxbjg0ft.scm.eastus-01.azurewebsites.net" User-Agent="AZURECLI/2.73.0 (HOMEBREW)" x-ms-client-request-id="ec0639f2-5f9e-11f0-91dc-7a5b12043ae0" X-ARR-LOG-ID="ec0639f2-5f9e-11f0-91dc-7a5b12043ae0" CLIENT-IP="67.2.17.107:54399" X-SITE-DEPLOYMENT-ID="Whiteboardv2-backend" WAS-DEFAULT-HOSTNAME="whiteboardv2-backend-ckf7efgxbxbjg0ft.scm.eastus-01.azurewebsites.net" X-Forwarded-Proto="https" X-AppService-Proto="https" X-Forwarded-TlsVersion="1.3" X-WAWS-Unencoded-URL="/api/publish?type=zip" >
  <step title="Cleanup Xml Logs" date="2025-07-13T04:07:47.329" /><!-- duration: 0ms -->
  <step title="OneDeploy" date="2025-07-13T04:07:47.376" >
    <step title="Starting PushDeployAsync" date="2025-07-13T04:07:47.376" /><!-- duration: 0ms -->
    <step title="Updating shutdown sentinel last write time" date="2025-07-13T04:07:47.392" SemaphoreCount="7" /><!-- duration: 0ms -->
    <step title="LockFile &apos;C:\home\site\locks\deployments.lock&apos; acquired" date="2025-07-13T04:07:47.407" /><!-- duration: 0ms -->
    <step title="Saving request content to C:\local\Temp\zipdeploy\kuwrry4l.zip" date="2025-07-13T04:07:47.423" >
      <step title="Total 4,525,717 bytes written to C:\local\Temp\zipdeploy\kuwrry4l.zip" date="2025-07-13T04:07:50.985" /><!-- duration: 0ms -->
    </step><!-- duration: 3578ms -->
    <step title="LockFile &apos;C:\home\site\locks\deployments.lock&apos; released" date="2025-07-13T04:07:51.001" /><!-- duration: 16ms -->
    <step title="Deleting shutdown sentinel file" date="2025-07-13T04:07:51.017" SemaphoreCount="8" /><!-- duration: 0ms -->
    <step title="Starting FetchDeploy" date="2025-07-13T04:07:51.032" /><!-- duration: 0ms -->
    <step title="Attempting to fetch target branch HEAD" date="2025-07-13T04:07:51.032" /><!-- duration: 16ms -->
    <step title="Updating shutdown sentinel last write time" date="2025-07-13T04:07:51.048" SemaphoreCount="7" /><!-- duration: 0ms -->
    <step title="LockFile &apos;C:\home\site\locks\deployments.lock&apos; acquired" date="2025-07-13T04:07:51.064" /><!-- duration: 0ms -->
    <step title="Performing fetch based deployment" date="2025-07-13T04:07:51.064" >
      <step title="Creating temporary deployment" date="2025-07-13T04:07:51.079" /><!-- duration: 31ms -->
      <step title="Fetching changes." date="2025-07-13T04:07:51.142" /><!-- duration: 16ms -->
      <step title="Starting LocalZipHandler" date="2025-07-13T04:07:51.157" /><!-- duration: 16ms -->
      <step title="Starting LocalZipFetch" date="2025-07-13T04:07:51.173" /><!-- duration: 0ms -->
      <step title="Cleaning up temp folders from previous zip deployments and extracting pushed zip file C:\local\Temp\zipdeploy\kuwrry4l.zip (4.32 MB) to C:\local\Temp\zipdeploy\extracted" date="2025-07-13T04:07:51.189" /><!-- duration: 0ms -->
      <step title="Cleaning up temp folders from previous zip deployments and extracting pushed zip file C:\local\Temp\zipdeploy\kuwrry4l.zip (4.32 MB) to C:\local\Temp\zipdeploy\extracted" date="2025-07-13T04:07:51.204" >
        <step title="Renaming extractTargetDirectory(C:\local\Temp\zipdeploy\extracted) to tempDirectory(C:\local\Temp\zipdeploy\ys1gejia.u5s)" date="2025-07-13T04:07:51.204" /><!-- duration: 16ms -->
        <step title="Extracting 42 entries to C:\local\Temp\zipdeploy\extracted directory" date="2025-07-13T04:07:51.220" >
          <step title="Extracting to C:\local\Temp\zipdeploy\extracted\Microsoft.AspNetCore.Connections.Abstractions.dll ..." date="2025-07-13T04:07:51.220" /><!-- duration: 16ms -->
          <step title="Extracting to C:\local\Temp\zipdeploy\extracted\Microsoft.EntityFrameworkCore.Sqlite.dll ..." date="2025-07-13T04:07:51.235" /><!-- duration: 16ms -->
          <step title="Extracting to C:\local\Temp\zipdeploy\extracted\Microsoft.AspNetCore.Http.Connections.Client.dll ..." date="2025-07-13T04:07:51.251" /><!-- duration: 0ms -->
          <step title="Extracting to C:\local\Temp\zipdeploy\extracted\Microsoft.IdentityModel.Logging.dll ..." date="2025-07-13T04:07:51.267" /><!-- duration: 0ms -->
          <step title="Extracting to C:\local\Temp\zipdeploy\extracted\Microsoft.EntityFrameworkCore.dll ..." date="2025-07-13T04:07:51.282" /><!-- duration: 16ms -->
          <step title="Omitting extracting file traces ..." date="2025-07-13T04:07:51.314" /><!-- duration: 0ms -->
          <step title="Extracting to C:\local\Temp\zipdeploy\extracted\Microsoft.Extensions.DependencyInjection.Abstractions.dll ..." date="2025-07-13T04:07:51.439" /><!-- duration: 0ms -->
          <step title="Extracting to C:\local\Temp\zipdeploy\extracted\Microsoft.AspNetCore.SignalR.Client.Core.dll ..." date="2025-07-13T04:07:51.454" /><!-- duration: 0ms -->
          <step title="Extracting to C:\local\Temp\zipdeploy\extracted\Microsoft.Data.Sqlite.dll ..." date="2025-07-13T04:07:51.454" /><!-- duration: 16ms -->
          <step title="Extracting to C:\local\Temp\zipdeploy\extracted\Whiteboard.exe ..." date="2025-07-13T04:07:51.470" /><!-- duration: 16ms -->
          <step title="Extracting to C:\local\Temp\zipdeploy\extracted\Swashbuckle.AspNetCore.Swagger.dll ..." date="2025-07-13T04:07:51.485" /><!-- duration: 0ms -->
        </step><!-- duration: 281ms -->
      </step><!-- duration: 297ms -->
      <step title="None repository commit" date="2025-07-13T04:07:51.501" >
        <step title="Commit id: 62d13d5698b4439fa50f9a4cc50d3ace" date="2025-07-13T04:07:51.517" Message="OneDeploy" AuthorName="N/A" AuthorEmail="N/A" /><!-- duration: 0ms -->
      </step><!-- duration: 16ms -->
      <step title="Before sending BuildRequestReceived status to /api/updatedeploystatus" date="2025-07-13T04:07:51.532" /><!-- duration: 0ms -->
      <step title="DeploymentManager.Deploy(id:62d13d5698b4439fa50f9a4cc50d3ace)" date="2025-07-13T04:07:51.532" >
        <step title="Collecting changeset information" date="2025-07-13T04:07:51.548" /><!-- duration: 31ms -->
        <step title="Updating submodules" date="2025-07-13T04:07:51.595" >
          <step title="Updating submodules." date="2025-07-13T04:07:51.626" /><!-- duration: 16ms -->
        </step><!-- duration: 47ms -->
        <step title="Preparing deployment for commit id &apos;62d13d5698&apos;." date="2025-07-13T04:07:51.689" /><!-- duration: 0ms -->
        <step title="Determining deployment builder" date="2025-07-13T04:07:51.735" >
          <step title="Builder is OneDeployBuilder" date="2025-07-13T04:07:51.751" /><!-- duration: 0ms -->
        </step><!-- duration: 16ms -->
        <step title="Copying SSH keys" date="2025-07-13T04:07:51.767" /><!-- duration: 16ms -->
        <step title="Building" date="2025-07-13T04:07:51.782" >
          <step title="Running build. Project type: OneDeploy" date="2025-07-13T04:07:51.829" /><!-- duration: 0ms -->
          <step title="Copying the manifest" date="2025-07-13T04:07:51.876" /><!-- duration: 0ms -->
          <step title="Clean deploying to C:\home\site\wwwroot" date="2025-07-13T04:07:52.017" /><!-- duration: 0ms -->
          <step title="Generating deployment script." date="2025-07-13T04:07:52.064" /><!-- duration: 0ms -->
          <step title="Generating deployment script" date="2025-07-13T04:07:52.079" >
            <step title="Using cached version of the deployment script for command: -y --no-dot-deployment -r &quot;C:\local\Temp\zipdeploy\extracted&quot; -o &quot;C:\home\site\deployments\tools&quot; --basic --sitePath &quot;C:\local\Temp\zipdeploy\extracted&quot;" date="2025-07-13T04:07:52.095" /><!-- duration: 0ms -->
            <step title="Using cached version of deployment script (command: &apos;azure -y --no-dot-deployment -r &quot;C:\local\Temp\zipdeploy\extracted&quot; -o &quot;C:\home\site\deployments\tools&quot; --basic --sitePath &quot;C:\local\Temp\zipdeploy\extracted&quot;&apos;)." date="2025-07-13T04:07:52.110" /><!-- duration: 0ms -->
          </step><!-- duration: 63ms -->
          <step title="Running deployment command..." date="2025-07-13T04:07:52.189" /><!-- duration: 0ms -->
          <step title="Command: &quot;C:\home\site\deployments\tools\deploy.cmd&quot;" date="2025-07-13T04:07:52.204" /><!-- duration: 16ms -->
          <step title="Executing external process" date="2025-07-13T04:07:52.220" type="process" path="starter.cmd" arguments="&quot;C:\home\site\deployments\tools\deploy.cmd&quot;" >
            <step title="Handling Basic Web Site deployment." date="2025-07-13T04:07:52.329" /><!-- duration: 16ms -->
            <step title="Creating app_offline.htm" date="2025-07-13T04:07:52.439" /><!-- duration: 0ms -->
            <step title="KuduSync.NET from: &apos;C:\local\Temp\zipdeploy\extracted&apos; to: &apos;C:\home\site\wwwroot&apos;" date="2025-07-13T04:07:52.454" /><!-- duration: 0ms -->
            <step title="Copying file: &apos;web.config&apos;" date="2025-07-13T04:07:52.470" /><!-- duration: 16ms -->
            <step title="Deleting app_offline.htm" date="2025-07-13T04:07:52.501" /><!-- duration: 16ms -->
            <step title="Finished successfully." date="2025-07-13T04:07:52.532" /><!-- duration: 0ms -->
          </step><!-- duration: 328ms -->
          <step title="Build completed succesfully." date="2025-07-13T04:07:52.595" /><!-- duration: 0ms -->
          <step title="Running post deployment command(s)..." date="2025-07-13T04:07:52.642" /><!-- duration: 16ms -->
          <step title="Requesting site restart" date="2025-07-13T04:07:52.704" /><!-- duration: 0ms -->
          <step title="Requesting site restart" date="2025-07-13T04:07:52.720" /><!-- duration: 0ms -->
          <step title="Requesting site restart. Attempt #1" date="2025-07-13T04:07:52.751" /><!-- duration: 16ms -->
          <step title="Requesting site restart. Attempt #1" date="2025-07-13T04:07:52.767" /><!-- duration: 16ms -->
          <step title="Successfully requested a restart. Attempt #1" date="2025-07-13T04:07:52.939" /><!-- duration: 0ms -->
          <step title="Successfully requested a restart. Attempt #1" date="2025-07-13T04:07:52.939" /><!-- duration: 16ms -->
          <step title="Deployment successful. DEPLOYMENTINFO: deploymentPath = OneDeploy, deployer = OneDeploy, os = windows, sku = Free, siteName = Whiteboardv2-backend, siteHostName = whiteboardv2-backend-ckf7efgxbxbjg0ft.eastus-01.azurewebsites.net, deploymentStatus = Success" date="2025-07-13T04:07:53.001" /><!-- duration: 0ms -->
          <step title="Purge deployment items" date="2025-07-13T04:07:53.126" >
            <step title="Remove 351dfc5f9, Success, received at 7/13/2025 3:42:38 AM" date="2025-07-13T04:07:53.220" /><!-- duration: 0ms -->
          </step><!-- duration: 94ms -->
        </step><!-- duration: 1469ms -->
      </step><!-- duration: 1734ms -->
      <step title="Cleaning up temp files" date="2025-07-13T04:07:53.267" /><!-- duration: 0ms -->
      <step title="Skip function trigger and logicapp sync because function is not enabled." date="2025-07-13T04:07:53.282" /><!-- duration: 16ms -->
    </step><!-- duration: 2281ms -->
    <step title="LockFile &apos;C:\home\site\locks\deployments.lock&apos; released" date="2025-07-13T04:07:53.345" /><!-- duration: 16ms -->
    <step title="Deleting shutdown sentinel file" date="2025-07-13T04:07:53.360" SemaphoreCount="8" /><!-- duration: 16ms -->
  </step><!-- duration: 6000ms -->
  <step title="Outgoing response" date="2025-07-13T04:07:53.376" type="response" statusCode="200" statusText="OK" Server="Microsoft-IIS/10.0" x-ms-request-id="ec0639f2-5f9e-11f0-91dc-7a5b12043ae0" Cache-Control="private" X-AspNet-Version="4.0.30319" /><!-- duration: 0ms -->
</step><!-- duration: 6078ms -->
