<step title="BackgroundTrace" date="2025-07-17T00:52:37.203" instance="46bc5b" url="/api/zipdeploy" method="POST" >
  <step title="Updating shutdown sentinel last write time" date="2025-07-17T00:52:37.203" SemaphoreCount="7" /><!-- duration: 16ms -->
  <step title="LockFile &apos;C:\home\site\locks\deployments.lock&apos; acquired" date="2025-07-17T00:52:37.219" /><!-- duration: 0ms -->
  <step title="Creating temporary deployment" date="2025-07-17T00:52:37.234" /><!-- duration: 31ms -->
  <step title="Performing fetch based deployment" date="2025-07-17T00:52:37.266" >
    <step title="Fetching changes." date="2025-07-17T00:52:37.359" /><!-- duration: 0ms -->
    <step title="Starting LocalZipHandler" date="2025-07-17T00:52:37.375" /><!-- duration: 0ms -->
    <step title="Cleaning up temp folders from previous zip deployments and extracting pushed zip file C:\local\Temp\zipdeploy\jh3wrv5v.zip (16.05 MB) to C:\local\Temp\zipdeploy\extracted" date="2025-07-17T00:52:37.406" /><!-- duration: 0ms -->
    <step title="Cleaning up temp folders from previous zip deployments and extracting pushed zip file C:\local\Temp\zipdeploy\jh3wrv5v.zip (16.05 MB) to C:\local\Temp\zipdeploy\extracted" date="2025-07-17T00:52:37.406" >
      <step title="Renaming extractTargetDirectory(C:\local\Temp\zipdeploy\extracted) to tempDirectory(C:\local\Temp\zipdeploy\414lyjfh.mtd)" date="2025-07-17T00:52:37.422" /><!-- duration: 0ms -->
      <step title="Extracting 61 entries to C:\local\Temp\zipdeploy\extracted directory" date="2025-07-17T00:52:37.422" >
        <step title="Extracting to C:\local\Temp\zipdeploy\extracted\Swashbuckle.AspNetCore.Swagger.dll ..." date="2025-07-17T00:52:37.437" /><!-- duration: 0ms -->
        <step title="Extracting to C:\local\Temp\zipdeploy\extracted\Microsoft.Data.Sqlite.dll ..." date="2025-07-17T00:52:37.453" /><!-- duration: 0ms -->
        <step title="Extracting to C:\local\Temp\zipdeploy\extracted\Microsoft.AspNetCore.SignalR.Client.Core.dll ..." date="2025-07-17T00:52:37.453" /><!-- duration: 16ms -->
        <step title="Extracting to C:\local\Temp\zipdeploy\extracted\Microsoft.Extensions.DependencyInjection.Abstractions.dll ..." date="2025-07-17T00:52:37.469" /><!-- duration: 16ms -->
        <step title="Extracting to C:\local\Temp\zipdeploy\extracted\appsettings.Development.json ..." date="2025-07-17T00:52:37.484" /><!-- duration: 31ms -->
        <step title="Omitting extracting file traces ..." date="2025-07-17T00:52:37.531" /><!-- duration: 0ms -->
        <step title="Extracting to C:\local\Temp\zipdeploy\extracted\Microsoft.EntityFrameworkCore.dll ..." date="2025-07-17T00:52:37.984" /><!-- duration: 31ms -->
        <step title="Extracting to C:\local\Temp\zipdeploy\extracted\Microsoft.IdentityModel.Logging.dll ..." date="2025-07-17T00:52:38.016" /><!-- duration: 16ms -->
        <step title="Extracting to C:\local\Temp\zipdeploy\extracted\Microsoft.AspNetCore.Http.Connections.Client.dll ..." date="2025-07-17T00:52:38.031" /><!-- duration: 0ms -->
        <step title="Extracting to C:\local\Temp\zipdeploy\extracted\Microsoft.EntityFrameworkCore.Sqlite.dll ..." date="2025-07-17T00:52:38.047" /><!-- duration: 0ms -->
        <step title="Extracting to C:\local\Temp\zipdeploy\extracted\Microsoft.AspNetCore.Connections.Abstractions.dll ..." date="2025-07-17T00:52:38.062" /><!-- duration: 0ms -->
      </step><!-- duration: 641ms -->
    </step><!-- duration: 672ms -->
    <step title="Before sending BuildRequestReceived status to /api/updatedeploystatus" date="2025-07-17T00:52:38.078" /><!-- duration: 0ms -->
    <step title="DeploymentManager.Deploy(id:fc32be0edb1a450aafdf501c2d47d5c1)" date="2025-07-17T00:52:38.094" >
      <step title="Collecting changeset information" date="2025-07-17T00:52:38.094" /><!-- duration: 78ms -->
      <step title="Updating submodules" date="2025-07-17T00:52:38.172" >
        <step title="Updating submodules." date="2025-07-17T00:52:38.219" /><!-- duration: 0ms -->
      </step><!-- duration: 62ms -->
      <step title="Preparing deployment for commit id &apos;fc32be0edb&apos;." date="2025-07-17T00:52:38.266" /><!-- duration: 16ms -->
      <step title="Determining deployment builder" date="2025-07-17T00:52:38.312" >
        <step title="Builder is BasicBuilder" date="2025-07-17T00:52:38.312" /><!-- duration: 16ms -->
      </step><!-- duration: 16ms -->
      <step title="Copying SSH keys" date="2025-07-17T00:52:38.344" /><!-- duration: 16ms -->
      <step title="Building" date="2025-07-17T00:52:38.359" >
        <step title="Generating deployment script." date="2025-07-17T00:52:38.406" /><!-- duration: 0ms -->
        <step title="Generating deployment script" date="2025-07-17T00:52:38.406" >
          <step title="Using cached version of the deployment script for command: -y --no-dot-deployment -r &quot;C:\local\Temp\zipdeploy\extracted&quot; -o &quot;C:\home\site\deployments\tools&quot; --basic --sitePath &quot;C:\local\Temp\zipdeploy\extracted&quot;" date="2025-07-17T00:52:38.437" /><!-- duration: 0ms -->
          <step title="Using cached version of deployment script (command: &apos;azure -y --no-dot-deployment -r &quot;C:\local\Temp\zipdeploy\extracted&quot; -o &quot;C:\home\site\deployments\tools&quot; --basic --sitePath &quot;C:\local\Temp\zipdeploy\extracted&quot;&apos;)." date="2025-07-17T00:52:38.437" /><!-- duration: 16ms -->
        </step><!-- duration: 47ms -->
        <step title="Running deployment command..." date="2025-07-17T00:52:38.500" /><!-- duration: 0ms -->
        <step title="Command: &quot;C:\home\site\deployments\tools\deploy.cmd&quot;" date="2025-07-17T00:52:38.516" /><!-- duration: 16ms -->
        <step title="Executing external process" date="2025-07-17T00:52:38.531" type="process" path="starter.cmd" arguments="&quot;C:\home\site\deployments\tools\deploy.cmd&quot;" >
          <step title="Handling Basic Web Site deployment." date="2025-07-17T00:52:38.641" /><!-- duration: 16ms -->
          <step title="Creating app_offline.htm" date="2025-07-17T00:52:38.812" /><!-- duration: 0ms -->
          <step title="KuduSync.NET from: &apos;C:\local\Temp\zipdeploy\extracted&apos; to: &apos;C:\home\site\wwwroot&apos;" date="2025-07-17T00:52:38.812" /><!-- duration: 16ms -->
          <step title="Deleting file: &apos;publish\appsettings.Development.json&apos;" date="2025-07-17T00:52:38.828" /><!-- duration: 16ms -->
          <step title="Deleting file: &apos;publish\appsettings.json&apos;" date="2025-07-17T00:52:38.875" /><!-- duration: 16ms -->
          <step title="Deleting file: &apos;publish\Microsoft.AspNetCore.Authentication.JwtBearer.dll&apos;" date="2025-07-17T00:52:38.891" /><!-- duration: 0ms -->
          <step title="Deleting file: &apos;publish\Microsoft.AspNetCore.Connections.Abstractions.dll&apos;" date="2025-07-17T00:52:38.906" /><!-- duration: 0ms -->
          <step title="Deleting file: &apos;publish\Microsoft.AspNetCore.Http.Connections.Client.dll&apos;" date="2025-07-17T00:52:38.922" /><!-- duration: 0ms -->
          <step title="Deleting file: &apos;publish\Microsoft.AspNetCore.Http.Connections.Common.dll&apos;" date="2025-07-17T00:52:38.937" /><!-- duration: 0ms -->
          <step title="Deleting file: &apos;publish\Microsoft.AspNetCore.SignalR.Client.Core.dll&apos;" date="2025-07-17T00:52:38.937" /><!-- duration: 16ms -->
          <step title="Deleting file: &apos;publish\Microsoft.AspNetCore.SignalR.Client.dll&apos;" date="2025-07-17T00:52:38.953" /><!-- duration: 16ms -->
          <step title="Deleting file: &apos;publish\Microsoft.AspNetCore.SignalR.Common.dll&apos;" date="2025-07-17T00:52:38.969" /><!-- duration: 16ms -->
          <step title="Deleting file: &apos;publish\Microsoft.AspNetCore.SignalR.Protocols.Json.dll&apos;" date="2025-07-17T00:52:38.984" /><!-- duration: 16ms -->
          <step title="Deleting file: &apos;publish\Microsoft.Data.Sqlite.dll&apos;" date="2025-07-17T00:52:39.000" /><!-- duration: 0ms -->
          <step title="Deleting file: &apos;publish\Microsoft.EntityFrameworkCore.Abstractions.dll&apos;" date="2025-07-17T00:52:39.016" /><!-- duration: 0ms -->
          <step title="Deleting file: &apos;publish\Microsoft.EntityFrameworkCore.dll&apos;" date="2025-07-17T00:52:39.031" /><!-- duration: 0ms -->
          <step title="Deleting file: &apos;publish\Microsoft.EntityFrameworkCore.Relational.dll&apos;" date="2025-07-17T00:52:39.047" /><!-- duration: 0ms -->
          <step title="Deleting file: &apos;publish\Microsoft.EntityFrameworkCore.Sqlite.dll&apos;" date="2025-07-17T00:52:39.062" /><!-- duration: 0ms -->
          <step title="Deleting file: &apos;publish\Microsoft.Extensions.DependencyInjection.Abstractions.dll&apos;" date="2025-07-17T00:52:39.078" /><!-- duration: 0ms -->
          <step title="Deleting file: &apos;publish\Microsoft.Extensions.DependencyModel.dll&apos;" date="2025-07-17T00:52:39.094" /><!-- duration: 0ms -->
          <step title="Deleting file: &apos;publish\Microsoft.Extensions.Features.dll&apos;" date="2025-07-17T00:52:39.094" /><!-- duration: 16ms -->
          <step title="Deleting file: &apos;publish\Microsoft.Extensions.Logging.Abstractions.dll&apos;" date="2025-07-17T00:52:39.109" /><!-- duration: 16ms -->
          <step title="Deleting file: &apos;publish\Microsoft.Extensions.Options.dll&apos;" date="2025-07-17T00:52:39.125" /><!-- duration: 0ms -->
          <step title="Deleting file: &apos;publish\Microsoft.IdentityModel.Abstractions.dll&apos;" date="2025-07-17T00:52:39.141" /><!-- duration: 0ms -->
          <step title="Deleting file: &apos;publish\Microsoft.IdentityModel.JsonWebTokens.dll&apos;" date="2025-07-17T00:52:39.156" /><!-- duration: 0ms -->
          <step title="Deleting file: &apos;publish\Microsoft.IdentityModel.Logging.dll&apos;" date="2025-07-17T00:52:39.172" /><!-- duration: 0ms -->
          <step title="Deleting file: &apos;publish\Microsoft.IdentityModel.Protocols.dll&apos;" date="2025-07-17T00:52:39.187" /><!-- duration: 0ms -->
          <step title="Deleting file: &apos;publish\Microsoft.IdentityModel.Protocols.OpenIdConnect.dll&apos;" date="2025-07-17T00:52:39.203" /><!-- duration: 0ms -->
          <step title="Deleting file: &apos;publish\Microsoft.IdentityModel.Tokens.dll&apos;" date="2025-07-17T00:52:39.203" /><!-- duration: 16ms -->
          <step title="Deleting file: &apos;publish\Microsoft.OpenApi.dll&apos;" date="2025-07-17T00:52:39.219" /><!-- duration: 16ms -->
          <step title="Deleting file: &apos;publish\SQLitePCLRaw.batteries_v2.dll&apos;" date="2025-07-17T00:52:39.234" /><!-- duration: 0ms -->
          <step title="Deleting file: &apos;publish\SQLitePCLRaw.core.dll&apos;" date="2025-07-17T00:52:39.250" /><!-- duration: 0ms -->
          <step title="Deleting file: &apos;publish\SQLitePCLRaw.provider.e_sqlite3.dll&apos;" date="2025-07-17T00:52:39.266" /><!-- duration: 0ms -->
          <step title="Deleting file: &apos;publish\Swashbuckle.AspNetCore.Swagger.dll&apos;" date="2025-07-17T00:52:39.281" /><!-- duration: 0ms -->
          <step title="Deleting file: &apos;publish\Swashbuckle.AspNetCore.SwaggerGen.dll&apos;" date="2025-07-17T00:52:39.297" /><!-- duration: 0ms -->
          <step title="Deleting file: &apos;publish\Swashbuckle.AspNetCore.SwaggerUI.dll&apos;" date="2025-07-17T00:52:39.312" /><!-- duration: 0ms -->
          <step title="Deleting file: &apos;publish\System.IdentityModel.Tokens.Jwt.dll&apos;" date="2025-07-17T00:52:39.328" /><!-- duration: 0ms -->
          <step title="Deleting file: &apos;publish\web.config&apos;" date="2025-07-17T00:52:39.344" /><!-- duration: 0ms -->
          <step title="Deleting file: &apos;publish\Whiteboard&apos;" date="2025-07-17T00:52:39.344" /><!-- duration: 16ms -->
          <step title="Deleting file: &apos;publish\whiteboard.db&apos;" date="2025-07-17T00:52:39.359" /><!-- duration: 16ms -->
          <step title="Deleting file: &apos;publish\Whiteboard.deps.json&apos;" date="2025-07-17T00:52:39.375" /><!-- duration: 16ms -->
          <step title="Deleting file: &apos;publish\Whiteboard.dll&apos;" date="2025-07-17T00:52:39.391" /><!-- duration: 0ms -->
          <step title="Deleting file: &apos;publish\Whiteboard.pdb&apos;" date="2025-07-17T00:52:39.406" /><!-- duration: 16ms -->
          <step title="Deleting file: &apos;publish\Whiteboard.runtimeconfig.json&apos;" date="2025-07-17T00:52:39.422" /><!-- duration: 0ms -->
          <step title="Deleting file: &apos;publish\publish\appsettings.Development.json&apos;" date="2025-07-17T00:52:39.437" /><!-- duration: 0ms -->
          <step title="Deleting file: &apos;publish\publish\appsettings.json&apos;" date="2025-07-17T00:52:39.453" /><!-- duration: 0ms -->
          <step title="Deleting file: &apos;publish\publish\web.config&apos;" date="2025-07-17T00:52:39.469" /><!-- duration: 0ms -->
          <step title="Deleting file: &apos;publish\publish\Whiteboard.deps.json&apos;" date="2025-07-17T00:52:39.484" /><!-- duration: 0ms -->
          <step title="Deleting file: &apos;publish\publish\Whiteboard.runtimeconfig.json&apos;" date="2025-07-17T00:52:39.500" /><!-- duration: 0ms -->
          <step title="Deleting file: &apos;publish\publish\publish\appsettings.Development.json&apos;" date="2025-07-17T00:52:39.500" /><!-- duration: 16ms -->
          <step title="Deleting file: &apos;publish\publish\publish\appsettings.json&apos;" date="2025-07-17T00:52:39.516" /><!-- duration: 16ms -->
          <step title="Omitting next output lines..." date="2025-07-17T00:52:39.531" /><!-- duration: 16ms -->
          <step title="Finished successfully." date="2025-07-17T00:52:39.812" /><!-- duration: 0ms -->
        </step><!-- duration: 1297ms -->
        <step title="Running post deployment command(s)..." date="2025-07-17T00:52:39.875" /><!-- duration: 0ms -->
        <step title="Triggering recycle (preview mode disabled)." date="2025-07-17T00:52:39.922" /><!-- duration: 0ms -->
        <step title="Ignoring FS watcher based recycle request as this is a classic Windows app." date="2025-07-17T00:52:39.922" /><!-- duration: 0ms -->
        <step title="Deployment successful. DEPLOYMENTINFO: deploymentPath = ZipDeploy. Extract zip. , deployer = ms-azuretools-vscode, os = windows, sku = Free, siteName = Whiteboardv2-backend, siteHostName = whiteboardv2-backend-ckf7efgxbxbjg0ft.eastus-01.azurewebsites.net, deploymentStatus = Success" date="2025-07-17T00:52:39.984" /><!-- duration: 0ms -->
        <step title="Purge deployment items" date="2025-07-17T00:52:40.047" >
          <step title="Remove 3abc7c3c4, Success, received at 7/16/2025 12:41:02 AM" date="2025-07-17T00:52:40.156" /><!-- duration: 0ms -->
        </step><!-- duration: 125ms -->
      </step><!-- duration: 1828ms -->
    </step><!-- duration: 2109ms -->
    <step title="Cleaning up temp files" date="2025-07-17T00:52:40.203" /><!-- duration: 0ms -->
    <step title="Skip function trigger and logicapp sync because function is not enabled." date="2025-07-17T00:52:40.281" /><!-- duration: 16ms -->
  </step><!-- duration: 3062ms -->
  <step title="LockFile &apos;C:\home\site\locks\deployments.lock&apos; released" date="2025-07-17T00:52:40.328" /><!-- duration: 0ms -->
  <step title="Deleting shutdown sentinel file" date="2025-07-17T00:52:40.344" SemaphoreCount="8" /><!-- duration: 0ms -->
</step><!-- duration: 3156ms -->
