<step title="BackgroundTrace" date="2025-07-16T00:42:44.883" instance="46bc5b" url="/api/zipdeploy" method="POST" >
  <step title="Updating shutdown sentinel last write time" date="2025-07-16T00:42:44.899" SemaphoreCount="7" /><!-- duration: 0ms -->
  <step title="LockFile &apos;C:\home\site\locks\deployments.lock&apos; acquired" date="2025-07-16T00:42:44.899" /><!-- duration: 16ms -->
  <step title="Creating temporary deployment" date="2025-07-16T00:42:44.915" /><!-- duration: 31ms -->
  <step title="Performing fetch based deployment" date="2025-07-16T00:42:44.946" >
    <step title="Fetching changes." date="2025-07-16T00:42:44.993" /><!-- duration: 16ms -->
    <step title="Starting LocalZipHandler" date="2025-07-16T00:42:45.008" /><!-- duration: 16ms -->
    <step title="Cleaning up temp folders from previous zip deployments and extracting pushed zip file C:\local\Temp\zipdeploy\nwubds0x.zip (33.05 MB) to C:\local\Temp\zipdeploy\extracted" date="2025-07-16T00:42:45.055" /><!-- duration: 0ms -->
    <step title="Cleaning up temp folders from previous zip deployments and extracting pushed zip file C:\local\Temp\zipdeploy\nwubds0x.zip (33.05 MB) to C:\local\Temp\zipdeploy\extracted" date="2025-07-16T00:42:45.055" >
      <step title="Renaming extractTargetDirectory(C:\local\Temp\zipdeploy\extracted) to tempDirectory(C:\local\Temp\zipdeploy\ovqz1xxt.ak4)" date="2025-07-16T00:42:45.055" /><!-- duration: 16ms -->
      <step title="Extracting 221 entries to C:\local\Temp\zipdeploy\extracted directory" date="2025-07-16T00:42:45.071" >
        <step title="Extracting to C:\local\Temp\zipdeploy\extracted\publish\Microsoft.AspNetCore.Connections.Abstractions.dll ..." date="2025-07-16T00:42:45.086" /><!-- duration: 0ms -->
        <step title="Extracting to C:\local\Temp\zipdeploy\extracted\publish\Microsoft.EntityFrameworkCore.Sqlite.dll ..." date="2025-07-16T00:42:45.102" /><!-- duration: 0ms -->
        <step title="Extracting to C:\local\Temp\zipdeploy\extracted\publish\Microsoft.AspNetCore.Http.Connections.Client.dll ..." date="2025-07-16T00:42:45.133" /><!-- duration: 16ms -->
        <step title="Extracting to C:\local\Temp\zipdeploy\extracted\publish\Microsoft.IdentityModel.Logging.dll ..." date="2025-07-16T00:42:45.149" /><!-- duration: 16ms -->
        <step title="Extracting to C:\local\Temp\zipdeploy\extracted\publish\Microsoft.EntityFrameworkCore.dll ..." date="2025-07-16T00:42:45.165" /><!-- duration: 31ms -->
        <step title="Omitting extracting file traces ..." date="2025-07-16T00:42:45.196" /><!-- duration: 16ms -->
      </step><!-- duration: 1188ms -->
    </step><!-- duration: 1203ms -->
    <step title="Before sending BuildRequestReceived status to /api/updatedeploystatus" date="2025-07-16T00:42:46.274" /><!-- duration: 0ms -->
    <step title="DeploymentManager.Deploy(id:e5013feaf43d487181ef587c3289d152)" date="2025-07-16T00:42:46.274" >
      <step title="Collecting changeset information" date="2025-07-16T00:42:46.290" /><!-- duration: 94ms -->
      <step title="Updating submodules" date="2025-07-16T00:42:46.383" >
        <step title="Updating submodules." date="2025-07-16T00:42:46.430" /><!-- duration: 16ms -->
      </step><!-- duration: 63ms -->
      <step title="Preparing deployment for commit id &apos;e5013feaf4&apos;." date="2025-07-16T00:42:46.540" /><!-- duration: 0ms -->
      <step title="Determining deployment builder" date="2025-07-16T00:42:46.571" >
        <step title="Builder is BasicBuilder" date="2025-07-16T00:42:46.586" /><!-- duration: 0ms -->
      </step><!-- duration: 16ms -->
      <step title="Copying SSH keys" date="2025-07-16T00:42:46.618" /><!-- duration: 0ms -->
      <step title="Building" date="2025-07-16T00:42:46.618" >
        <step title="Generating deployment script." date="2025-07-16T00:42:46.665" /><!-- duration: 0ms -->
        <step title="Generating deployment script" date="2025-07-16T00:42:46.680" >
          <step title="Using cached version of the deployment script for command: -y --no-dot-deployment -r &quot;C:\local\Temp\zipdeploy\extracted&quot; -o &quot;C:\home\site\deployments\tools&quot; --basic --sitePath &quot;C:\local\Temp\zipdeploy\extracted&quot;" date="2025-07-16T00:42:46.696" /><!-- duration: 0ms -->
          <step title="Using cached version of deployment script (command: &apos;azure -y --no-dot-deployment -r &quot;C:\local\Temp\zipdeploy\extracted&quot; -o &quot;C:\home\site\deployments\tools&quot; --basic --sitePath &quot;C:\local\Temp\zipdeploy\extracted&quot;&apos;)." date="2025-07-16T00:42:46.711" /><!-- duration: 0ms -->
        </step><!-- duration: 31ms -->
        <step title="Running deployment command..." date="2025-07-16T00:42:46.758" /><!-- duration: 0ms -->
        <step title="Command: &quot;C:\home\site\deployments\tools\deploy.cmd&quot;" date="2025-07-16T00:42:46.790" /><!-- duration: 0ms -->
        <step title="Executing external process" date="2025-07-16T00:42:46.790" type="process" path="starter.cmd" arguments="&quot;C:\home\site\deployments\tools\deploy.cmd&quot;" >
          <step title="Handling Basic Web Site deployment." date="2025-07-16T00:42:46.899" /><!-- duration: 16ms -->
          <step title="Creating app_offline.htm" date="2025-07-16T00:42:47.446" /><!-- duration: 0ms -->
          <step title="KuduSync.NET from: &apos;C:\local\Temp\zipdeploy\extracted&apos; to: &apos;C:\home\site\wwwroot&apos;" date="2025-07-16T00:42:47.461" /><!-- duration: 0ms -->
          <step title="Copying file: &apos;web.config&apos;" date="2025-07-16T00:42:47.477" /><!-- duration: 0ms -->
          <step title="Deleting app_offline.htm" date="2025-07-16T00:42:47.493" /><!-- duration: 0ms -->
          <step title="Finished successfully." date="2025-07-16T00:42:47.508" /><!-- duration: 0ms -->
        </step><!-- duration: 719ms -->
        <step title="Running post deployment command(s)..." date="2025-07-16T00:42:47.555" /><!-- duration: 0ms -->
        <step title="Triggering recycle (preview mode disabled)." date="2025-07-16T00:42:47.602" /><!-- duration: 16ms -->
        <step title="Ignoring FS watcher based recycle request as this is a classic Windows app." date="2025-07-16T00:42:47.618" /><!-- duration: 0ms -->
        <step title="Deployment successful. DEPLOYMENTINFO: deploymentPath = ZipDeploy. Extract zip. , deployer = ZipDeploy, os = windows, sku = Free, siteName = Whiteboardv2-backend, siteHostName = whiteboardv2-backend-ckf7efgxbxbjg0ft.eastus-01.azurewebsites.net, deploymentStatus = Success" date="2025-07-16T00:42:47.665" /><!-- duration: 16ms -->
        <step title="Purge deployment items" date="2025-07-16T00:42:47.790" >
          <step title="Remove 98658c966, Success, received at 7/15/2025 6:33:43 PM" date="2025-07-16T00:42:47.899" /><!-- duration: 0ms -->
        </step><!-- duration: 109ms -->
      </step><!-- duration: 1313ms -->
    </step><!-- duration: 1657ms -->
    <step title="Cleaning up temp files" date="2025-07-16T00:42:47.946" /><!-- duration: 0ms -->
    <step title="Skip function trigger and logicapp sync because function is not enabled." date="2025-07-16T00:42:47.962" /><!-- duration: 0ms -->
  </step><!-- duration: 3063ms -->
  <step title="LockFile &apos;C:\home\site\locks\deployments.lock&apos; released" date="2025-07-16T00:42:48.009" /><!-- duration: 16ms -->
  <step title="Deleting shutdown sentinel file" date="2025-07-16T00:42:48.040" SemaphoreCount="8" /><!-- duration: 0ms -->
</step><!-- duration: 3157ms -->
