<step title="BackgroundTrace" date="2025-09-28T18:55:22.443" instance="5c3b3e" url="/api/zipdeploy" method="POST" >
  <step title="Updating shutdown sentinel last write time" date="2025-09-28T18:55:22.459" SemaphoreCount="7" /><!-- duration: 0ms -->
  <step title="LockFile &apos;C:\home\site\locks\deployments.lock&apos; acquired" date="2025-09-28T18:55:22.459" /><!-- duration: 16ms -->
  <step title="Creating temporary deployment" date="2025-09-28T18:55:22.475" /><!-- duration: 62ms -->
  <step title="Performing fetch based deployment" date="2025-09-28T18:55:22.537" >
    <step title="Fetching changes." date="2025-09-28T18:55:22.600" /><!-- duration: 16ms -->
    <step title="Starting LocalZipHandler" date="2025-09-28T18:55:22.631" /><!-- duration: 0ms -->
    <step title="Cleaning up temp folders from previous zip deployments and extracting pushed zip file C:\local\Temp\zipdeploy\qtld3qlw.zip (15.76 MB) to C:\local\Temp\zipdeploy\extracted" date="2025-09-28T18:55:22.662" /><!-- duration: 16ms -->
    <step title="Cleaning up temp folders from previous zip deployments and extracting pushed zip file C:\local\Temp\zipdeploy\qtld3qlw.zip (15.76 MB) to C:\local\Temp\zipdeploy\extracted" date="2025-09-28T18:55:22.678" >
      <step title="Extracting 104 entries to C:\local\Temp\zipdeploy\extracted directory" date="2025-09-28T18:55:22.693" >
        <step title="Extracting to C:\local\Temp\zipdeploy\extracted\publish\Microsoft.AspNetCore.Connections.Abstractions.dll ..." date="2025-09-28T18:55:22.693" /><!-- duration: 16ms -->
        <step title="Extracting to C:\local\Temp\zipdeploy\extracted\publish\Microsoft.EntityFrameworkCore.Sqlite.dll ..." date="2025-09-28T18:55:22.725" /><!-- duration: 0ms -->
        <step title="Extracting to C:\local\Temp\zipdeploy\extracted\publish\Microsoft.AspNetCore.Http.Connections.Client.dll ..." date="2025-09-28T18:55:22.740" /><!-- duration: 0ms -->
        <step title="Extracting to C:\local\Temp\zipdeploy\extracted\publish\Microsoft.IdentityModel.Logging.dll ..." date="2025-09-28T18:55:22.740" /><!-- duration: 16ms -->
        <step title="Extracting to C:\local\Temp\zipdeploy\extracted\publish\Microsoft.EntityFrameworkCore.dll ..." date="2025-09-28T18:55:22.756" /><!-- duration: 47ms -->
        <step title="Omitting extracting file traces ..." date="2025-09-28T18:55:22.803" /><!-- duration: 0ms -->
      </step><!-- duration: 594ms -->
    </step><!-- duration: 625ms -->
    <step title="Before sending BuildRequestReceived status to /api/updatedeploystatus" date="2025-09-28T18:55:23.303" /><!-- duration: 0ms -->
    <step title="DeploymentManager.Deploy(id:fb412ee843c64801bc42c828fc59123e)" date="2025-09-28T18:55:23.318" >
      <step title="Collecting changeset information" date="2025-09-28T18:55:23.334" /><!-- duration: 31ms -->
      <step title="Updating submodules" date="2025-09-28T18:55:23.365" >
        <step title="Updating submodules." date="2025-09-28T18:55:23.412" /><!-- duration: 16ms -->
      </step><!-- duration: 63ms -->
      <step title="Preparing deployment for commit id &apos;fb412ee843&apos;." date="2025-09-28T18:55:23.475" /><!-- duration: 0ms -->
      <step title="Determining deployment builder" date="2025-09-28T18:55:23.521" >
        <step title="Builder is BasicBuilder" date="2025-09-28T18:55:23.568" /><!-- duration: 0ms -->
      </step><!-- duration: 63ms -->
      <step title="Copying SSH keys" date="2025-09-28T18:55:23.631" /><!-- duration: 16ms -->
      <step title="Building" date="2025-09-28T18:55:23.646" >
        <step title="Generating deployment script." date="2025-09-28T18:55:23.693" /><!-- duration: 0ms -->
        <step title="Generating deployment script" date="2025-09-28T18:55:23.709" >
          <step title="Using the following command to generate deployment script: &apos;azure site deploymentscript -y --no-dot-deployment -r &quot;C:\local\Temp\zipdeploy\extracted&quot; -o &quot;C:\home\site\deployments\tools&quot; --basic --sitePath &quot;C:\local\Temp\zipdeploy\extracted&quot;&apos;." date="2025-09-28T18:55:23.756" /><!-- duration: 0ms -->
          <step title="Executing external process" date="2025-09-28T18:55:23.771" type="process" path="starter.cmd" arguments="&quot;C:\Program Files (x86)\SiteExtensions\Kudu\2025.09.1.1\bin\node_modules\.bin\kuduscript.cmd&quot; -y --no-dot-deployment -r &quot;C:\local\Temp\zipdeploy\extracted&quot; -o &quot;C:\home\site\deployments\tools&quot; --basic --sitePath &quot;C:\local\Temp\zipdeploy\extracted&quot;" >
            <step title="Generating deployment script for Web Site" date="2025-09-28T18:55:23.896" /><!-- duration: 16ms -->
            <step title="Generated deployment script files" date="2025-09-28T18:55:23.943" /><!-- duration: 16ms -->
          </step><!-- duration: 203ms -->
          <step title="Saved cached version of the deployment script for command -y --no-dot-deployment -r &quot;C:\local\Temp\zipdeploy\extracted&quot; -o &quot;C:\home\site\deployments\tools&quot; --basic --sitePath &quot;C:\local\Temp\zipdeploy\extracted&quot;" date="2025-09-28T18:55:23.975" /><!-- duration: 16ms -->
        </step><!-- duration: 281ms -->
        <step title="Running deployment command..." date="2025-09-28T18:55:24.053" /><!-- duration: 0ms -->
        <step title="Command: &quot;C:\home\site\deployments\tools\deploy.cmd&quot;" date="2025-09-28T18:55:24.068" /><!-- duration: 0ms -->
        <step title="Executing external process" date="2025-09-28T18:55:24.068" type="process" path="starter.cmd" arguments="&quot;C:\home\site\deployments\tools\deploy.cmd&quot;" >
          <step title="Handling Basic Web Site deployment." date="2025-09-28T18:55:24.193" /><!-- duration: 16ms -->
          <step title="Creating app_offline.htm" date="2025-09-28T18:55:24.818" /><!-- duration: 0ms -->
          <step title="KuduSync.NET from: &apos;C:\local\Temp\zipdeploy\extracted&apos; to: &apos;C:\home\site\wwwroot&apos;" date="2025-09-28T18:55:24.834" /><!-- duration: 0ms -->
          <step title="Deleting file: &apos;runtimes\browser-wasm\nativeassets\net8.0\e_sqlite3.a&apos;" date="2025-09-28T18:55:24.850" /><!-- duration: 0ms -->
          <step title="Deleting directory: &apos;runtimes\browser-wasm\nativeassets\net8.0&apos;" date="2025-09-28T18:55:24.865" /><!-- duration: 0ms -->
          <step title="Deleting directory: &apos;runtimes\browser-wasm\nativeassets&apos;" date="2025-09-28T18:55:24.881" /><!-- duration: 0ms -->
          <step title="Deleting directory: &apos;runtimes\browser-wasm&apos;" date="2025-09-28T18:55:24.896" /><!-- duration: 47ms -->
          <step title="Deleting file: &apos;runtimes\linux-arm\native\libe_sqlite3.so&apos;" date="2025-09-28T18:55:24.943" /><!-- duration: 16ms -->
          <step title="Deleting directory: &apos;runtimes\linux-arm\native&apos;" date="2025-09-28T18:55:24.959" /><!-- duration: 16ms -->
          <step title="Deleting directory: &apos;runtimes\linux-arm&apos;" date="2025-09-28T18:55:24.975" /><!-- duration: 16ms -->
          <step title="Deleting file: &apos;runtimes\linux-arm64\native\libe_sqlite3.so&apos;" date="2025-09-28T18:55:24.990" /><!-- duration: 16ms -->
          <step title="Deleting directory: &apos;runtimes\linux-arm64\native&apos;" date="2025-09-28T18:55:25.006" /><!-- duration: 16ms -->
          <step title="Deleting directory: &apos;runtimes\linux-arm64&apos;" date="2025-09-28T18:55:25.021" /><!-- duration: 0ms -->
          <step title="Deleting file: &apos;runtimes\linux-armel\native\libe_sqlite3.so&apos;" date="2025-09-28T18:55:25.037" /><!-- duration: 0ms -->
          <step title="Deleting directory: &apos;runtimes\linux-armel\native&apos;" date="2025-09-28T18:55:25.053" /><!-- duration: 0ms -->
          <step title="Deleting directory: &apos;runtimes\linux-armel&apos;" date="2025-09-28T18:55:25.068" /><!-- duration: 0ms -->
          <step title="Deleting file: &apos;runtimes\linux-mips64\native\libe_sqlite3.so&apos;" date="2025-09-28T18:55:25.084" /><!-- duration: 0ms -->
          <step title="Deleting directory: &apos;runtimes\linux-mips64\native&apos;" date="2025-09-28T18:55:25.100" /><!-- duration: 0ms -->
          <step title="Deleting directory: &apos;runtimes\linux-mips64&apos;" date="2025-09-28T18:55:25.115" /><!-- duration: 0ms -->
          <step title="Deleting file: &apos;runtimes\linux-musl-arm\native\libe_sqlite3.so&apos;" date="2025-09-28T18:55:25.162" /><!-- duration: 0ms -->
          <step title="Deleting directory: &apos;runtimes\linux-musl-arm\native&apos;" date="2025-09-28T18:55:25.178" /><!-- duration: 0ms -->
          <step title="Deleting directory: &apos;runtimes\linux-musl-arm&apos;" date="2025-09-28T18:55:25.193" /><!-- duration: 0ms -->
          <step title="Deleting file: &apos;runtimes\linux-musl-arm64\native\libe_sqlite3.so&apos;" date="2025-09-28T18:55:25.209" /><!-- duration: 0ms -->
          <step title="Deleting directory: &apos;runtimes\linux-musl-arm64\native&apos;" date="2025-09-28T18:55:25.225" /><!-- duration: 0ms -->
          <step title="Deleting directory: &apos;runtimes\linux-musl-arm64&apos;" date="2025-09-28T18:55:25.240" /><!-- duration: 0ms -->
          <step title="Deleting file: &apos;runtimes\linux-musl-x64\native\libe_sqlite3.so&apos;" date="2025-09-28T18:55:25.256" /><!-- duration: 0ms -->
          <step title="Deleting directory: &apos;runtimes\linux-musl-x64\native&apos;" date="2025-09-28T18:55:25.271" /><!-- duration: 0ms -->
          <step title="Deleting directory: &apos;runtimes\linux-musl-x64&apos;" date="2025-09-28T18:55:25.287" /><!-- duration: 0ms -->
          <step title="Deleting file: &apos;runtimes\linux-ppc64le\native\libe_sqlite3.so&apos;" date="2025-09-28T18:55:25.287" /><!-- duration: 16ms -->
          <step title="Deleting directory: &apos;runtimes\linux-ppc64le\native&apos;" date="2025-09-28T18:55:25.318" /><!-- duration: 0ms -->
          <step title="Deleting directory: &apos;runtimes\linux-ppc64le&apos;" date="2025-09-28T18:55:25.334" /><!-- duration: 0ms -->
          <step title="Deleting file: &apos;runtimes\linux-s390x\native\libe_sqlite3.so&apos;" date="2025-09-28T18:55:25.350" /><!-- duration: 0ms -->
          <step title="Deleting directory: &apos;runtimes\linux-s390x\native&apos;" date="2025-09-28T18:55:25.365" /><!-- duration: 0ms -->
          <step title="Deleting directory: &apos;runtimes\linux-s390x&apos;" date="2025-09-28T18:55:25.381" /><!-- duration: 0ms -->
          <step title="Deleting file: &apos;runtimes\linux-x64\native\libe_sqlite3.so&apos;" date="2025-09-28T18:55:25.396" /><!-- duration: 0ms -->
          <step title="Deleting directory: &apos;runtimes\linux-x64\native&apos;" date="2025-09-28T18:55:25.412" /><!-- duration: 0ms -->
          <step title="Deleting directory: &apos;runtimes\linux-x64&apos;" date="2025-09-28T18:55:25.428" /><!-- duration: 0ms -->
          <step title="Deleting file: &apos;runtimes\linux-x86\native\libe_sqlite3.so&apos;" date="2025-09-28T18:55:25.443" /><!-- duration: 0ms -->
          <step title="Deleting directory: &apos;runtimes\linux-x86\native&apos;" date="2025-09-28T18:55:25.459" /><!-- duration: 0ms -->
          <step title="Deleting directory: &apos;runtimes\linux-x86&apos;" date="2025-09-28T18:55:25.475" /><!-- duration: 0ms -->
          <step title="Deleting file: &apos;runtimes\maccatalyst-arm64\native\libe_sqlite3.dylib&apos;" date="2025-09-28T18:55:25.490" /><!-- duration: 0ms -->
          <step title="Deleting directory: &apos;runtimes\maccatalyst-arm64\native&apos;" date="2025-09-28T18:55:25.506" /><!-- duration: 0ms -->
          <step title="Deleting directory: &apos;runtimes\maccatalyst-arm64&apos;" date="2025-09-28T18:55:25.521" /><!-- duration: 0ms -->
          <step title="Deleting file: &apos;runtimes\maccatalyst-x64\native\libe_sqlite3.dylib&apos;" date="2025-09-28T18:55:25.537" /><!-- duration: 0ms -->
          <step title="Deleting directory: &apos;runtimes\maccatalyst-x64\native&apos;" date="2025-09-28T18:55:25.553" /><!-- duration: 0ms -->
          <step title="Deleting directory: &apos;runtimes\maccatalyst-x64&apos;" date="2025-09-28T18:55:25.568" /><!-- duration: 0ms -->
          <step title="Deleting file: &apos;runtimes\osx-arm64\native\libe_sqlite3.dylib&apos;" date="2025-09-28T18:55:25.584" /><!-- duration: 0ms -->
          <step title="Deleting directory: &apos;runtimes\osx-arm64\native&apos;" date="2025-09-28T18:55:25.600" /><!-- duration: 0ms -->
          <step title="Deleting directory: &apos;runtimes\osx-arm64&apos;" date="2025-09-28T18:55:25.615" /><!-- duration: 0ms -->
          <step title="Deleting file: &apos;runtimes\osx-x64\native\libe_sqlite3.dylib&apos;" date="2025-09-28T18:55:25.631" /><!-- duration: 0ms -->
          <step title="Deleting directory: &apos;runtimes\osx-x64\native&apos;" date="2025-09-28T18:55:25.646" /><!-- duration: 0ms -->
          <step title="Omitting next output lines..." date="2025-09-28T18:55:25.662" /><!-- duration: 0ms -->
          <step title="Finished successfully." date="2025-09-28T18:55:27.538" /><!-- duration: 0ms -->
        </step><!-- duration: 3470ms -->
        <step title="Running post deployment command(s)..." date="2025-09-28T18:55:27.601" /><!-- duration: 16ms -->
        <step title="Triggering recycle (preview mode disabled)." date="2025-09-28T18:55:27.679" /><!-- duration: 0ms -->
        <step title="Ignoring FS watcher based recycle request as this is a classic Windows app." date="2025-09-28T18:55:27.694" /><!-- duration: 0ms -->
        <step title="Deployment successful. DEPLOYMENTINFO: deploymentPath = ZipDeploy. Extract zip. , deployer = ZipDeploy, os = windows, sku = Free, siteName = Whiteboardv2-backend, siteHostName = whiteboardv2-backend-ckf7efgxbxbjg0ft.eastus-01.azurewebsites.net, deploymentStatus = Success" date="2025-09-28T18:55:27.741" /><!-- duration: 16ms -->
        <step title="Purge deployment items" date="2025-09-28T18:55:28.132" >
          <step title="Remove 79ec85976, Success, received at 7/16/2025 2:56:17 AM" date="2025-09-28T18:55:28.163" /><!-- duration: 0ms -->
        </step><!-- duration: 31ms -->
      </step><!-- duration: 4548ms -->
    </step><!-- duration: 4876ms -->
    <step title="Cleaning up temp files" date="2025-09-28T18:55:28.194" /><!-- duration: 16ms -->
    <step title="Skip function trigger and logicapp sync because function is not enabled." date="2025-09-28T18:55:28.226" /><!-- duration: 0ms -->
  </step><!-- duration: 5735ms -->
  <step title="LockFile &apos;C:\home\site\locks\deployments.lock&apos; released" date="2025-09-28T18:55:28.288" /><!-- duration: 0ms -->
  <step title="Deleting shutdown sentinel file" date="2025-09-28T18:55:28.304" SemaphoreCount="8" /><!-- duration: 0ms -->
</step><!-- duration: 5860ms -->
