<step title="BackgroundTrace" date="2025-07-16T00:41:01.275" instance="46bc5b" url="/api/zipdeploy" method="POST" >
  <step title="Updating shutdown sentinel last write time" date="2025-07-16T00:41:01.291" SemaphoreCount="7" /><!-- duration: 0ms -->
  <step title="LockFile &apos;C:\home\site\locks\deployments.lock&apos; acquired" date="2025-07-16T00:41:01.291" /><!-- duration: 16ms -->
  <step title="Creating temporary deployment" date="2025-07-16T00:41:01.307" /><!-- duration: 31ms -->
  <step title="Performing fetch based deployment" date="2025-07-16T00:41:01.338" >
    <step title="Fetching changes." date="2025-07-16T00:41:01.385" /><!-- duration: 16ms -->
    <step title="Starting LocalZipHandler" date="2025-07-16T00:41:01.400" /><!-- duration: 0ms -->
    <step title="Cleaning up temp folders from previous zip deployments and extracting pushed zip file C:\local\Temp\zipdeploy\l5kra2hv.zip (33.05 MB) to C:\local\Temp\zipdeploy\extracted" date="2025-07-16T00:41:01.432" /><!-- duration: 16ms -->
    <step title="Cleaning up temp folders from previous zip deployments and extracting pushed zip file C:\local\Temp\zipdeploy\l5kra2hv.zip (33.05 MB) to C:\local\Temp\zipdeploy\extracted" date="2025-07-16T00:41:01.447" >
      <step title="Renaming extractTargetDirectory(C:\local\Temp\zipdeploy\extracted) to tempDirectory(C:\local\Temp\zipdeploy\3rzaz4vu.sed)" date="2025-07-16T00:41:01.447" /><!-- duration: 0ms -->
      <step title="Extracting 221 entries to C:\local\Temp\zipdeploy\extracted directory" date="2025-07-16T00:41:01.463" >
        <step title="Extracting to C:\local\Temp\zipdeploy\extracted\publish\Microsoft.AspNetCore.Connections.Abstractions.dll ..." date="2025-07-16T00:41:01.463" /><!-- duration: 16ms -->
        <step title="Extracting to C:\local\Temp\zipdeploy\extracted\publish\Microsoft.EntityFrameworkCore.Sqlite.dll ..." date="2025-07-16T00:41:01.479" /><!-- duration: 16ms -->
        <step title="Extracting to C:\local\Temp\zipdeploy\extracted\publish\Microsoft.AspNetCore.Http.Connections.Client.dll ..." date="2025-07-16T00:41:01.494" /><!-- duration: 0ms -->
        <step title="Extracting to C:\local\Temp\zipdeploy\extracted\publish\Microsoft.IdentityModel.Logging.dll ..." date="2025-07-16T00:41:01.510" /><!-- duration: 16ms -->
        <step title="Extracting to C:\local\Temp\zipdeploy\extracted\publish\Microsoft.EntityFrameworkCore.dll ..." date="2025-07-16T00:41:01.525" /><!-- duration: 31ms -->
        <step title="Omitting extracting file traces ..." date="2025-07-16T00:41:01.572" /><!-- duration: 0ms -->
      </step><!-- duration: 1156ms -->
    </step><!-- duration: 1187ms -->
    <step title="Before sending BuildRequestReceived status to /api/updatedeploystatus" date="2025-07-16T00:41:02.635" /><!-- duration: 0ms -->
    <step title="DeploymentManager.Deploy(id:3abc7c3c497c44a7a5776f576f479bd1)" date="2025-07-16T00:41:02.650" >
      <step title="Collecting changeset information" date="2025-07-16T00:41:02.650" /><!-- duration: 47ms -->
      <step title="Updating submodules" date="2025-07-16T00:41:02.697" >
        <step title="Updating submodules." date="2025-07-16T00:41:02.744" /><!-- duration: 0ms -->
      </step><!-- duration: 63ms -->
      <step title="Preparing deployment for commit id &apos;3abc7c3c49&apos;." date="2025-07-16T00:41:02.791" /><!-- duration: 16ms -->
      <step title="Determining deployment builder" date="2025-07-16T00:41:02.838" >
        <step title="Builder is BasicBuilder" date="2025-07-16T00:41:02.854" /><!-- duration: 0ms -->
      </step><!-- duration: 16ms -->
      <step title="Copying SSH keys" date="2025-07-16T00:41:02.869" /><!-- duration: 31ms -->
      <step title="Building" date="2025-07-16T00:41:02.900" >
        <step title="Generating deployment script." date="2025-07-16T00:41:02.947" /><!-- duration: 0ms -->
        <step title="Generating deployment script" date="2025-07-16T00:41:02.963" >
          <step title="Using cached version of the deployment script for command: -y --no-dot-deployment -r &quot;C:\local\Temp\zipdeploy\extracted&quot; -o &quot;C:\home\site\deployments\tools&quot; --basic --sitePath &quot;C:\local\Temp\zipdeploy\extracted&quot;" date="2025-07-16T00:41:02.963" /><!-- duration: 16ms -->
          <step title="Using cached version of deployment script (command: &apos;azure -y --no-dot-deployment -r &quot;C:\local\Temp\zipdeploy\extracted&quot; -o &quot;C:\home\site\deployments\tools&quot; --basic --sitePath &quot;C:\local\Temp\zipdeploy\extracted&quot;&apos;)." date="2025-07-16T00:41:02.979" /><!-- duration: 16ms -->
        </step><!-- duration: 31ms -->
        <step title="Running deployment command..." date="2025-07-16T00:41:03.041" /><!-- duration: 0ms -->
        <step title="Command: &quot;C:\home\site\deployments\tools\deploy.cmd&quot;" date="2025-07-16T00:41:03.072" /><!-- duration: 0ms -->
        <step title="Executing external process" date="2025-07-16T00:41:03.072" type="process" path="starter.cmd" arguments="&quot;C:\home\site\deployments\tools\deploy.cmd&quot;" >
          <step title="Handling Basic Web Site deployment." date="2025-07-16T00:41:03.197" /><!-- duration: 0ms -->
          <step title="Creating app_offline.htm" date="2025-07-16T00:41:03.416" /><!-- duration: 0ms -->
          <step title="KuduSync.NET from: &apos;C:\local\Temp\zipdeploy\extracted&apos; to: &apos;C:\home\site\wwwroot&apos;" date="2025-07-16T00:41:03.432" /><!-- duration: 0ms -->
          <step title="Copying file: &apos;appsettings.Development.json&apos;" date="2025-07-16T00:41:03.447" /><!-- duration: 0ms -->
          <step title="Copying file: &apos;appsettings.json&apos;" date="2025-07-16T00:41:03.463" /><!-- duration: 0ms -->
          <step title="Copying file: &apos;e_sqlite3.dll&apos;" date="2025-07-16T00:41:03.479" /><!-- duration: 0ms -->
          <step title="Copying file: &apos;libe_sqlite3.so&apos;" date="2025-07-16T00:41:03.494" /><!-- duration: 0ms -->
          <step title="Copying file: &apos;Microsoft.AspNetCore.Authentication.JwtBearer.dll&apos;" date="2025-07-16T00:41:03.494" /><!-- duration: 16ms -->
          <step title="Copying file: &apos;Microsoft.AspNetCore.Connections.Abstractions.dll&apos;" date="2025-07-16T00:41:03.510" /><!-- duration: 16ms -->
          <step title="Copying file: &apos;Microsoft.AspNetCore.Http.Connections.Client.dll&apos;" date="2025-07-16T00:41:03.526" /><!-- duration: 0ms -->
          <step title="Copying file: &apos;Microsoft.AspNetCore.Http.Connections.Common.dll&apos;" date="2025-07-16T00:41:03.541" /><!-- duration: 16ms -->
          <step title="Copying file: &apos;Microsoft.AspNetCore.SignalR.Client.Core.dll&apos;" date="2025-07-16T00:41:03.557" /><!-- duration: 16ms -->
          <step title="Copying file: &apos;Microsoft.AspNetCore.SignalR.Client.dll&apos;" date="2025-07-16T00:41:03.572" /><!-- duration: 16ms -->
          <step title="Copying file: &apos;Microsoft.AspNetCore.SignalR.Common.dll&apos;" date="2025-07-16T00:41:03.588" /><!-- duration: 16ms -->
          <step title="Copying file: &apos;Microsoft.AspNetCore.SignalR.Protocols.Json.dll&apos;" date="2025-07-16T00:41:03.604" /><!-- duration: 16ms -->
          <step title="Copying file: &apos;Microsoft.Data.Sqlite.dll&apos;" date="2025-07-16T00:41:03.619" /><!-- duration: 0ms -->
          <step title="Copying file: &apos;Microsoft.EntityFrameworkCore.Abstractions.dll&apos;" date="2025-07-16T00:41:03.635" /><!-- duration: 0ms -->
          <step title="Copying file: &apos;Microsoft.EntityFrameworkCore.dll&apos;" date="2025-07-16T00:41:03.650" /><!-- duration: 0ms -->
          <step title="Copying file: &apos;Microsoft.EntityFrameworkCore.Relational.dll&apos;" date="2025-07-16T00:41:03.666" /><!-- duration: 0ms -->
          <step title="Copying file: &apos;Microsoft.EntityFrameworkCore.Sqlite.dll&apos;" date="2025-07-16T00:41:03.682" /><!-- duration: 0ms -->
          <step title="Copying file: &apos;Microsoft.Extensions.DependencyInjection.Abstractions.dll&apos;" date="2025-07-16T00:41:03.697" /><!-- duration: 0ms -->
          <step title="Copying file: &apos;Microsoft.Extensions.DependencyModel.dll&apos;" date="2025-07-16T00:41:03.697" /><!-- duration: 16ms -->
          <step title="Copying file: &apos;Microsoft.Extensions.Features.dll&apos;" date="2025-07-16T00:41:03.713" /><!-- duration: 16ms -->
          <step title="Copying file: &apos;Microsoft.Extensions.Logging.Abstractions.dll&apos;" date="2025-07-16T00:41:03.729" /><!-- duration: 16ms -->
          <step title="Copying file: &apos;Microsoft.Extensions.Options.dll&apos;" date="2025-07-16T00:41:03.744" /><!-- duration: 0ms -->
          <step title="Copying file: &apos;Microsoft.IdentityModel.Abstractions.dll&apos;" date="2025-07-16T00:41:03.760" /><!-- duration: 0ms -->
          <step title="Copying file: &apos;Microsoft.IdentityModel.JsonWebTokens.dll&apos;" date="2025-07-16T00:41:03.775" /><!-- duration: 0ms -->
          <step title="Copying file: &apos;Microsoft.IdentityModel.Logging.dll&apos;" date="2025-07-16T00:41:03.791" /><!-- duration: 0ms -->
          <step title="Copying file: &apos;Microsoft.IdentityModel.Protocols.dll&apos;" date="2025-07-16T00:41:03.807" /><!-- duration: 0ms -->
          <step title="Copying file: &apos;Microsoft.IdentityModel.Protocols.OpenIdConnect.dll&apos;" date="2025-07-16T00:41:03.822" /><!-- duration: 0ms -->
          <step title="Copying file: &apos;Microsoft.IdentityModel.Tokens.dll&apos;" date="2025-07-16T00:41:03.822" /><!-- duration: 16ms -->
          <step title="Copying file: &apos;Microsoft.OpenApi.dll&apos;" date="2025-07-16T00:41:03.838" /><!-- duration: 16ms -->
          <step title="Copying file: &apos;SQLitePCLRaw.batteries_v2.dll&apos;" date="2025-07-16T00:41:03.854" /><!-- duration: 16ms -->
          <step title="Copying file: &apos;SQLitePCLRaw.core.dll&apos;" date="2025-07-16T00:41:03.869" /><!-- duration: 16ms -->
          <step title="Copying file: &apos;SQLitePCLRaw.provider.e_sqlite3.dll&apos;" date="2025-07-16T00:41:03.885" /><!-- duration: 16ms -->
          <step title="Copying file: &apos;Swashbuckle.AspNetCore.Swagger.dll&apos;" date="2025-07-16T00:41:03.900" /><!-- duration: 0ms -->
          <step title="Copying file: &apos;Swashbuckle.AspNetCore.SwaggerGen.dll&apos;" date="2025-07-16T00:41:03.916" /><!-- duration: 0ms -->
          <step title="Copying file: &apos;Swashbuckle.AspNetCore.SwaggerUI.dll&apos;" date="2025-07-16T00:41:03.932" /><!-- duration: 0ms -->
          <step title="Copying file: &apos;System.IdentityModel.Tokens.Jwt.dll&apos;" date="2025-07-16T00:41:03.947" /><!-- duration: 0ms -->
          <step title="Copying file: &apos;Whiteboard&apos;" date="2025-07-16T00:41:03.963" /><!-- duration: 0ms -->
          <step title="Copying file: &apos;whiteboard.db&apos;" date="2025-07-16T00:41:03.979" /><!-- duration: 0ms -->
          <step title="Copying file: &apos;Whiteboard.deps.json&apos;" date="2025-07-16T00:41:03.994" /><!-- duration: 0ms -->
          <step title="Copying file: &apos;Whiteboard.dll&apos;" date="2025-07-16T00:41:04.010" /><!-- duration: 0ms -->
          <step title="Copying file: &apos;Whiteboard.exe&apos;" date="2025-07-16T00:41:04.025" /><!-- duration: 0ms -->
          <step title="Copying file: &apos;Whiteboard.pdb&apos;" date="2025-07-16T00:41:04.041" /><!-- duration: 0ms -->
          <step title="Copying file: &apos;Whiteboard.runtimeconfig.json&apos;" date="2025-07-16T00:41:04.057" /><!-- duration: 0ms -->
          <step title="Copying file: &apos;publish\Whiteboard.deps.json&apos;" date="2025-07-16T00:41:04.072" /><!-- duration: 0ms -->
          <step title="Copying file: &apos;publish\Whiteboard.runtimeconfig.json&apos;" date="2025-07-16T00:41:04.088" /><!-- duration: 0ms -->
          <step title="Copying file: &apos;publish\publish\publish\appsettings.Development.json&apos;" date="2025-07-16T00:41:04.104" /><!-- duration: 0ms -->
          <step title="Copying file: &apos;publish\publish\publish\appsettings.json&apos;" date="2025-07-16T00:41:04.119" /><!-- duration: 0ms -->
          <step title="Copying file: &apos;publish\publish\publish\Whiteboard.deps.json&apos;" date="2025-07-16T00:41:04.135" /><!-- duration: 0ms -->
          <step title="Omitting next output lines..." date="2025-07-16T00:41:04.150" /><!-- duration: 0ms -->
          <step title="Finished successfully." date="2025-07-16T00:41:04.416" /><!-- duration: 0ms -->
        </step><!-- duration: 1344ms -->
        <step title="Running post deployment command(s)..." date="2025-07-16T00:41:04.463" /><!-- duration: 16ms -->
        <step title="Triggering recycle (preview mode disabled)." date="2025-07-16T00:41:04.510" /><!-- duration: 16ms -->
        <step title="Ignoring FS watcher based recycle request as this is a classic Windows app." date="2025-07-16T00:41:04.526" /><!-- duration: 0ms -->
        <step title="Deployment successful. DEPLOYMENTINFO: deploymentPath = ZipDeploy. Extract zip. , deployer = ZipDeploy, os = windows, sku = Free, siteName = Whiteboardv2-backend, siteHostName = whiteboardv2-backend-ckf7efgxbxbjg0ft.eastus-01.azurewebsites.net, deploymentStatus = Success" date="2025-07-16T00:41:04.573" /><!-- duration: 16ms -->
        <step title="Purge deployment items" date="2025-07-16T00:41:04.698" >
          <step title="Remove 073ae8084, Success, received at 7/14/2025 4:28:54 AM" date="2025-07-16T00:41:04.760" /><!-- duration: 16ms -->
        </step><!-- duration: 78ms -->
      </step><!-- duration: 1891ms -->
    </step><!-- duration: 2157ms -->
    <step title="Cleaning up temp files" date="2025-07-16T00:41:04.807" /><!-- duration: 16ms -->
    <step title="Skip function trigger and logicapp sync because function is not enabled." date="2025-07-16T00:41:04.823" /><!-- duration: 16ms -->
  </step><!-- duration: 3547ms -->
  <step title="LockFile &apos;C:\home\site\locks\deployments.lock&apos; released" date="2025-07-16T00:41:04.885" /><!-- duration: 16ms -->
  <step title="Deleting shutdown sentinel file" date="2025-07-16T00:41:04.901" SemaphoreCount="8" /><!-- duration: 0ms -->
</step><!-- duration: 3641ms -->
