<step title="Incoming Request" date="2025-07-16T00:40:23.221" instance="46bc5b" url="/api/zipdeploy?isAsync=true" method="POST" type="request" pid="7916,2,51" Cache-Control="no-cache" Content-Length="16540182" Content-Type="application/octet-stream" Accept="*/*" Accept-Encoding="gzip, deflate" Authorization="Bas..." Host="whiteboardv2-backend-ckf7efgxbxbjg0ft.scm.eastus-01.azurewebsites.net" User-Agent="AZURECLI/2.73.0 (HOMEBREW)" x-ms-client-request-id="731c33fc-61dd-11f0-aa99-7a5b12043ae0" X-ARR-LOG-ID="731c33fc-61dd-11f0-aa99-7a5b12043ae0" CLIENT-IP="67.2.17.107:53309" X-SITE-DEPLOYMENT-ID="Whiteboardv2-backend" WAS-DEFAULT-HOSTNAME="whiteboardv2-backend-ckf7efgxbxbjg0ft.scm.eastus-01.azurewebsites.net" X-Forwarded-Proto="https" X-AppService-Proto="https" X-Forwarded-TlsVersion="1.3" X-WAWS-Unencoded-URL="/api/zipdeploy?isAsync=true" >
  <step title="Cleanup Xml Logs" date="2025-07-16T00:40:23.221" /><!-- duration: 16ms -->
  <step title="ZipPushDeploy" date="2025-07-16T00:40:23.363" >
    <step title="ZipDeploy. Extract zip. " date="2025-07-16T00:40:23.363" /><!-- duration: 16ms -->
    <step title="Starting PushDeployAsync" date="2025-07-16T00:40:23.378" /><!-- duration: 0ms -->
    <step title="Updating shutdown sentinel last write time" date="2025-07-16T00:40:23.394" SemaphoreCount="7" /><!-- duration: 0ms -->
    <step title="LockFile &apos;C:\home\site\locks\deployments.lock&apos; acquired" date="2025-07-16T00:40:23.410" /><!-- duration: 0ms -->
    <step title="Saving request content to C:\local\Temp\zipdeploy\oqqk4f12.zip" date="2025-07-16T00:40:23.425" >
      <step title="Total 16,540,182 bytes written to C:\local\Temp\zipdeploy\oqqk4f12.zip" date="2025-07-16T00:40:35.076" /><!-- duration: 16ms -->
    </step><!-- duration: 11666ms -->
    <step title="LockFile &apos;C:\home\site\locks\deployments.lock&apos; released" date="2025-07-16T00:40:35.092" /><!-- duration: 16ms -->
    <step title="Deleting shutdown sentinel file" date="2025-07-16T00:40:35.107" SemaphoreCount="8" /><!-- duration: 16ms -->
    <step title="Starting FetchDeploy" date="2025-07-16T00:40:35.123" /><!-- duration: 0ms -->
    <step title="Start deployment in the background" date="2025-07-16T00:40:35.138" /><!-- duration: 94ms -->
  </step><!-- duration: 11869ms -->
  <step title="Outgoing response" date="2025-07-16T00:40:35.232" type="response" statusCode="202" statusText="Accepted" Server="Microsoft-IIS/10.0" x-ms-request-id="731c33fc-61dd-11f0-aa99-7a5b12043ae0" Retry-After="30" Cache-Control="private" X-AspNet-Version="4.0.30319" Location="https://whiteboardv2-backend-ckf7efgxbxbjg0ft.scm.eastus-01.azurewebsites.net/api/deployments/latest?deployer=ZipDeploy&amp;time=2025-07-16_00-40-35Z" /><!-- duration: 16ms -->
</step><!-- duration: 12026ms -->
