<step title="Incoming Request" date="2025-07-17T00:58:51.089" instance="46bc5b" url="/api/zipdeploy?isAsync=true" method="POST" type="request" pid="10440,2,26" Cache-Control="no-cache" Content-Length="16525334" Content-Type="application/octet-stream" Accept="*/*" Accept-Encoding="gzip, deflate" Authorization="Bas..." Host="whiteboardv2-backend-ckf7efgxbxbjg0ft.scm.eastus-01.azurewebsites.net" User-Agent="AZURECLI/2.73.0 (HOMEBREW)" x-ms-client-request-id="31f46f30-62a9-11f0-9ebc-7a5b12043ae0" X-ARR-LOG-ID="31f46f30-62a9-11f0-9ebc-7a5b12043ae0" CLIENT-IP="67.2.17.107:59989" X-SITE-DEPLOYMENT-ID="Whiteboardv2-backend" WAS-DEFAULT-HOSTNAME="whiteboardv2-backend-ckf7efgxbxbjg0ft.scm.eastus-01.azurewebsites.net" X-Forwarded-Proto="https" X-AppService-Proto="https" X-Forwarded-TlsVersion="1.3" X-WAWS-Unencoded-URL="/api/zipdeploy?isAsync=true" >
  <step title="Cleanup Xml Logs" date="2025-07-17T00:58:51.089" /><!-- duration: 16ms -->
  <step title="ZipPushDeploy" date="2025-07-17T00:58:51.198" >
    <step title="ZipDeploy. Extract zip. " date="2025-07-17T00:58:51.245" /><!-- duration: 0ms -->
    <step title="Starting PushDeployAsync" date="2025-07-17T00:58:51.261" /><!-- duration: 0ms -->
    <step title="Updating shutdown sentinel last write time" date="2025-07-17T00:58:51.276" SemaphoreCount="7" /><!-- duration: 0ms -->
    <step title="LockFile &apos;C:\home\site\locks\deployments.lock&apos; acquired" date="2025-07-17T00:58:51.292" /><!-- duration: 0ms -->
    <step title="Saving request content to C:\local\Temp\zipdeploy\gl4f2lab.zip" date="2025-07-17T00:58:51.292" >
      <step title="Total 16,525,334 bytes written to C:\local\Temp\zipdeploy\gl4f2lab.zip" date="2025-07-17T00:58:57.608" /><!-- duration: 0ms -->
    </step><!-- duration: 6331ms -->
    <step title="LockFile &apos;C:\home\site\locks\deployments.lock&apos; released" date="2025-07-17T00:58:57.623" /><!-- duration: 16ms -->
    <step title="Deleting shutdown sentinel file" date="2025-07-17T00:58:57.639" SemaphoreCount="8" /><!-- duration: 0ms -->
    <step title="Starting FetchDeploy" date="2025-07-17T00:58:57.654" /><!-- duration: 0ms -->
    <step title="Start deployment in the background" date="2025-07-17T00:58:57.654" /><!-- duration: 94ms -->
  </step><!-- duration: 6566ms -->
  <step title="Outgoing response" date="2025-07-17T00:58:57.764" type="response" statusCode="202" statusText="Accepted" Server="Microsoft-IIS/10.0" x-ms-request-id="31f46f30-62a9-11f0-9ebc-7a5b12043ae0" Retry-After="30" Cache-Control="private" X-AspNet-Version="4.0.30319" Location="https://whiteboardv2-backend-ckf7efgxbxbjg0ft.scm.eastus-01.azurewebsites.net/api/deployments/latest?deployer=ZipDeploy&amp;time=2025-07-17_00-58-57Z" /><!-- duration: 0ms -->
</step><!-- duration: 6691ms -->
