<step title="BackgroundTrace" date="2025-07-16T01:14:16.143" instance="46bc5b" url="/api/zipdeploy" method="POST" >
  <step title="Updating shutdown sentinel last write time" date="2025-07-16T01:14:16.143" SemaphoreCount="7" /><!-- duration: 16ms -->
  <step title="LockFile &apos;C:\home\site\locks\deployments.lock&apos; acquired" date="2025-07-16T01:14:16.159" /><!-- duration: 0ms -->
  <step title="Creating temporary deployment" date="2025-07-16T01:14:16.159" /><!-- duration: 31ms -->
  <step title="Performing fetch based deployment" date="2025-07-16T01:14:16.205" >
    <step title="Fetching changes." date="2025-07-16T01:14:16.237" /><!-- duration: 31ms -->
    <step title="Starting LocalZipHandler" date="2025-07-16T01:14:16.284" /><!-- duration: 0ms -->
    <step title="Cleaning up temp folders from previous zip deployments and extracting pushed zip file C:\local\Temp\zipdeploy\r4cqa2wl.zip (16.05 MB) to C:\local\Temp\zipdeploy\extracted" date="2025-07-16T01:14:16.315" /><!-- duration: 0ms -->
    <step title="Cleaning up temp folders from previous zip deployments and extracting pushed zip file C:\local\Temp\zipdeploy\r4cqa2wl.zip (16.05 MB) to C:\local\Temp\zipdeploy\extracted" date="2025-07-16T01:14:16.315" >
      <step title="Renaming extractTargetDirectory(C:\local\Temp\zipdeploy\extracted) to tempDirectory(C:\local\Temp\zipdeploy\ygjbnypo.hah)" date="2025-07-16T01:14:16.330" /><!-- duration: 0ms -->
      <step title="Extracting 61 entries to C:\local\Temp\zipdeploy\extracted directory" date="2025-07-16T01:14:16.330" >
        <step title="Extracting to C:\local\Temp\zipdeploy\extracted\Swashbuckle.AspNetCore.Swagger.dll ..." date="2025-07-16T01:14:16.346" /><!-- duration: 0ms -->
        <step title="Extracting to C:\local\Temp\zipdeploy\extracted\Microsoft.Data.Sqlite.dll ..." date="2025-07-16T01:14:16.346" /><!-- duration: 16ms -->
        <step title="Extracting to C:\local\Temp\zipdeploy\extracted\Microsoft.AspNetCore.SignalR.Client.Core.dll ..." date="2025-07-16T01:14:16.362" /><!-- duration: 16ms -->
        <step title="Extracting to C:\local\Temp\zipdeploy\extracted\Microsoft.Extensions.DependencyInjection.Abstractions.dll ..." date="2025-07-16T01:14:16.377" /><!-- duration: 0ms -->
        <step title="Extracting to C:\local\Temp\zipdeploy\extracted\appsettings.Development.json ..." date="2025-07-16T01:14:16.393" /><!-- duration: 0ms -->
        <step title="Omitting extracting file traces ..." date="2025-07-16T01:14:16.393" /><!-- duration: 16ms -->
        <step title="Extracting to C:\local\Temp\zipdeploy\extracted\Microsoft.AspNetCore.Http.Connections.Client.dll ..." date="2025-07-16T01:14:16.846" /><!-- duration: 16ms -->
        <step title="Extracting to C:\local\Temp\zipdeploy\extracted\Microsoft.EntityFrameworkCore.Sqlite.dll ..." date="2025-07-16T01:14:16.862" /><!-- duration: 0ms -->
        <step title="Extracting to C:\local\Temp\zipdeploy\extracted\Microsoft.AspNetCore.Connections.Abstractions.dll ..." date="2025-07-16T01:14:16.877" /><!-- duration: 0ms -->
        <step title="Extracting to C:\local\Temp\zipdeploy\extracted\runtimes\maccatalyst-x64\native\libe_sqlite3.dylib ..." date="2025-07-16T01:14:16.877" /><!-- duration: 31ms -->
        <step title="Extracting to C:\local\Temp\zipdeploy\extracted\runtimes\win-arm\native\e_sqlite3.dll ..." date="2025-07-16T01:14:16.909" /><!-- duration: 16ms -->
      </step><!-- duration: 609ms -->
    </step><!-- duration: 625ms -->
    <step title="Before sending BuildRequestReceived status to /api/updatedeploystatus" date="2025-07-16T01:14:16.955" /><!-- duration: 0ms -->
    <step title="DeploymentManager.Deploy(id:738a71f5c3cc4c0798401ae928b5db93)" date="2025-07-16T01:14:16.955" >
      <step title="Collecting changeset information" date="2025-07-16T01:14:16.971" /><!-- duration: 31ms -->
      <step title="Updating submodules" date="2025-07-16T01:14:17.018" >
        <step title="Updating submodules." date="2025-07-16T01:14:17.049" /><!-- duration: 16ms -->
      </step><!-- duration: 47ms -->
      <step title="Preparing deployment for commit id &apos;738a71f5c3&apos;." date="2025-07-16T01:14:17.112" /><!-- duration: 0ms -->
      <step title="Determining deployment builder" date="2025-07-16T01:14:17.159" >
        <step title="Builder is BasicBuilder" date="2025-07-16T01:14:17.159" /><!-- duration: 0ms -->
      </step><!-- duration: 0ms -->
      <step title="Copying SSH keys" date="2025-07-16T01:14:17.190" /><!-- duration: 0ms -->
      <step title="Building" date="2025-07-16T01:14:17.190" >
        <step title="Generating deployment script." date="2025-07-16T01:14:17.237" /><!-- duration: 16ms -->
        <step title="Generating deployment script" date="2025-07-16T01:14:17.252" >
          <step title="Using cached version of the deployment script for command: -y --no-dot-deployment -r &quot;C:\local\Temp\zipdeploy\extracted&quot; -o &quot;C:\home\site\deployments\tools&quot; --basic --sitePath &quot;C:\local\Temp\zipdeploy\extracted&quot;" date="2025-07-16T01:14:17.268" /><!-- duration: 0ms -->
          <step title="Using cached version of deployment script (command: &apos;azure -y --no-dot-deployment -r &quot;C:\local\Temp\zipdeploy\extracted&quot; -o &quot;C:\home\site\deployments\tools&quot; --basic --sitePath &quot;C:\local\Temp\zipdeploy\extracted&quot;&apos;)." date="2025-07-16T01:14:17.284" /><!-- duration: 0ms -->
        </step><!-- duration: 31ms -->
        <step title="Running deployment command..." date="2025-07-16T01:14:17.330" /><!-- duration: 16ms -->
        <step title="Command: &quot;C:\home\site\deployments\tools\deploy.cmd&quot;" date="2025-07-16T01:14:17.362" /><!-- duration: 0ms -->
        <step title="Executing external process" date="2025-07-16T01:14:17.377" type="process" path="starter.cmd" arguments="&quot;C:\home\site\deployments\tools\deploy.cmd&quot;" >
          <step title="Handling Basic Web Site deployment." date="2025-07-16T01:14:17.487" /><!-- duration: 0ms -->
          <step title="Creating app_offline.htm" date="2025-07-16T01:14:20.180" /><!-- duration: 16ms -->
          <step title="KuduSync.NET from: &apos;C:\local\Temp\zipdeploy\extracted&apos; to: &apos;C:\home\site\wwwroot&apos;" date="2025-07-16T01:14:20.196" /><!-- duration: 16ms -->
          <step title="Copying file: &apos;Whiteboard&apos;" date="2025-07-16T01:14:20.212" /><!-- duration: 16ms -->
          <step title="Copying file: &apos;whiteboard.db&apos;" date="2025-07-16T01:14:20.227" /><!-- duration: 0ms -->
          <step title="Copying file: &apos;Whiteboard.dll&apos;" date="2025-07-16T01:14:20.243" /><!-- duration: 0ms -->
          <step title="Copying file: &apos;Whiteboard.pdb&apos;" date="2025-07-16T01:14:20.259" /><!-- duration: 0ms -->
          <step title="Deleting app_offline.htm" date="2025-07-16T01:14:20.274" /><!-- duration: 0ms -->
          <step title="Finished successfully." date="2025-07-16T01:14:20.290" /><!-- duration: 0ms -->
        </step><!-- duration: 2912ms -->
        <step title="Running post deployment command(s)..." date="2025-07-16T01:14:20.337" /><!-- duration: 0ms -->
        <step title="Triggering recycle (preview mode disabled)." date="2025-07-16T01:14:20.682" /><!-- duration: 0ms -->
        <step title="Ignoring FS watcher based recycle request as this is a classic Windows app." date="2025-07-16T01:14:20.698" /><!-- duration: 0ms -->
        <step title="Deployment successful. DEPLOYMENTINFO: deploymentPath = ZipDeploy. Extract zip. , deployer = ms-azuretools-vscode, os = windows, sku = Free, siteName = Whiteboardv2-backend, siteHostName = whiteboardv2-backend-ckf7efgxbxbjg0ft.eastus-01.azurewebsites.net, deploymentStatus = Success" date="2025-07-16T01:14:20.760" /><!-- duration: 0ms -->
        <step title="Purge deployment items" date="2025-07-16T01:14:20.838" >
          <step title="Remove 751e97e93, Success, received at 7/16/2025 12:10:05 AM" date="2025-07-16T01:14:20.901" /><!-- duration: 16ms -->
        </step><!-- duration: 78ms -->
      </step><!-- duration: 3758ms -->
    </step><!-- duration: 3992ms -->
    <step title="Cleaning up temp files" date="2025-07-16T01:14:20.948" /><!-- duration: 16ms -->
    <step title="Skip function trigger and logicapp sync because function is not enabled." date="2025-07-16T01:14:20.963" /><!-- duration: 16ms -->
  </step><!-- duration: 4789ms -->
  <step title="LockFile &apos;C:\home\site\locks\deployments.lock&apos; released" date="2025-07-16T01:14:20.995" /><!-- duration: 16ms -->
  <step title="Deleting shutdown sentinel file" date="2025-07-16T01:14:21.010" SemaphoreCount="8" /><!-- duration: 16ms -->
</step><!-- duration: 4883ms -->
