<step title="Incoming Request" date="2025-07-16T00:48:33.588" instance="46bc5b" url="/api/zipdeploy?author=ms-azuretools-vscode&amp;deployer=ms-azuretools-vscode&amp;isAsync=true&amp;trackDeploymentId=true" method="POST" type="request" pid="7916,2,23" Transfer-Encoding="chunked" Accept-Encoding="gzip,deflate" Accept-Language="en" Authorization="Bea..." Host="whiteboardv2-backend-ckf7efgxbxbjg0ft.scm.eastus-01.azurewebsites.net" User-Agent="vscode-azureappservice/0.26.2 core-rest-pipeline/1.20.0 Node/22.15.1 OS/(arm64-Darwin-24.5.0)" x-ms-correlation-request-id="136a2f10-fcf2-4883-8e56-1201dccf2b08" x-ms-client-request-id="c2b5942c-f79d-48ea-bc25-e675aacf3325" X-ARR-LOG-ID="c2b5942c-f79d-48ea-bc25-e675aacf3325" CLIENT-IP="67.2.17.107:55589" X-SITE-DEPLOYMENT-ID="Whiteboardv2-backend" WAS-DEFAULT-HOSTNAME="whiteboardv2-backend-ckf7efgxbxbjg0ft.scm.eastus-01.azurewebsites.net" X-Forwarded-Proto="https" X-AppService-Proto="https" X-Forwarded-TlsVersion="1.3" X-WAWS-Unencoded-URL="/api/zipdeploy?author=ms-azuretools-vscode&amp;deployer=ms-azuretools-vscode&amp;isAsync=true&amp;trackDeploymentId=true" >
  <step title="Cleanup Xml Logs" date="2025-07-16T00:48:33.604" /><!-- duration: 0ms -->
  <step title="ZipPushDeploy" date="2025-07-16T00:48:33.682" >
    <step title="ZipDeploy. Extract zip. " date="2025-07-16T00:48:33.682" /><!-- duration: 16ms -->
    <step title="Starting PushDeployAsync" date="2025-07-16T00:48:33.697" /><!-- duration: 0ms -->
    <step title="Updating shutdown sentinel last write time" date="2025-07-16T00:48:33.713" SemaphoreCount="7" /><!-- duration: 0ms -->
    <step title="LockFile &apos;C:\home\site\locks\deployments.lock&apos; acquired" date="2025-07-16T00:48:33.729" /><!-- duration: 0ms -->
    <step title="Saving request content to C:\local\Temp\zipdeploy\u4glfmjt.zip" date="2025-07-16T00:48:33.744" >
      <step title="Total 16,826,848 bytes written to C:\local\Temp\zipdeploy\u4glfmjt.zip" date="2025-07-16T00:48:40.507" /><!-- duration: 0ms -->
    </step><!-- duration: 6762ms -->
    <step title="LockFile &apos;C:\home\site\locks\deployments.lock&apos; released" date="2025-07-16T00:48:40.522" /><!-- duration: 0ms -->
    <step title="Deleting shutdown sentinel file" date="2025-07-16T00:48:40.538" SemaphoreCount="8" /><!-- duration: 0ms -->
    <step title="Starting FetchDeploy" date="2025-07-16T00:48:40.538" /><!-- duration: 16ms -->
    <step title="Start deployment in the background" date="2025-07-16T00:48:40.554" /><!-- duration: 62ms -->
  </step><!-- duration: 6950ms -->
  <step title="Outgoing response" date="2025-07-16T00:48:40.632" type="response" statusCode="202" statusText="Accepted" Server="Microsoft-IIS/10.0" x-ms-request-id="c2b5942c-f79d-48ea-bc25-e675aacf3325" Retry-After="30" Cache-Control="private" X-AspNet-Version="4.0.30319" Location="https://whiteboardv2-backend-ckf7efgxbxbjg0ft.scm.eastus-01.azurewebsites.net/api/deployments/latest?deployer=ms-azuretools-vscode&amp;time=2025-07-16_00-48-40Z" /><!-- duration: 0ms -->
</step><!-- duration: 7044ms -->
