<step title="Incoming Request" date="2025-07-16T00:32:47.566" instance="46bc5b" url="/api/publish?type=zip" method="POST" type="request" pid="7916,2,8" Cache-Control="no-cache" Connection="Keep-Alive" Content-Length="16540182" Content-Type="application/octet-stream" Accept="*/*" Accept-Encoding="gzip, deflate" Authorization="Bas..." Host="whiteboardv2-backend-ckf7efgxbxbjg0ft.scm.eastus-01.azurewebsites.net" User-Agent="AZURECLI/2.73.0 (HOMEBREW)" x-ms-client-request-id="5fe543d8-61dc-11f0-bc44-7a5b12043ae0" X-ARR-LOG-ID="5fe543d8-61dc-11f0-bc44-7a5b12043ae0" CLIENT-IP="67.2.17.107:52816" X-SITE-DEPLOYMENT-ID="Whiteboardv2-backend" WAS-DEFAULT-HOSTNAME="whiteboardv2-backend-ckf7efgxbxbjg0ft.scm.eastus-01.azurewebsites.net" X-Forwarded-Proto="https" X-AppService-Proto="https" X-Forwarded-TlsVersion="1.3" X-WAWS-Unencoded-URL="/api/publish?type=zip" X-MS-COLDSTART="1" >
  <step title="OneDeploy" date="2025-07-16T00:32:47.769" >
    <step title="Starting PushDeployAsync" date="2025-07-16T00:32:47.801" /><!-- duration: 0ms -->
    <step title="Updating shutdown sentinel last write time" date="2025-07-16T00:32:47.847" SemaphoreCount="7" /><!-- duration: 0ms -->
    <step title="LockFile &apos;C:\home\site\locks\deployments.lock&apos; acquired" date="2025-07-16T00:32:47.847" /><!-- duration: 16ms -->
    <step title="Saving request content to C:\local\Temp\zipdeploy\wbxnwor3.zip" date="2025-07-16T00:32:47.863" >
      <step title="Total 16,540,182 bytes written to C:\local\Temp\zipdeploy\wbxnwor3.zip" date="2025-07-16T00:32:51.464" /><!-- duration: 0ms -->
    </step><!-- duration: 3616ms -->
    <step title="LockFile &apos;C:\home\site\locks\deployments.lock&apos; released" date="2025-07-16T00:32:51.479" /><!-- duration: 0ms -->
    <step title="Deleting shutdown sentinel file" date="2025-07-16T00:32:51.495" SemaphoreCount="8" /><!-- duration: 0ms -->
    <step title="Starting FetchDeploy" date="2025-07-16T00:32:51.510" /><!-- duration: 0ms -->
    <step title="Attempting to fetch target branch HEAD" date="2025-07-16T00:32:51.510" /><!-- duration: 16ms -->
    <step title="Updating shutdown sentinel last write time" date="2025-07-16T00:32:51.542" SemaphoreCount="7" /><!-- duration: 0ms -->
    <step title="LockFile &apos;C:\home\site\locks\deployments.lock&apos; acquired" date="2025-07-16T00:32:51.542" /><!-- duration: 16ms -->
    <step title="Performing fetch based deployment" date="2025-07-16T00:32:51.557" >
      <step title="Creating temporary deployment" date="2025-07-16T00:32:51.557" /><!-- duration: 47ms -->
      <step title="Fetching changes." date="2025-07-16T00:32:51.667" /><!-- duration: 0ms -->
      <step title="Starting LocalZipHandler" date="2025-07-16T00:32:51.682" /><!-- duration: 0ms -->
      <step title="Starting LocalZipFetch" date="2025-07-16T00:32:51.682" /><!-- duration: 16ms -->
      <step title="Cleaning up temp folders from previous zip deployments and extracting pushed zip file C:\local\Temp\zipdeploy\wbxnwor3.zip (15.77 MB) to C:\local\Temp\zipdeploy\extracted" date="2025-07-16T00:32:51.698" /><!-- duration: 16ms -->
      <step title="Cleaning up temp folders from previous zip deployments and extracting pushed zip file C:\local\Temp\zipdeploy\wbxnwor3.zip (15.77 MB) to C:\local\Temp\zipdeploy\extracted" date="2025-07-16T00:32:51.714" >
        <step title="Extracting 110 entries to C:\local\Temp\zipdeploy\extracted directory" date="2025-07-16T00:32:51.729" >
          <step title="Extracting to C:\local\Temp\zipdeploy\extracted\publish\Microsoft.AspNetCore.Connections.Abstractions.dll ..." date="2025-07-16T00:32:51.729" /><!-- duration: 0ms -->
          <step title="Extracting to C:\local\Temp\zipdeploy\extracted\publish\Microsoft.EntityFrameworkCore.Sqlite.dll ..." date="2025-07-16T00:32:51.745" /><!-- duration: 0ms -->
          <step title="Extracting to C:\local\Temp\zipdeploy\extracted\publish\Microsoft.AspNetCore.Http.Connections.Client.dll ..." date="2025-07-16T00:32:51.760" /><!-- duration: 0ms -->
          <step title="Extracting to C:\local\Temp\zipdeploy\extracted\publish\Microsoft.IdentityModel.Logging.dll ..." date="2025-07-16T00:32:51.760" /><!-- duration: 16ms -->
          <step title="Extracting to C:\local\Temp\zipdeploy\extracted\publish\Microsoft.EntityFrameworkCore.dll ..." date="2025-07-16T00:32:51.776" /><!-- duration: 31ms -->
          <step title="Omitting extracting file traces ..." date="2025-07-16T00:32:51.807" /><!-- duration: 16ms -->
        </step><!-- duration: 578ms -->
      </step><!-- duration: 609ms -->
      <step title="None repository commit" date="2025-07-16T00:32:52.323" >
        <step title="Commit id: 86a62218283344ffb5b08b24167bbe26" date="2025-07-16T00:32:52.323" Message="OneDeploy" AuthorName="N/A" AuthorEmail="N/A" /><!-- duration: 16ms -->
      </step><!-- duration: 16ms -->
      <step title="Before sending BuildRequestReceived status to /api/updatedeploystatus" date="2025-07-16T00:32:52.339" /><!-- duration: 0ms -->
      <step title="DeploymentManager.Deploy(id:86a62218283344ffb5b08b24167bbe26)" date="2025-07-16T00:32:52.354" >
        <step title="Collecting changeset information" date="2025-07-16T00:32:52.370" /><!-- duration: 31ms -->
        <step title="Updating submodules" date="2025-07-16T00:32:52.417" >
          <step title="Updating submodules." date="2025-07-16T00:32:52.448" /><!-- duration: 16ms -->
        </step><!-- duration: 47ms -->
        <step title="Preparing deployment for commit id &apos;86a6221828&apos;." date="2025-07-16T00:32:52.510" /><!-- duration: 16ms -->
        <step title="Determining deployment builder" date="2025-07-16T00:32:52.573" >
          <step title="Builder is OneDeployBuilder" date="2025-07-16T00:32:52.573" /><!-- duration: 0ms -->
        </step><!-- duration: 16ms -->
        <step title="Copying SSH keys" date="2025-07-16T00:32:52.604" /><!-- duration: 16ms -->
        <step title="Building" date="2025-07-16T00:32:52.620" >
          <step title="Running build. Project type: OneDeploy" date="2025-07-16T00:32:52.667" /><!-- duration: 0ms -->
          <step title="Copying the manifest" date="2025-07-16T00:32:52.714" /><!-- duration: 0ms -->
          <step title="Clean deploying to C:\home\site\wwwroot" date="2025-07-16T00:32:52.776" /><!-- duration: 0ms -->
          <step title="Generating deployment script." date="2025-07-16T00:32:52.839" /><!-- duration: 0ms -->
          <step title="Generating deployment script" date="2025-07-16T00:32:52.854" >
            <step title="Using cached version of the deployment script for command: -y --no-dot-deployment -r &quot;C:\local\Temp\zipdeploy\extracted&quot; -o &quot;C:\home\site\deployments\tools&quot; --basic --sitePath &quot;C:\local\Temp\zipdeploy\extracted&quot;" date="2025-07-16T00:32:52.870" /><!-- duration: 16ms -->
            <step title="Using cached version of deployment script (command: &apos;azure -y --no-dot-deployment -r &quot;C:\local\Temp\zipdeploy\extracted&quot; -o &quot;C:\home\site\deployments\tools&quot; --basic --sitePath &quot;C:\local\Temp\zipdeploy\extracted&quot;&apos;)." date="2025-07-16T00:32:52.901" /><!-- duration: 0ms -->
          </step><!-- duration: 78ms -->
          <step title="Running deployment command..." date="2025-07-16T00:32:52.979" /><!-- duration: 0ms -->
          <step title="Command: &quot;C:\home\site\deployments\tools\deploy.cmd&quot;" date="2025-07-16T00:32:52.995" /><!-- duration: 0ms -->
          <step title="Executing external process" date="2025-07-16T00:32:53.011" type="process" path="starter.cmd" arguments="&quot;C:\home\site\deployments\tools\deploy.cmd&quot;" >
            <step title="Handling Basic Web Site deployment." date="2025-07-16T00:32:53.136" /><!-- duration: 0ms -->
            <step title="Creating app_offline.htm" date="2025-07-16T00:32:53.573" /><!-- duration: 0ms -->
            <step title="KuduSync.NET from: &apos;C:\local\Temp\zipdeploy\extracted&apos; to: &apos;C:\home\site\wwwroot&apos;" date="2025-07-16T00:32:53.589" /><!-- duration: 0ms -->
            <step title="Copying file: &apos;publish\Whiteboard&apos;" date="2025-07-16T00:32:53.604" /><!-- duration: 16ms -->
            <step title="Copying file: &apos;publish\whiteboard.db&apos;" date="2025-07-16T00:32:53.620" /><!-- duration: 16ms -->
            <step title="Copying file: &apos;publish\Whiteboard.dll&apos;" date="2025-07-16T00:32:53.651" /><!-- duration: 0ms -->
            <step title="Copying file: &apos;publish\Whiteboard.pdb&apos;" date="2025-07-16T00:32:53.667" /><!-- duration: 0ms -->
            <step title="Copying file: &apos;publish\publish\appsettings.Development.json&apos;" date="2025-07-16T00:32:53.683" /><!-- duration: 0ms -->
            <step title="Copying file: &apos;publish\publish\appsettings.json&apos;" date="2025-07-16T00:32:53.698" /><!-- duration: 0ms -->
            <step title="Copying file: &apos;publish\publish\Whiteboard.deps.json&apos;" date="2025-07-16T00:32:53.714" /><!-- duration: 16ms -->
            <step title="Copying file: &apos;publish\publish\Whiteboard.runtimeconfig.json&apos;" date="2025-07-16T00:32:53.745" /><!-- duration: 0ms -->
            <step title="Copying file: &apos;publish\publish\web.config&apos;" date="2025-07-16T00:32:53.761" /><!-- duration: 0ms -->
            <step title="Deleting app_offline.htm" date="2025-07-16T00:32:53.776" /><!-- duration: 0ms -->
            <step title="Finished successfully." date="2025-07-16T00:32:53.792" /><!-- duration: 16ms -->
          </step><!-- duration: 797ms -->
          <step title="Build completed succesfully." date="2025-07-16T00:32:53.854" /><!-- duration: 0ms -->
          <step title="Running post deployment command(s)..." date="2025-07-16T00:32:53.901" /><!-- duration: 16ms -->
          <step title="Requesting site restart" date="2025-07-16T00:32:53.964" /><!-- duration: 16ms -->
          <step title="Requesting site restart" date="2025-07-16T00:32:53.979" /><!-- duration: 0ms -->
          <step title="Requesting site restart. Attempt #1" date="2025-07-16T00:32:54.026" /><!-- duration: 16ms -->
          <step title="Requesting site restart. Attempt #1" date="2025-07-16T00:32:54.042" /><!-- duration: 16ms -->
          <step title="Successfully requested a restart. Attempt #1" date="2025-07-16T00:32:54.214" /><!-- duration: 0ms -->
          <step title="Successfully requested a restart. Attempt #1" date="2025-07-16T00:32:54.229" /><!-- duration: 16ms -->
          <step title="Deployment successful. DEPLOYMENTINFO: deploymentPath = OneDeploy, deployer = OneDeploy, os = windows, sku = Free, siteName = Whiteboardv2-backend, siteHostName = whiteboardv2-backend-ckf7efgxbxbjg0ft.eastus-01.azurewebsites.net, deploymentStatus = Success" date="2025-07-16T00:32:54.276" /><!-- duration: 16ms -->
          <step title="Purge deployment items" date="2025-07-16T00:32:54.464" >
            <step title="Remove 0d3162bfa, Success, received at 7/13/2025 4:32:46 AM" date="2025-07-16T00:32:54.620" /><!-- duration: 0ms -->
          </step><!-- duration: 172ms -->
        </step><!-- duration: 2032ms -->
      </step><!-- duration: 2297ms -->
      <step title="Cleaning up temp files" date="2025-07-16T00:32:54.667" /><!-- duration: 16ms -->
      <step title="Skip function trigger and logicapp sync because function is not enabled." date="2025-07-16T00:32:54.683" /><!-- duration: 16ms -->
    </step><!-- duration: 3203ms -->
    <step title="LockFile &apos;C:\home\site\locks\deployments.lock&apos; released" date="2025-07-16T00:32:54.823" /><!-- duration: 0ms -->
    <step title="Deleting shutdown sentinel file" date="2025-07-16T00:32:54.839" SemaphoreCount="8" /><!-- duration: 0ms -->
  </step><!-- duration: 7085ms -->
  <step title="Outgoing response" date="2025-07-16T00:32:54.870" type="response" statusCode="200" statusText="OK" Server="Microsoft-IIS/10.0" x-ms-request-id="5fe543d8-61dc-11f0-bc44-7a5b12043ae0" Cache-Control="private" X-AspNet-Version="4.0.30319" /><!-- duration: 0ms -->
</step><!-- duration: 7304ms -->
