<step title="BackgroundTrace" date="2025-07-16T00:40:35.138" instance="46bc5b" url="/api/zipdeploy" method="POST" >
  <step title="Cleanup Xml Logs" date="2025-07-16T00:40:35.138" /><!-- duration: 16ms -->
  <step title="Updating shutdown sentinel last write time" date="2025-07-16T00:40:35.170" SemaphoreCount="7" /><!-- duration: 0ms -->
  <step title="LockFile &apos;C:\home\site\locks\deployments.lock&apos; acquired" date="2025-07-16T00:40:35.185" /><!-- duration: 0ms -->
  <step title="Creating temporary deployment" date="2025-07-16T00:40:35.185" /><!-- duration: 31ms -->
  <step title="Performing fetch based deployment" date="2025-07-16T00:40:35.232" >
    <step title="Fetching changes." date="2025-07-16T00:40:35.279" /><!-- duration: 0ms -->
    <step title="Starting LocalZipHandler" date="2025-07-16T00:40:35.295" /><!-- duration: 0ms -->
    <step title="Cleaning up temp folders from previous zip deployments and extracting pushed zip file C:\local\Temp\zipdeploy\oqqk4f12.zip (15.77 MB) to C:\local\Temp\zipdeploy\extracted" date="2025-07-16T00:40:35.326" /><!-- duration: 16ms -->
    <step title="Cleaning up temp folders from previous zip deployments and extracting pushed zip file C:\local\Temp\zipdeploy\oqqk4f12.zip (15.77 MB) to C:\local\Temp\zipdeploy\extracted" date="2025-07-16T00:40:35.342" >
      <step title="Renaming extractTargetDirectory(C:\local\Temp\zipdeploy\extracted) to tempDirectory(C:\local\Temp\zipdeploy\guxrva4c.ayc)" date="2025-07-16T00:40:35.342" /><!-- duration: 16ms -->
      <step title="Extracting 110 entries to C:\local\Temp\zipdeploy\extracted directory" date="2025-07-16T00:40:35.357" >
        <step title="Extracting to C:\local\Temp\zipdeploy\extracted\publish\Microsoft.AspNetCore.Connections.Abstractions.dll ..." date="2025-07-16T00:40:35.357" /><!-- duration: 16ms -->
        <step title="Extracting to C:\local\Temp\zipdeploy\extracted\publish\Microsoft.EntityFrameworkCore.Sqlite.dll ..." date="2025-07-16T00:40:35.373" /><!-- duration: 16ms -->
        <step title="Extracting to C:\local\Temp\zipdeploy\extracted\publish\Microsoft.AspNetCore.Http.Connections.Client.dll ..." date="2025-07-16T00:40:35.388" /><!-- duration: 0ms -->
        <step title="Extracting to C:\local\Temp\zipdeploy\extracted\publish\Microsoft.IdentityModel.Logging.dll ..." date="2025-07-16T00:40:35.404" /><!-- duration: 0ms -->
        <step title="Extracting to C:\local\Temp\zipdeploy\extracted\publish\Microsoft.EntityFrameworkCore.dll ..." date="2025-07-16T00:40:35.404" /><!-- duration: 31ms -->
        <step title="Omitting extracting file traces ..." date="2025-07-16T00:40:35.451" /><!-- duration: 0ms -->
      </step><!-- duration: 578ms -->
    </step><!-- duration: 609ms -->
    <step title="Before sending BuildRequestReceived status to /api/updatedeploystatus" date="2025-07-16T00:40:35.951" /><!-- duration: 16ms -->
    <step title="DeploymentManager.Deploy(id:ff7c65e4a70546789a7d39836e15656d)" date="2025-07-16T00:40:35.967" >
      <step title="Collecting changeset information" date="2025-07-16T00:40:35.982" /><!-- duration: 31ms -->
      <step title="Updating submodules" date="2025-07-16T00:40:36.029" >
        <step title="Updating submodules." date="2025-07-16T00:40:36.060" /><!-- duration: 0ms -->
      </step><!-- duration: 47ms -->
      <step title="Preparing deployment for commit id &apos;ff7c65e4a7&apos;." date="2025-07-16T00:40:36.123" /><!-- duration: 0ms -->
      <step title="Determining deployment builder" date="2025-07-16T00:40:36.154" >
        <step title="Builder is BasicBuilder" date="2025-07-16T00:40:36.170" /><!-- duration: 0ms -->
      </step><!-- duration: 16ms -->
      <step title="Copying SSH keys" date="2025-07-16T00:40:36.201" /><!-- duration: 0ms -->
      <step title="Building" date="2025-07-16T00:40:36.217" >
        <step title="Generating deployment script." date="2025-07-16T00:40:36.248" /><!-- duration: 16ms -->
        <step title="Generating deployment script" date="2025-07-16T00:40:36.263" >
          <step title="Using cached version of the deployment script for command: -y --no-dot-deployment -r &quot;C:\local\Temp\zipdeploy\extracted&quot; -o &quot;C:\home\site\deployments\tools&quot; --basic --sitePath &quot;C:\local\Temp\zipdeploy\extracted&quot;" date="2025-07-16T00:40:36.279" /><!-- duration: 0ms -->
          <step title="Using cached version of deployment script (command: &apos;azure -y --no-dot-deployment -r &quot;C:\local\Temp\zipdeploy\extracted&quot; -o &quot;C:\home\site\deployments\tools&quot; --basic --sitePath &quot;C:\local\Temp\zipdeploy\extracted&quot;&apos;)." date="2025-07-16T00:40:36.295" /><!-- duration: 0ms -->
        </step><!-- duration: 31ms -->
        <step title="Running deployment command..." date="2025-07-16T00:40:36.342" /><!-- duration: 0ms -->
        <step title="Command: &quot;C:\home\site\deployments\tools\deploy.cmd&quot;" date="2025-07-16T00:40:36.373" /><!-- duration: 0ms -->
        <step title="Executing external process" date="2025-07-16T00:40:36.373" type="process" path="starter.cmd" arguments="&quot;C:\home\site\deployments\tools\deploy.cmd&quot;" >
          <step title="Handling Basic Web Site deployment." date="2025-07-16T00:40:36.482" /><!-- duration: 0ms -->
          <step title="Creating app_offline.htm" date="2025-07-16T00:40:36.748" /><!-- duration: 16ms -->
          <step title="KuduSync.NET from: &apos;C:\local\Temp\zipdeploy\extracted&apos; to: &apos;C:\home\site\wwwroot&apos;" date="2025-07-16T00:40:36.763" /><!-- duration: 16ms -->
          <step title="Deleting app_offline.htm" date="2025-07-16T00:40:36.779" /><!-- duration: 0ms -->
          <step title="Finished successfully." date="2025-07-16T00:40:36.795" /><!-- duration: 0ms -->
        </step><!-- duration: 437ms -->
        <step title="Running post deployment command(s)..." date="2025-07-16T00:40:36.857" /><!-- duration: 0ms -->
        <step title="Triggering recycle (preview mode disabled)." date="2025-07-16T00:40:36.904" /><!-- duration: 0ms -->
        <step title="Ignoring FS watcher based recycle request as this is a classic Windows app." date="2025-07-16T00:40:36.920" /><!-- duration: 0ms -->
        <step title="Deployment successful. DEPLOYMENTINFO: deploymentPath = ZipDeploy. Extract zip. , deployer = ZipDeploy, os = windows, sku = Free, siteName = Whiteboardv2-backend, siteHostName = whiteboardv2-backend-ckf7efgxbxbjg0ft.eastus-01.azurewebsites.net, deploymentStatus = Success" date="2025-07-16T00:40:36.967" /><!-- duration: 16ms -->
        <step title="Purge deployment items" date="2025-07-16T00:40:37.107" >
          <step title="Remove 34e75262a, Success, received at 7/13/2025 4:39:51 AM" date="2025-07-16T00:40:37.170" /><!-- duration: 16ms -->
        </step><!-- duration: 78ms -->
      </step><!-- duration: 984ms -->
    </step><!-- duration: 1250ms -->
    <step title="Cleaning up temp files" date="2025-07-16T00:40:37.217" /><!-- duration: 0ms -->
    <step title="Skip function trigger and logicapp sync because function is not enabled." date="2025-07-16T00:40:37.232" /><!-- duration: 0ms -->
  </step><!-- duration: 2047ms -->
  <step title="LockFile &apos;C:\home\site\locks\deployments.lock&apos; released" date="2025-07-16T00:40:37.279" /><!-- duration: 16ms -->
  <step title="Deleting shutdown sentinel file" date="2025-07-16T00:40:37.310" SemaphoreCount="8" /><!-- duration: 0ms -->
</step><!-- duration: 2172ms -->
