<step title="BackgroundTrace" date="2025-07-15T18:33:42.629" instance="46bc5b" url="/api/zipdeploy" method="POST" >
  <step title="Updating shutdown sentinel last write time" date="2025-07-15T18:33:42.645" SemaphoreCount="7" /><!-- duration: 0ms -->
  <step title="LockFile &apos;C:\home\site\locks\deployments.lock&apos; acquired" date="2025-07-15T18:33:42.645" /><!-- duration: 16ms -->
  <step title="Creating temporary deployment" date="2025-07-15T18:33:42.661" /><!-- duration: 31ms -->
  <step title="Performing fetch based deployment" date="2025-07-15T18:33:42.708" >
    <step title="Fetching changes." date="2025-07-15T18:33:42.770" /><!-- duration: 16ms -->
    <step title="Starting LocalZipHandler" date="2025-07-15T18:33:42.786" /><!-- duration: 16ms -->
    <step title="Cleaning up temp folders from previous zip deployments and extracting pushed zip file C:\local\Temp\zipdeploy\3rysg5z0.zip (15.49 MB) to C:\local\Temp\zipdeploy\extracted" date="2025-07-15T18:33:42.833" /><!-- duration: 0ms -->
    <step title="Cleaning up temp folders from previous zip deployments and extracting pushed zip file C:\local\Temp\zipdeploy\3rysg5z0.zip (15.49 MB) to C:\local\Temp\zipdeploy\extracted" date="2025-07-15T18:33:42.833" >
      <step title="Extracting 103 entries to C:\local\Temp\zipdeploy\extracted directory" date="2025-07-15T18:33:42.848" >
        <step title="Extracting to C:\local\Temp\zipdeploy\extracted\Microsoft.AspNetCore.Connections.Abstractions.dll ..." date="2025-07-15T18:33:42.848" /><!-- duration: 0ms -->
        <step title="Extracting to C:\local\Temp\zipdeploy\extracted\Microsoft.EntityFrameworkCore.Sqlite.dll ..." date="2025-07-15T18:33:42.864" /><!-- duration: 16ms -->
        <step title="Extracting to C:\local\Temp\zipdeploy\extracted\Microsoft.AspNetCore.Http.Connections.Client.dll ..." date="2025-07-15T18:33:42.879" /><!-- duration: 0ms -->
        <step title="Extracting to C:\local\Temp\zipdeploy\extracted\Microsoft.IdentityModel.Logging.dll ..." date="2025-07-15T18:33:42.895" /><!-- duration: 0ms -->
        <step title="Extracting to C:\local\Temp\zipdeploy\extracted\Microsoft.EntityFrameworkCore.dll ..." date="2025-07-15T18:33:42.895" /><!-- duration: 31ms -->
        <step title="Omitting extracting file traces ..." date="2025-07-15T18:33:42.942" /><!-- duration: 0ms -->
      </step><!-- duration: 578ms -->
    </step><!-- duration: 594ms -->
    <step title="Before sending BuildRequestReceived status to /api/updatedeploystatus" date="2025-07-15T18:33:43.442" /><!-- duration: 0ms -->
    <step title="DeploymentManager.Deploy(id:98658c966b034216a44686e7d037cceb)" date="2025-07-15T18:33:43.442" >
      <step title="Collecting changeset information" date="2025-07-15T18:33:43.458" /><!-- duration: 47ms -->
      <step title="Updating submodules" date="2025-07-15T18:33:43.504" >
        <step title="Updating submodules." date="2025-07-15T18:33:43.551" /><!-- duration: 0ms -->
      </step><!-- duration: 47ms -->
      <step title="Preparing deployment for commit id &apos;98658c966b&apos;." date="2025-07-15T18:33:43.614" /><!-- duration: 0ms -->
      <step title="Determining deployment builder" date="2025-07-15T18:33:43.645" >
        <step title="Builder is BasicBuilder" date="2025-07-15T18:33:43.661" /><!-- duration: 0ms -->
      </step><!-- duration: 16ms -->
      <step title="Copying SSH keys" date="2025-07-15T18:33:43.708" /><!-- duration: 16ms -->
      <step title="Building" date="2025-07-15T18:33:43.723" >
        <step title="Generating deployment script." date="2025-07-15T18:33:43.801" /><!-- duration: 0ms -->
        <step title="Generating deployment script" date="2025-07-15T18:33:43.801" >
          <step title="Using the following command to generate deployment script: &apos;azure site deploymentscript -y --no-dot-deployment -r &quot;C:\local\Temp\zipdeploy\extracted&quot; -o &quot;C:\home\site\deployments\tools&quot; --basic --sitePath &quot;C:\local\Temp\zipdeploy\extracted&quot;&apos;." date="2025-07-15T18:33:43.833" /><!-- duration: 0ms -->
          <step title="Executing external process" date="2025-07-15T18:33:43.848" type="process" path="starter.cmd" arguments="&quot;C:\Program Files (x86)\SiteExtensions\Kudu\2025.06.2.6\bin\node_modules\.bin\kuduscript.cmd&quot; -y --no-dot-deployment -r &quot;C:\local\Temp\zipdeploy\extracted&quot; -o &quot;C:\home\site\deployments\tools&quot; --basic --sitePath &quot;C:\local\Temp\zipdeploy\extracted&quot;" >
            <step title="Generating deployment script for Web Site" date="2025-07-15T18:33:43.973" /><!-- duration: 0ms -->
            <step title="Generated deployment script files" date="2025-07-15T18:33:43.989" /><!-- duration: 0ms -->
          </step><!-- duration: 156ms -->
          <step title="Saved cached version of the deployment script for command -y --no-dot-deployment -r &quot;C:\local\Temp\zipdeploy\extracted&quot; -o &quot;C:\home\site\deployments\tools&quot; --basic --sitePath &quot;C:\local\Temp\zipdeploy\extracted&quot;" date="2025-07-15T18:33:44.004" /><!-- duration: 16ms -->
        </step><!-- duration: 219ms -->
        <step title="Running deployment command..." date="2025-07-15T18:33:44.067" /><!-- duration: 16ms -->
        <step title="Command: &quot;C:\home\site\deployments\tools\deploy.cmd&quot;" date="2025-07-15T18:33:44.083" /><!-- duration: 16ms -->
        <step title="Executing external process" date="2025-07-15T18:33:44.098" type="process" path="starter.cmd" arguments="&quot;C:\home\site\deployments\tools\deploy.cmd&quot;" >
          <step title="Handling Basic Web Site deployment." date="2025-07-15T18:33:44.208" /><!-- duration: 0ms -->
          <step title="Creating app_offline.htm" date="2025-07-15T18:33:47.143" /><!-- duration: 16ms -->
          <step title="KuduSync.NET from: &apos;C:\local\Temp\zipdeploy\extracted&apos; to: &apos;C:\home\site\wwwroot&apos;" date="2025-07-15T18:33:47.158" /><!-- duration: 16ms -->
          <step title="Copying file: &apos;Whiteboard&apos;" date="2025-07-15T18:33:47.174" /><!-- duration: 16ms -->
          <step title="Copying file: &apos;whiteboard.db&apos;" date="2025-07-15T18:33:47.189" /><!-- duration: 0ms -->
          <step title="Copying file: &apos;Whiteboard.dll&apos;" date="2025-07-15T18:33:47.205" /><!-- duration: 16ms -->
          <step title="Copying file: &apos;Whiteboard.pdb&apos;" date="2025-07-15T18:33:47.221" /><!-- duration: 16ms -->
          <step title="Deleting app_offline.htm" date="2025-07-15T18:33:47.236" /><!-- duration: 0ms -->
          <step title="Finished successfully." date="2025-07-15T18:33:47.252" /><!-- duration: 0ms -->
        </step><!-- duration: 3169ms -->
        <step title="Running post deployment command(s)..." date="2025-07-15T18:33:47.314" /><!-- duration: 0ms -->
        <step title="Triggering recycle (preview mode disabled)." date="2025-07-15T18:33:47.361" /><!-- duration: 16ms -->
        <step title="Ignoring FS watcher based recycle request as this is a classic Windows app." date="2025-07-15T18:33:47.377" /><!-- duration: 0ms -->
        <step title="Deployment successful. DEPLOYMENTINFO: deploymentPath = ZipDeploy. Extract zip. , deployer = ZipDeploy, os = windows, sku = Free, siteName = Whiteboardv2-backend, siteHostName = whiteboardv2-backend-ckf7efgxbxbjg0ft.eastus-01.azurewebsites.net, deploymentStatus = Success" date="2025-07-15T18:33:47.439" /><!-- duration: 0ms -->
        <step title="Purge deployment items" date="2025-07-15T18:33:48.253" >
          <step title="Remove 4b5049d6f, Success, received at 7/13/2025 4:03:36 AM" date="2025-07-15T18:33:48.269" /><!-- duration: 0ms -->
        </step><!-- duration: 31ms -->
      </step><!-- duration: 4577ms -->
    </step><!-- duration: 4873ms -->
    <step title="Cleaning up temp files" date="2025-07-15T18:33:48.315" /><!-- duration: 0ms -->
    <step title="Skip function trigger and logicapp sync because function is not enabled." date="2025-07-15T18:33:48.331" /><!-- duration: 0ms -->
  </step><!-- duration: 5670ms -->
  <step title="LockFile &apos;C:\home\site\locks\deployments.lock&apos; released" date="2025-07-15T18:33:48.394" /><!-- duration: 0ms -->
  <step title="Deleting shutdown sentinel file" date="2025-07-15T18:33:48.394" SemaphoreCount="8" /><!-- duration: 16ms -->
</step><!-- duration: 5780ms -->
