<step title="Incoming Request" date="2025-07-15T18:33:40.295" instance="46bc5b" url="/api/zipdeploy?isAsync=true" method="POST" type="request" pid="736,2,8" Cache-Control="no-cache" Connection="Keep-Alive" Content-Length="16242109" Content-Type="application/octet-stream" Accept="*/*" Accept-Encoding="gzip, deflate" Authorization="Bas..." Host="whiteboardv2-backend-ckf7efgxbxbjg0ft.scm.eastus-01.azurewebsites.net" User-Agent="AZURECLI/2.73.0 (HOMEBREW)" x-ms-client-request-id="363bac84-61aa-11f0-9f2b-7a5b12043ae0" X-ARR-LOG-ID="363bac84-61aa-11f0-9f2b-7a5b12043ae0" CLIENT-IP="67.2.17.107:58849" X-SITE-DEPLOYMENT-ID="Whiteboardv2-backend" WAS-DEFAULT-HOSTNAME="whiteboardv2-backend-ckf7efgxbxbjg0ft.scm.eastus-01.azurewebsites.net" X-Forwarded-Proto="https" X-AppService-Proto="https" X-Forwarded-TlsVersion="1.3" X-WAWS-Unencoded-URL="/api/zipdeploy?isAsync=true" X-MS-COLDSTART="1" >
  <step title="ZipPushDeploy" date="2025-07-15T18:33:40.499" >
    <step title="ZipDeploy. Extract zip. " date="2025-07-15T18:33:40.514" /><!-- duration: 16ms -->
    <step title="Starting PushDeployAsync" date="2025-07-15T18:33:40.530" /><!-- duration: 0ms -->
    <step title="Updating shutdown sentinel last write time" date="2025-07-15T18:33:40.577" SemaphoreCount="7" /><!-- duration: 16ms -->
    <step title="LockFile &apos;C:\home\site\locks\deployments.lock&apos; acquired" date="2025-07-15T18:33:40.592" /><!-- duration: 0ms -->
    <step title="Saving request content to C:\local\Temp\zipdeploy\3rysg5z0.zip" date="2025-07-15T18:33:40.608" >
      <step title="Total 16,242,109 bytes written to C:\local\Temp\zipdeploy\3rysg5z0.zip" date="2025-07-15T18:33:42.567" /><!-- duration: 0ms -->
    </step><!-- duration: 1975ms -->
    <step title="LockFile &apos;C:\home\site\locks\deployments.lock&apos; released" date="2025-07-15T18:33:42.583" /><!-- duration: 16ms -->
    <step title="Deleting shutdown sentinel file" date="2025-07-15T18:33:42.598" SemaphoreCount="8" /><!-- duration: 0ms -->
    <step title="Starting FetchDeploy" date="2025-07-15T18:33:42.614" /><!-- duration: 0ms -->
    <step title="Start deployment in the background" date="2025-07-15T18:33:42.629" /><!-- duration: 62ms -->
  </step><!-- duration: 2209ms -->
  <step title="Outgoing response" date="2025-07-15T18:33:42.723" type="response" statusCode="202" statusText="Accepted" Server="Microsoft-IIS/10.0" x-ms-request-id="363bac84-61aa-11f0-9f2b-7a5b12043ae0" Retry-After="30" Cache-Control="private" X-AspNet-Version="4.0.30319" Location="https://whiteboardv2-backend-ckf7efgxbxbjg0ft.scm.eastus-01.azurewebsites.net/api/deployments/latest?deployer=ZipDeploy&amp;time=2025-07-15_18-33-42Z" /><!-- duration: 0ms -->
</step><!-- duration: 2443ms -->
