<step title="BackgroundTrace" date="2025-07-14T04:28:53.624" instance="46bc5b" url="/api/zipdeploy" method="POST" >
  <step title="Updating shutdown sentinel last write time" date="2025-07-14T04:28:53.639" SemaphoreCount="7" /><!-- duration: 0ms -->
  <step title="LockFile &apos;C:\home\site\locks\deployments.lock&apos; acquired" date="2025-07-14T04:28:53.639" /><!-- duration: 16ms -->
  <step title="Creating temporary deployment" date="2025-07-14T04:28:53.655" /><!-- duration: 31ms -->
  <step title="Performing fetch based deployment" date="2025-07-14T04:28:53.702" >
    <step title="Fetching changes." date="2025-07-14T04:28:53.764" /><!-- duration: 16ms -->
    <step title="Starting LocalZipHandler" date="2025-07-14T04:28:53.780" /><!-- duration: 16ms -->
    <step title="Cleaning up temp folders from previous zip deployments and extracting pushed zip file C:\local\Temp\zipdeploy\l0swoabi.zip (15.49 MB) to C:\local\Temp\zipdeploy\extracted" date="2025-07-14T04:28:53.827" /><!-- duration: 0ms -->
    <step title="Cleaning up temp folders from previous zip deployments and extracting pushed zip file C:\local\Temp\zipdeploy\l0swoabi.zip (15.49 MB) to C:\local\Temp\zipdeploy\extracted" date="2025-07-14T04:28:53.827" >
      <step title="Extracting 103 entries to C:\local\Temp\zipdeploy\extracted directory" date="2025-07-14T04:28:53.842" >
        <step title="Extracting to C:\local\Temp\zipdeploy\extracted\Microsoft.AspNetCore.Connections.Abstractions.dll ..." date="2025-07-14T04:28:53.842" /><!-- duration: 0ms -->
        <step title="Extracting to C:\local\Temp\zipdeploy\extracted\Microsoft.EntityFrameworkCore.Sqlite.dll ..." date="2025-07-14T04:28:53.858" /><!-- duration: 0ms -->
        <step title="Extracting to C:\local\Temp\zipdeploy\extracted\Microsoft.AspNetCore.Http.Connections.Client.dll ..." date="2025-07-14T04:28:53.874" /><!-- duration: 0ms -->
        <step title="Extracting to C:\local\Temp\zipdeploy\extracted\Microsoft.IdentityModel.Logging.dll ..." date="2025-07-14T04:28:53.874" /><!-- duration: 16ms -->
        <step title="Extracting to C:\local\Temp\zipdeploy\extracted\Microsoft.EntityFrameworkCore.dll ..." date="2025-07-14T04:28:53.889" /><!-- duration: 31ms -->
        <step title="Omitting extracting file traces ..." date="2025-07-14T04:28:53.921" /><!-- duration: 16ms -->
      </step><!-- duration: 578ms -->
    </step><!-- duration: 594ms -->
    <step title="Before sending BuildRequestReceived status to /api/updatedeploystatus" date="2025-07-14T04:28:54.421" /><!-- duration: 16ms -->
    <step title="DeploymentManager.Deploy(id:073ae8084aaf487d8686050e812a2d68)" date="2025-07-14T04:28:54.436" >
      <step title="Collecting changeset information" date="2025-07-14T04:28:54.452" /><!-- duration: 31ms -->
      <step title="Updating submodules" date="2025-07-14T04:28:54.499" >
        <step title="Updating submodules." date="2025-07-14T04:28:54.530" /><!-- duration: 16ms -->
      </step><!-- duration: 47ms -->
      <step title="Preparing deployment for commit id &apos;073ae8084a&apos;." date="2025-07-14T04:28:54.592" /><!-- duration: 0ms -->
      <step title="Determining deployment builder" date="2025-07-14T04:28:54.639" >
        <step title="Builder is BasicBuilder" date="2025-07-14T04:28:54.639" /><!-- duration: 0ms -->
      </step><!-- duration: 16ms -->
      <step title="Copying SSH keys" date="2025-07-14T04:28:54.717" /><!-- duration: 16ms -->
      <step title="Building" date="2025-07-14T04:28:54.733" >
        <step title="Generating deployment script." date="2025-07-14T04:28:54.780" /><!-- duration: 16ms -->
        <step title="Generating deployment script" date="2025-07-14T04:28:54.796" >
          <step title="Using cached version of the deployment script for command: -y --no-dot-deployment -r &quot;C:\local\Temp\zipdeploy\extracted&quot; -o &quot;C:\home\site\deployments\tools&quot; --basic --sitePath &quot;C:\local\Temp\zipdeploy\extracted&quot;" date="2025-07-14T04:28:54.843" /><!-- duration: 0ms -->
          <step title="Using cached version of deployment script (command: &apos;azure -y --no-dot-deployment -r &quot;C:\local\Temp\zipdeploy\extracted&quot; -o &quot;C:\home\site\deployments\tools&quot; --basic --sitePath &quot;C:\local\Temp\zipdeploy\extracted&quot;&apos;)." date="2025-07-14T04:28:54.858" /><!-- duration: 0ms -->
        </step><!-- duration: 63ms -->
        <step title="Running deployment command..." date="2025-07-14T04:28:54.905" /><!-- duration: 0ms -->
        <step title="Command: &quot;C:\home\site\deployments\tools\deploy.cmd&quot;" date="2025-07-14T04:28:54.937" /><!-- duration: 0ms -->
        <step title="Executing external process" date="2025-07-14T04:28:54.952" type="process" path="starter.cmd" arguments="&quot;C:\home\site\deployments\tools\deploy.cmd&quot;" >
          <step title="Handling Basic Web Site deployment." date="2025-07-14T04:28:55.157" /><!-- duration: 0ms -->
          <step title="Creating app_offline.htm" date="2025-07-14T04:28:58.167" /><!-- duration: 16ms -->
          <step title="KuduSync.NET from: &apos;C:\local\Temp\zipdeploy\extracted&apos; to: &apos;C:\home\site\wwwroot&apos;" date="2025-07-14T04:28:58.183" /><!-- duration: 16ms -->
          <step title="Deleting file: &apos;publish\appsettings.Development.json&apos;" date="2025-07-14T04:28:58.199" /><!-- duration: 16ms -->
          <step title="Deleting file: &apos;publish\appsettings.json&apos;" date="2025-07-14T04:28:58.214" /><!-- duration: 16ms -->
          <step title="Deleting file: &apos;publish\Whiteboard.deps.json&apos;" date="2025-07-14T04:28:58.230" /><!-- duration: 0ms -->
          <step title="Deleting file: &apos;publish\Whiteboard.runtimeconfig.json&apos;" date="2025-07-14T04:28:58.246" /><!-- duration: 0ms -->
          <step title="Copying file: &apos;Whiteboard&apos;" date="2025-07-14T04:28:58.261" /><!-- duration: 16ms -->
          <step title="Copying file: &apos;whiteboard.db&apos;" date="2025-07-14T04:28:58.277" /><!-- duration: 0ms -->
          <step title="Copying file: &apos;Whiteboard.dll&apos;" date="2025-07-14T04:28:58.292" /><!-- duration: 0ms -->
          <step title="Copying file: &apos;Whiteboard.pdb&apos;" date="2025-07-14T04:28:58.308" /><!-- duration: 0ms -->
          <step title="Deleting app_offline.htm" date="2025-07-14T04:28:58.324" /><!-- duration: 0ms -->
          <step title="Finished successfully." date="2025-07-14T04:28:58.339" /><!-- duration: 0ms -->
        </step><!-- duration: 3387ms -->
        <step title="Running post deployment command(s)..." date="2025-07-14T04:28:58.402" /><!-- duration: 0ms -->
        <step title="Triggering recycle (preview mode disabled)." date="2025-07-14T04:28:58.449" /><!-- duration: 0ms -->
        <step title="Ignoring FS watcher based recycle request as this is a classic Windows app." date="2025-07-14T04:28:58.464" /><!-- duration: 0ms -->
        <step title="Deployment successful. DEPLOYMENTINFO: deploymentPath = ZipDeploy. Extract zip. , deployer = ZipDeploy, os = windows, sku = Free, siteName = Whiteboardv2-backend, siteHostName = whiteboardv2-backend-ckf7efgxbxbjg0ft.eastus-01.azurewebsites.net, deploymentStatus = Success" date="2025-07-14T04:28:58.511" /><!-- duration: 16ms -->
        <step title="Purge deployment items" date="2025-07-14T04:28:59.168" >
          <step title="Remove ff3189fa8, Success, received at 7/13/2025 4:03:04 AM" date="2025-07-14T04:28:59.262" /><!-- duration: 0ms -->
        </step><!-- duration: 94ms -->
      </step><!-- duration: 4560ms -->
    </step><!-- duration: 4857ms -->
    <step title="Cleaning up temp files" date="2025-07-14T04:28:59.309" /><!-- duration: 0ms -->
    <step title="Skip function trigger and logicapp sync because function is not enabled." date="2025-07-14T04:28:59.324" /><!-- duration: 0ms -->
  </step><!-- duration: 5670ms -->
  <step title="LockFile &apos;C:\home\site\locks\deployments.lock&apos; released" date="2025-07-14T04:28:59.387" /><!-- duration: 0ms -->
  <step title="Deleting shutdown sentinel file" date="2025-07-14T04:28:59.403" SemaphoreCount="8" /><!-- duration: 0ms -->
</step><!-- duration: 5779ms -->
