<step title="Incoming Request" date="2025-07-16T00:10:00.573" instance="46bc5b" url="/api/publish?type=zip" method="POST" type="request" pid="5516,2,9" Cache-Control="no-cache" Content-Length="16242107" Content-Type="application/octet-stream" Accept="*/*" Accept-Encoding="gzip, deflate" Authorization="Bas..." Host="whiteboardv2-backend-ckf7efgxbxbjg0ft.scm.eastus-01.azurewebsites.net" User-Agent="AZURECLI/2.73.0 (HOMEBREW)" x-ms-client-request-id="33c113d4-61d9-11f0-b3c3-7a5b12043ae0" X-ARR-LOG-ID="33c113d4-61d9-11f0-b3c3-7a5b12043ae0" CLIENT-IP="67.2.17.107:49640" X-SITE-DEPLOYMENT-ID="Whiteboardv2-backend" WAS-DEFAULT-HOSTNAME="whiteboardv2-backend-ckf7efgxbxbjg0ft.scm.eastus-01.azurewebsites.net" X-Forwarded-Proto="https" X-AppService-Proto="https" X-Forwarded-TlsVersion="1.3" X-WAWS-Unencoded-URL="/api/publish?type=zip" >
  <step title="OneDeploy" date="2025-07-16T00:10:00.729" >
    <step title="Starting PushDeployAsync" date="2025-07-16T00:10:00.760" /><!-- duration: 0ms -->
    <step title="Updating shutdown sentinel last write time" date="2025-07-16T00:10:00.807" SemaphoreCount="7" /><!-- duration: 0ms -->
    <step title="LockFile &apos;C:\home\site\locks\deployments.lock&apos; acquired" date="2025-07-16T00:10:00.807" /><!-- duration: 16ms -->
    <step title="Saving request content to C:\local\Temp\zipdeploy\lfk0hdpx.zip" date="2025-07-16T00:10:00.823" >
      <step title="Total 16,242,107 bytes written to C:\local\Temp\zipdeploy\lfk0hdpx.zip" date="2025-07-16T00:10:04.953" /><!-- duration: 16ms -->
    </step><!-- duration: 4146ms -->
    <step title="LockFile &apos;C:\home\site\locks\deployments.lock&apos; released" date="2025-07-16T00:10:04.984" /><!-- duration: 0ms -->
    <step title="Deleting shutdown sentinel file" date="2025-07-16T00:10:05.000" SemaphoreCount="8" /><!-- duration: 0ms -->
    <step title="Starting FetchDeploy" date="2025-07-16T00:10:05.000" /><!-- duration: 16ms -->
    <step title="Attempting to fetch target branch HEAD" date="2025-07-16T00:10:05.015" /><!-- duration: 0ms -->
    <step title="Updating shutdown sentinel last write time" date="2025-07-16T00:10:05.031" SemaphoreCount="7" /><!-- duration: 16ms -->
    <step title="LockFile &apos;C:\home\site\locks\deployments.lock&apos; acquired" date="2025-07-16T00:10:05.047" /><!-- duration: 0ms -->
    <step title="Performing fetch based deployment" date="2025-07-16T00:10:05.062" >
      <step title="Creating temporary deployment" date="2025-07-16T00:10:05.062" /><!-- duration: 31ms -->
      <step title="Fetching changes." date="2025-07-16T00:10:05.172" /><!-- duration: 0ms -->
      <step title="Starting LocalZipHandler" date="2025-07-16T00:10:05.187" /><!-- duration: 0ms -->
      <step title="Starting LocalZipFetch" date="2025-07-16T00:10:05.203" /><!-- duration: 0ms -->
      <step title="Cleaning up temp folders from previous zip deployments and extracting pushed zip file C:\local\Temp\zipdeploy\lfk0hdpx.zip (15.49 MB) to C:\local\Temp\zipdeploy\extracted" date="2025-07-16T00:10:05.219" /><!-- duration: 0ms -->
      <step title="Cleaning up temp folders from previous zip deployments and extracting pushed zip file C:\local\Temp\zipdeploy\lfk0hdpx.zip (15.49 MB) to C:\local\Temp\zipdeploy\extracted" date="2025-07-16T00:10:05.234" >
        <step title="Renaming extractTargetDirectory(C:\local\Temp\zipdeploy\extracted) to tempDirectory(C:\local\Temp\zipdeploy\l0fzt5nr.sjj)" date="2025-07-16T00:10:05.234" /><!-- duration: 0ms -->
        <step title="Extracting 103 entries to C:\local\Temp\zipdeploy\extracted directory" date="2025-07-16T00:10:05.250" >
          <step title="Extracting to C:\local\Temp\zipdeploy\extracted\Microsoft.AspNetCore.Connections.Abstractions.dll ..." date="2025-07-16T00:10:05.250" /><!-- duration: 16ms -->
          <step title="Extracting to C:\local\Temp\zipdeploy\extracted\Microsoft.EntityFrameworkCore.Sqlite.dll ..." date="2025-07-16T00:10:05.265" /><!-- duration: 16ms -->
          <step title="Extracting to C:\local\Temp\zipdeploy\extracted\Microsoft.AspNetCore.Http.Connections.Client.dll ..." date="2025-07-16T00:10:05.281" /><!-- duration: 0ms -->
          <step title="Extracting to C:\local\Temp\zipdeploy\extracted\Microsoft.IdentityModel.Logging.dll ..." date="2025-07-16T00:10:05.297" /><!-- duration: 0ms -->
          <step title="Extracting to C:\local\Temp\zipdeploy\extracted\Microsoft.EntityFrameworkCore.dll ..." date="2025-07-16T00:10:05.297" /><!-- duration: 31ms -->
          <step title="Omitting extracting file traces ..." date="2025-07-16T00:10:05.344" /><!-- duration: 0ms -->
        </step><!-- duration: 578ms -->
      </step><!-- duration: 594ms -->
      <step title="None repository commit" date="2025-07-16T00:10:05.844" >
        <step title="Commit id: 751e97e93a9646c2b89fea437f013d54" date="2025-07-16T00:10:05.844" Message="OneDeploy" AuthorName="N/A" AuthorEmail="N/A" /><!-- duration: 0ms -->
      </step><!-- duration: 16ms -->
      <step title="Before sending BuildRequestReceived status to /api/updatedeploystatus" date="2025-07-16T00:10:05.859" /><!-- duration: 0ms -->
      <step title="DeploymentManager.Deploy(id:751e97e93a9646c2b89fea437f013d54)" date="2025-07-16T00:10:05.875" >
        <step title="Collecting changeset information" date="2025-07-16T00:10:05.890" /><!-- duration: 31ms -->
        <step title="Updating submodules" date="2025-07-16T00:10:05.937" >
          <step title="Updating submodules." date="2025-07-16T00:10:05.969" /><!-- duration: 16ms -->
        </step><!-- duration: 47ms -->
        <step title="Preparing deployment for commit id &apos;751e97e93a&apos;." date="2025-07-16T00:10:06.031" /><!-- duration: 16ms -->
        <step title="Determining deployment builder" date="2025-07-16T00:10:06.078" >
          <step title="Builder is OneDeployBuilder" date="2025-07-16T00:10:06.094" /><!-- duration: 0ms -->
        </step><!-- duration: 16ms -->
        <step title="Copying SSH keys" date="2025-07-16T00:10:06.125" /><!-- duration: 0ms -->
        <step title="Building" date="2025-07-16T00:10:06.140" >
          <step title="Running build. Project type: OneDeploy" date="2025-07-16T00:10:06.172" /><!-- duration: 16ms -->
          <step title="Copying the manifest" date="2025-07-16T00:10:06.234" /><!-- duration: 0ms -->
          <step title="Clean deploying to C:\home\site\wwwroot" date="2025-07-16T00:10:06.312" /><!-- duration: 0ms -->
          <step title="Generating deployment script." date="2025-07-16T00:10:06.360" /><!-- duration: 0ms -->
          <step title="Generating deployment script" date="2025-07-16T00:10:06.376" >
            <step title="Using cached version of the deployment script for command: -y --no-dot-deployment -r &quot;C:\local\Temp\zipdeploy\extracted&quot; -o &quot;C:\home\site\deployments\tools&quot; --basic --sitePath &quot;C:\local\Temp\zipdeploy\extracted&quot;" date="2025-07-16T00:10:06.408" /><!-- duration: 0ms -->
            <step title="Using cached version of deployment script (command: &apos;azure -y --no-dot-deployment -r &quot;C:\local\Temp\zipdeploy\extracted&quot; -o &quot;C:\home\site\deployments\tools&quot; --basic --sitePath &quot;C:\local\Temp\zipdeploy\extracted&quot;&apos;)." date="2025-07-16T00:10:06.439" /><!-- duration: 0ms -->
          </step><!-- duration: 79ms -->
          <step title="Running deployment command..." date="2025-07-16T00:10:06.501" /><!-- duration: 0ms -->
          <step title="Command: &quot;C:\home\site\deployments\tools\deploy.cmd&quot;" date="2025-07-16T00:10:06.517" /><!-- duration: 16ms -->
          <step title="Executing external process" date="2025-07-16T00:10:06.548" type="process" path="starter.cmd" arguments="&quot;C:\home\site\deployments\tools\deploy.cmd&quot;" >
            <step title="Handling Basic Web Site deployment." date="2025-07-16T00:10:06.657" /><!-- duration: 16ms -->
            <step title="Creating app_offline.htm" date="2025-07-16T00:10:09.841" /><!-- duration: 16ms -->
            <step title="KuduSync.NET from: &apos;C:\local\Temp\zipdeploy\extracted&apos; to: &apos;C:\home\site\wwwroot&apos;" date="2025-07-16T00:10:09.872" /><!-- duration: 0ms -->
            <step title="Deleting file: &apos;whiteboard.db-shm&apos;" date="2025-07-16T00:10:09.888" /><!-- duration: 0ms -->
            <step title="Deleting file: &apos;whiteboard.db-wal&apos;" date="2025-07-16T00:10:09.903" /><!-- duration: 0ms -->
            <step title="Copying file: &apos;Whiteboard&apos;" date="2025-07-16T00:10:09.919" /><!-- duration: 16ms -->
            <step title="Copying file: &apos;whiteboard.db&apos;" date="2025-07-16T00:10:09.950" /><!-- duration: 0ms -->
            <step title="Copying file: &apos;Whiteboard.deps.json&apos;" date="2025-07-16T00:10:09.966" /><!-- duration: 0ms -->
            <step title="Copying file: &apos;Whiteboard.dll&apos;" date="2025-07-16T00:10:09.982" /><!-- duration: 16ms -->
            <step title="Copying file: &apos;Whiteboard.pdb&apos;" date="2025-07-16T00:10:09.997" /><!-- duration: 16ms -->
            <step title="Copying file: &apos;Whiteboard.runtimeconfig.json&apos;" date="2025-07-16T00:10:10.028" /><!-- duration: 0ms -->
            <step title="Deleting app_offline.htm" date="2025-07-16T00:10:10.044" /><!-- duration: 0ms -->
            <step title="Finished successfully." date="2025-07-16T00:10:10.060" /><!-- duration: 0ms -->
          </step><!-- duration: 3527ms -->
          <step title="Build completed succesfully." date="2025-07-16T00:10:10.122" /><!-- duration: 0ms -->
          <step title="Running post deployment command(s)..." date="2025-07-16T00:10:10.169" /><!-- duration: 16ms -->
          <step title="Requesting site restart" date="2025-07-16T00:10:10.232" /><!-- duration: 0ms -->
          <step title="Requesting site restart" date="2025-07-16T00:10:10.247" /><!-- duration: 0ms -->
          <step title="Requesting site restart. Attempt #1" date="2025-07-16T00:10:10.294" /><!-- duration: 0ms -->
          <step title="Requesting site restart. Attempt #1" date="2025-07-16T00:10:10.310" /><!-- duration: 16ms -->
          <step title="Successfully requested a restart. Attempt #1" date="2025-07-16T00:10:10.513" /><!-- duration: 0ms -->
          <step title="Successfully requested a restart. Attempt #1" date="2025-07-16T00:10:10.528" /><!-- duration: 0ms -->
          <step title="Deployment successful. DEPLOYMENTINFO: deploymentPath = OneDeploy, deployer = OneDeploy, os = windows, sku = Free, siteName = Whiteboardv2-backend, siteHostName = whiteboardv2-backend-ckf7efgxbxbjg0ft.eastus-01.azurewebsites.net, deploymentStatus = Success" date="2025-07-16T00:10:10.575" /><!-- duration: 0ms -->
          <step title="Purge deployment items" date="2025-07-16T00:10:10.747" >
            <step title="Remove 5417a0855, Success, received at 7/13/2025 4:25:56 AM" date="2025-07-16T00:10:10.857" /><!-- duration: 0ms -->
          </step><!-- duration: 109ms -->
        </step><!-- duration: 4747ms -->
      </step><!-- duration: 5013ms -->
      <step title="Cleaning up temp files" date="2025-07-16T00:10:10.888" /><!-- duration: 16ms -->
      <step title="Skip function trigger and logicapp sync because function is not enabled." date="2025-07-16T00:10:10.903" /><!-- duration: 16ms -->
    </step><!-- duration: 5904ms -->
    <step title="LockFile &apos;C:\home\site\locks\deployments.lock&apos; released" date="2025-07-16T00:10:10.966" /><!-- duration: 16ms -->
    <step title="Deleting shutdown sentinel file" date="2025-07-16T00:10:10.982" SemaphoreCount="8" /><!-- duration: 31ms -->
  </step><!-- duration: 10299ms -->
  <step title="Outgoing response" date="2025-07-16T00:10:11.044" type="response" statusCode="200" statusText="OK" Server="Microsoft-IIS/10.0" x-ms-request-id="33c113d4-61d9-11f0-b3c3-7a5b12043ae0" Cache-Control="private" X-AspNet-Version="4.0.30319" /><!-- duration: 0ms -->
</step><!-- duration: 10471ms -->
