<step title="Incoming Request" date="2025-07-17T17:55:26.777" instance="46bc5b" url="/api/zipdeploy?author=ms-azuretools-vscode&amp;deployer=ms-azuretools-vscode&amp;isAsync=true&amp;trackDeploymentId=true" method="POST" type="request" pid="12148,2,49" Transfer-Encoding="chunked" Accept-Encoding="gzip,deflate" Accept-Language="en" Authorization="Bea..." Host="whiteboardv2-backend-ckf7efgxbxbjg0ft.scm.eastus-01.azurewebsites.net" User-Agent="vscode-azureappservice/0.26.2 core-rest-pipeline/1.20.0 Node/22.15.1 OS/(arm64-Darwin-24.5.0)" x-ms-correlation-request-id="da23a2e4-b5ba-4d42-8c73-6d05bf4bfb02" x-ms-client-request-id="9e5f0b16-fd26-476d-9ce9-221a81cff536" X-ARR-LOG-ID="9e5f0b16-fd26-476d-9ce9-221a81cff536" CLIENT-IP="192.74.128.132:31642" X-SITE-DEPLOYMENT-ID="Whiteboardv2-backend" WAS-DEFAULT-HOSTNAME="whiteboardv2-backend-ckf7efgxbxbjg0ft.scm.eastus-01.azurewebsites.net" X-Forwarded-Proto="https" X-AppService-Proto="https" X-Forwarded-TlsVersion="1.3" X-WAWS-Unencoded-URL="/api/zipdeploy?author=ms-azuretools-vscode&amp;deployer=ms-azuretools-vscode&amp;isAsync=true&amp;trackDeploymentId=true" >
  <step title="Cleanup Xml Logs" date="2025-07-17T17:55:26.777" /><!-- duration: 16ms -->
  <step title="ZipPushDeploy" date="2025-07-17T17:55:26.823" >
    <step title="ZipDeploy. Extract zip. " date="2025-07-17T17:55:26.839" /><!-- duration: 0ms -->
    <step title="Starting PushDeployAsync" date="2025-07-17T17:55:26.839" /><!-- duration: 16ms -->
    <step title="Updating shutdown sentinel last write time" date="2025-07-17T17:55:26.855" SemaphoreCount="7" /><!-- duration: 16ms -->
    <step title="LockFile &apos;C:\home\site\locks\deployments.lock&apos; acquired" date="2025-07-17T17:55:26.886" /><!-- duration: 16ms -->
    <step title="Saving request content to C:\local\Temp\zipdeploy\utdjh5v0.zip" date="2025-07-17T17:55:26.902" >
      <step title="Total 16,824,097 bytes written to C:\local\Temp\zipdeploy\utdjh5v0.zip" date="2025-07-17T17:55:28.465" /><!-- duration: 0ms -->
    </step><!-- duration: 1579ms -->
    <step title="LockFile &apos;C:\home\site\locks\deployments.lock&apos; released" date="2025-07-17T17:55:28.481" /><!-- duration: 0ms -->
    <step title="Deleting shutdown sentinel file" date="2025-07-17T17:55:28.497" SemaphoreCount="8" /><!-- duration: 16ms -->
    <step title="Starting FetchDeploy" date="2025-07-17T17:55:28.512" /><!-- duration: 0ms -->
    <step title="Start deployment in the background" date="2025-07-17T17:55:28.528" /><!-- duration: 78ms -->
  </step><!-- duration: 1783ms -->
  <step title="Outgoing response" date="2025-07-17T17:55:28.606" type="response" statusCode="202" statusText="Accepted" Server="Microsoft-IIS/10.0" x-ms-request-id="9e5f0b16-fd26-476d-9ce9-221a81cff536" Retry-After="30" Cache-Control="private" X-AspNet-Version="4.0.30319" Location="https://whiteboardv2-backend-ckf7efgxbxbjg0ft.scm.eastus-01.azurewebsites.net/api/deployments/latest?deployer=ms-azuretools-vscode&amp;time=2025-07-17_17-55-28Z" /><!-- duration: 16ms -->
</step><!-- duration: 1845ms -->
