<step title="Incoming Request" date="2025-07-16T03:15:55.846" instance="46bc5b" url="/api/zipdeploy?author=ms-azuretools-vscode&amp;deployer=ms-azuretools-vscode&amp;isAsync=true&amp;trackDeploymentId=true" method="POST" type="request" pid="2824,2,72" Transfer-Encoding="chunked" Accept-Encoding="gzip,deflate" Accept-Language="en" Authorization="Bea..." Host="whiteboardv2-backend-ckf7efgxbxbjg0ft.scm.eastus-01.azurewebsites.net" User-Agent="vscode-azureappservice/0.26.2 core-rest-pipeline/1.20.0 Node/22.15.1 OS/(arm64-Darwin-24.5.0)" x-ms-correlation-request-id="690275a1-0d8f-4fa8-8c7a-aef12d23b574" x-ms-client-request-id="43325d1c-69ce-4e01-b34a-1c13c1511cd1" X-ARR-LOG-ID="43325d1c-69ce-4e01-b34a-1c13c1511cd1" CLIENT-IP="67.2.17.107:53676" X-SITE-DEPLOYMENT-ID="Whiteboardv2-backend" WAS-DEFAULT-HOSTNAME="whiteboardv2-backend-ckf7efgxbxbjg0ft.scm.eastus-01.azurewebsites.net" X-Forwarded-Proto="https" X-AppService-Proto="https" X-Forwarded-TlsVersion="1.3" X-WAWS-Unencoded-URL="/api/zipdeploy?author=ms-azuretools-vscode&amp;deployer=ms-azuretools-vscode&amp;isAsync=true&amp;trackDeploymentId=true" >
  <step title="Cleanup Xml Logs" date="2025-07-16T03:15:55.846" /><!-- duration: 16ms -->
  <step title="ZipPushDeploy" date="2025-07-16T03:15:55.877" >
    <step title="ZipDeploy. Extract zip. " date="2025-07-16T03:15:55.877" /><!-- duration: 0ms -->
    <step title="Starting PushDeployAsync" date="2025-07-16T03:15:55.892" /><!-- duration: 0ms -->
    <step title="Updating shutdown sentinel last write time" date="2025-07-16T03:15:55.908" SemaphoreCount="7" /><!-- duration: 0ms -->
    <step title="LockFile &apos;C:\home\site\locks\deployments.lock&apos; acquired" date="2025-07-16T03:15:55.924" /><!-- duration: 0ms -->
    <step title="Saving request content to C:\local\Temp\zipdeploy\d3igvaor.zip" date="2025-07-16T03:15:55.939" >
      <step title="Total 16,829,006 bytes written to C:\local\Temp\zipdeploy\d3igvaor.zip" date="2025-07-16T03:15:59.900" /><!-- duration: 0ms -->
    </step><!-- duration: 3976ms -->
    <step title="LockFile &apos;C:\home\site\locks\deployments.lock&apos; released" date="2025-07-16T03:15:59.915" /><!-- duration: 0ms -->
    <step title="Deleting shutdown sentinel file" date="2025-07-16T03:15:59.931" SemaphoreCount="8" /><!-- duration: 0ms -->
    <step title="Starting FetchDeploy" date="2025-07-16T03:15:59.946" /><!-- duration: 0ms -->
    <step title="Start deployment in the background" date="2025-07-16T03:15:59.946" /><!-- duration: 78ms -->
  </step><!-- duration: 4148ms -->
  <step title="Outgoing response" date="2025-07-16T03:16:00.025" type="response" statusCode="202" statusText="Accepted" Server="Microsoft-IIS/10.0" x-ms-request-id="43325d1c-69ce-4e01-b34a-1c13c1511cd1" Retry-After="30" Cache-Control="private" X-AspNet-Version="4.0.30319" Location="https://whiteboardv2-backend-ckf7efgxbxbjg0ft.scm.eastus-01.azurewebsites.net/api/deployments/latest?deployer=ms-azuretools-vscode&amp;time=2025-07-16_03-16-00Z" /><!-- duration: 0ms -->
</step><!-- duration: 4195ms -->
