<step title="BackgroundTrace" date="2025-07-17T00:58:57.670" instance="46bc5b" url="/api/zipdeploy" method="POST" >
  <step title="Updating shutdown sentinel last write time" date="2025-07-17T00:58:57.670" SemaphoreCount="7" /><!-- duration: 16ms -->
  <step title="LockFile &apos;C:\home\site\locks\deployments.lock&apos; acquired" date="2025-07-17T00:58:57.686" /><!-- duration: 0ms -->
  <step title="Creating temporary deployment" date="2025-07-17T00:58:57.701" /><!-- duration: 47ms -->
  <step title="Performing fetch based deployment" date="2025-07-17T00:58:57.748" >
    <step title="Fetching changes." date="2025-07-17T00:58:57.795" /><!-- duration: 16ms -->
    <step title="Starting LocalZipHandler" date="2025-07-17T00:58:57.826" /><!-- duration: 0ms -->
    <step title="Cleaning up temp folders from previous zip deployments and extracting pushed zip file C:\local\Temp\zipdeploy\gl4f2lab.zip (15.76 MB) to C:\local\Temp\zipdeploy\extracted" date="2025-07-17T00:58:57.858" /><!-- duration: 0ms -->
    <step title="Cleaning up temp folders from previous zip deployments and extracting pushed zip file C:\local\Temp\zipdeploy\gl4f2lab.zip (15.76 MB) to C:\local\Temp\zipdeploy\extracted" date="2025-07-17T00:58:57.873" >
      <step title="Renaming extractTargetDirectory(C:\local\Temp\zipdeploy\extracted) to tempDirectory(C:\local\Temp\zipdeploy\mxkzcrd1.slp)" date="2025-07-17T00:58:57.873" /><!-- duration: 0ms -->
      <step title="Extracting 103 entries to C:\local\Temp\zipdeploy\extracted directory" date="2025-07-17T00:58:57.889" >
        <step title="Extracting to C:\local\Temp\zipdeploy\extracted\Microsoft.AspNetCore.Connections.Abstractions.dll ..." date="2025-07-17T00:58:57.889" /><!-- duration: 0ms -->
        <step title="Extracting to C:\local\Temp\zipdeploy\extracted\Microsoft.EntityFrameworkCore.Sqlite.dll ..." date="2025-07-17T00:58:57.904" /><!-- duration: 0ms -->
        <step title="Extracting to C:\local\Temp\zipdeploy\extracted\Microsoft.AspNetCore.Http.Connections.Client.dll ..." date="2025-07-17T00:58:57.920" /><!-- duration: 0ms -->
        <step title="Extracting to C:\local\Temp\zipdeploy\extracted\Microsoft.IdentityModel.Logging.dll ..." date="2025-07-17T00:58:57.920" /><!-- duration: 16ms -->
        <step title="Extracting to C:\local\Temp\zipdeploy\extracted\Microsoft.EntityFrameworkCore.dll ..." date="2025-07-17T00:58:57.936" /><!-- duration: 31ms -->
        <step title="Omitting extracting file traces ..." date="2025-07-17T00:58:57.967" /><!-- duration: 16ms -->
      </step><!-- duration: 547ms -->
    </step><!-- duration: 578ms -->
    <step title="Before sending BuildRequestReceived status to /api/updatedeploystatus" date="2025-07-17T00:58:58.451" /><!-- duration: 0ms -->
    <step title="DeploymentManager.Deploy(id:54090466b6b94b4aa3435e92e5e87445)" date="2025-07-17T00:58:58.467" >
      <step title="Collecting changeset information" date="2025-07-17T00:58:58.467" /><!-- duration: 47ms -->
      <step title="Updating submodules" date="2025-07-17T00:58:58.514" >
        <step title="Updating submodules." date="2025-07-17T00:58:58.561" /><!-- duration: 0ms -->
      </step><!-- duration: 62ms -->
      <step title="Preparing deployment for commit id &apos;54090466b6&apos;." date="2025-07-17T00:58:58.608" /><!-- duration: 16ms -->
      <step title="Determining deployment builder" date="2025-07-17T00:58:58.654" >
        <step title="Builder is BasicBuilder" date="2025-07-17T00:58:58.670" /><!-- duration: 0ms -->
      </step><!-- duration: 16ms -->
      <step title="Copying SSH keys" date="2025-07-17T00:58:58.701" /><!-- duration: 0ms -->
      <step title="Building" date="2025-07-17T00:58:58.701" >
        <step title="Generating deployment script." date="2025-07-17T00:58:58.748" /><!-- duration: 0ms -->
        <step title="Generating deployment script" date="2025-07-17T00:58:58.764" >
          <step title="Using cached version of the deployment script for command: -y --no-dot-deployment -r &quot;C:\local\Temp\zipdeploy\extracted&quot; -o &quot;C:\home\site\deployments\tools&quot; --basic --sitePath &quot;C:\local\Temp\zipdeploy\extracted&quot;" date="2025-07-17T00:58:58.779" /><!-- duration: 0ms -->
          <step title="Using cached version of deployment script (command: &apos;azure -y --no-dot-deployment -r &quot;C:\local\Temp\zipdeploy\extracted&quot; -o &quot;C:\home\site\deployments\tools&quot; --basic --sitePath &quot;C:\local\Temp\zipdeploy\extracted&quot;&apos;)." date="2025-07-17T00:58:58.795" /><!-- duration: 0ms -->
        </step><!-- duration: 31ms -->
        <step title="Running deployment command..." date="2025-07-17T00:58:58.842" /><!-- duration: 0ms -->
        <step title="Command: &quot;C:\home\site\deployments\tools\deploy.cmd&quot;" date="2025-07-17T00:58:58.858" /><!-- duration: 16ms -->
        <step title="Executing external process" date="2025-07-17T00:58:58.873" type="process" path="starter.cmd" arguments="&quot;C:\home\site\deployments\tools\deploy.cmd&quot;" >
          <step title="Handling Basic Web Site deployment." date="2025-07-17T00:58:58.983" /><!-- duration: 16ms -->
          <step title="Creating app_offline.htm" date="2025-07-17T00:59:01.632" /><!-- duration: 16ms -->
          <step title="KuduSync.NET from: &apos;C:\local\Temp\zipdeploy\extracted&apos; to: &apos;C:\home\site\wwwroot&apos;" date="2025-07-17T00:59:01.647" /><!-- duration: 16ms -->
          <step title="Copying file: &apos;appsettings.Development.json&apos;" date="2025-07-17T00:59:01.663" /><!-- duration: 16ms -->
          <step title="Copying file: &apos;appsettings.json&apos;" date="2025-07-17T00:59:01.679" /><!-- duration: 0ms -->
          <step title="Copying file: &apos;Whiteboard&apos;" date="2025-07-17T00:59:01.694" /><!-- duration: 0ms -->
          <step title="Copying file: &apos;whiteboard.db&apos;" date="2025-07-17T00:59:01.710" /><!-- duration: 0ms -->
          <step title="Copying file: &apos;Whiteboard.deps.json&apos;" date="2025-07-17T00:59:01.726" /><!-- duration: 0ms -->
          <step title="Copying file: &apos;Whiteboard.dll&apos;" date="2025-07-17T00:59:01.741" /><!-- duration: 0ms -->
          <step title="Copying file: &apos;Whiteboard.pdb&apos;" date="2025-07-17T00:59:01.757" /><!-- duration: 0ms -->
          <step title="Copying file: &apos;Whiteboard.runtimeconfig.json&apos;" date="2025-07-17T00:59:01.772" /><!-- duration: 0ms -->
          <step title="Deleting app_offline.htm" date="2025-07-17T00:59:01.788" /><!-- duration: 0ms -->
          <step title="Finished successfully." date="2025-07-17T00:59:01.788" /><!-- duration: 16ms -->
        </step><!-- duration: 2931ms -->
        <step title="Running post deployment command(s)..." date="2025-07-17T00:59:01.851" /><!-- duration: 0ms -->
        <step title="Triggering recycle (preview mode disabled)." date="2025-07-17T00:59:01.897" /><!-- duration: 16ms -->
        <step title="Ignoring FS watcher based recycle request as this is a classic Windows app." date="2025-07-17T00:59:01.913" /><!-- duration: 0ms -->
        <step title="Deployment successful. DEPLOYMENTINFO: deploymentPath = ZipDeploy. Extract zip. , deployer = ZipDeploy, os = windows, sku = Free, siteName = Whiteboardv2-backend, siteHostName = whiteboardv2-backend-ckf7efgxbxbjg0ft.eastus-01.azurewebsites.net, deploymentStatus = Success" date="2025-07-17T00:59:01.960" /><!-- duration: 16ms -->
        <step title="Purge deployment items" date="2025-07-17T00:59:02.085" >
          <step title="Remove e5013feaf, Success, received at 7/16/2025 12:42:46 AM" date="2025-07-17T00:59:02.210" /><!-- duration: 0ms -->
        </step><!-- duration: 141ms -->
      </step><!-- duration: 3540ms -->
    </step><!-- duration: 3790ms -->
    <step title="Cleaning up temp files" date="2025-07-17T00:59:02.257" /><!-- duration: 0ms -->
    <step title="Skip function trigger and logicapp sync because function is not enabled." date="2025-07-17T00:59:02.272" /><!-- duration: 0ms -->
  </step><!-- duration: 4571ms -->
  <step title="LockFile &apos;C:\home\site\locks\deployments.lock&apos; released" date="2025-07-17T00:59:02.335" /><!-- duration: 0ms -->
  <step title="Deleting shutdown sentinel file" date="2025-07-17T00:59:02.335" SemaphoreCount="8" /><!-- duration: 16ms -->
</step><!-- duration: 4681ms -->
