﻿<?xml version="1.0" encoding="utf-8"?>
<deployment>
  <id>545beeba0fa14f66bf4b70369e6bba54</id>
  <author>N/A</author>
  <deployer>ZipDeploy</deployer>
  <authorEmail>N/A</authorEmail>
  <message>Created via a push deployment</message>
  <progress></progress>
  <status>Success</status>
  <statusText></statusText>
  <lastSuccessEndTime>2025-07-17T00:50:44.6748874Z</lastSuccessEndTime>
  <receivedTime>2025-07-17T00:50:42.0498853Z</receivedTime>
  <startTime>2025-07-17T00:50:42.1905079Z</startTime>
  <endTime>2025-07-17T00:50:44.6748874Z</endTime>
  <complete>True</complete>
  <is_temp>False</is_temp>
  <is_readonly>True</is_readonly>
  <project_type>BASIC</project_type>
  <vsproject_id></vsproject_id>
</deployment>