﻿<?xml version="1.0" encoding="utf-8"?>
<deployment>
  <id>cc096fd3fa9b482aaba4cfa409946446</id>
  <author>ms-azuretools-vscode</author>
  <deployer>ms-azuretools-vscode</deployer>
  <authorEmail>N/A</authorEmail>
  <message>Created via a push deployment</message>
  <progress></progress>
  <status>Success</status>
  <statusText></statusText>
  <lastSuccessEndTime>2025-06-22T21:59:53.2448212Z</lastSuccessEndTime>
  <receivedTime>2025-06-22T21:59:52.7133108Z</receivedTime>
  <startTime>2025-06-22T21:59:52.7758185Z</startTime>
  <endTime>2025-06-22T21:59:53.2448212Z</endTime>
  <complete>True</complete>
  <is_temp>False</is_temp>
  <is_readonly>True</is_readonly>
  <project_type>BASIC</project_type>
  <vsproject_id></vsproject_id>
</deployment>