﻿<?xml version="1.0" encoding="utf-8"?>
<deployment>
  <id>a3209c72e8674c46ad58327c5a83c3c7</id>
  <author>N/A</author>
  <deployer>ZipDeploy</deployer>
  <authorEmail>N/A</authorEmail>
  <message>Created via a push deployment</message>
  <progress></progress>
  <status>Success</status>
  <statusText></statusText>
  <lastSuccessEndTime>2025-07-17T17:46:27.4092931Z</lastSuccessEndTime>
  <receivedTime>2025-07-17T17:46:23.2147666Z</receivedTime>
  <startTime>2025-07-17T17:46:23.3866418Z</startTime>
  <endTime>2025-07-17T17:46:27.4092931Z</endTime>
  <complete>True</complete>
  <is_temp>False</is_temp>
  <is_readonly>True</is_readonly>
  <project_type>BASIC</project_type>
  <vsproject_id></vsproject_id>
</deployment>