<step title="Incoming Request" date="2025-06-22T23:17:11.708" instance="46bc5b" url="/api/publish?type=zip" method="POST" type="request" pid="25284,2,26" Cache-Control="no-cache" Content-Length="16297355" Content-Type="application/octet-stream" Accept="*/*" Accept-Encoding="gzip, deflate" Authorization="Bas..." Host="whiteboardv2-backend-ckf7efgxbxbjg0ft.scm.eastus-01.azurewebsites.net" User-Agent="AZURECLI/2.73.0 (HOMEBREW)" x-ms-client-request-id="038909d2-4fbf-11f0-9283-7a5b12043ae0" X-ARR-LOG-ID="038909d2-4fbf-11f0-9283-7a5b12043ae0" CLIENT-IP="24.10.224.120:52754" X-SITE-DEPLOYMENT-ID="Whiteboardv2-backend" WAS-DEFAULT-HOSTNAME="whiteboardv2-backend-ckf7efgxbxbjg0ft.scm.eastus-01.azurewebsites.net" X-Forwarded-Proto="https" X-AppService-Proto="https" X-Forwarded-TlsVersion="1.3" X-WAWS-Unencoded-URL="/api/publish?type=zip" >
  <step title="Cleanup Xml Logs" date="2025-06-22T23:17:11.708" /><!-- duration: 0ms -->
  <step title="OneDeploy" date="2025-06-22T23:17:11.823" >
    <step title="Starting PushDeployAsync" date="2025-06-22T23:17:11.823" /><!-- duration: 0ms -->
    <step title="Updating shutdown sentinel last write time" date="2025-06-22T23:17:11.839" SemaphoreCount="7" /><!-- duration: 0ms -->
    <step title="LockFile &apos;C:\home\site\locks\deployments.lock&apos; acquired" date="2025-06-22T23:17:11.839" /><!-- duration: 16ms -->
    <step title="Saving request content to C:\local\Temp\zipdeploy\x34bts4g.zip" date="2025-06-22T23:17:11.855" >
      <step title="Total 16,297,355 bytes written to C:\local\Temp\zipdeploy\x34bts4g.zip" date="2025-06-22T23:17:15.858" /><!-- duration: 0ms -->
    </step><!-- duration: 4003ms -->
    <step title="LockFile &apos;C:\home\site\locks\deployments.lock&apos; released" date="2025-06-22T23:17:15.858" /><!-- duration: 0ms -->
    <step title="Deleting shutdown sentinel file" date="2025-06-22T23:17:15.858" SemaphoreCount="8" /><!-- duration: 16ms -->
    <step title="Starting FetchDeploy" date="2025-06-22T23:17:15.874" /><!-- duration: 0ms -->
    <step title="Attempting to fetch target branch HEAD" date="2025-06-22T23:17:15.874" /><!-- duration: 0ms -->
    <step title="Updating shutdown sentinel last write time" date="2025-06-22T23:17:15.874" SemaphoreCount="7" /><!-- duration: 0ms -->
    <step title="LockFile &apos;C:\home\site\locks\deployments.lock&apos; acquired" date="2025-06-22T23:17:15.889" /><!-- duration: 0ms -->
    <step title="Performing fetch based deployment" date="2025-06-22T23:17:15.889" >
      <step title="Creating temporary deployment" date="2025-06-22T23:17:15.889" /><!-- duration: 16ms -->
      <step title="Fetching changes." date="2025-06-22T23:17:15.921" /><!-- duration: 0ms -->
      <step title="Starting LocalZipHandler" date="2025-06-22T23:17:15.936" /><!-- duration: 0ms -->
      <step title="Starting LocalZipFetch" date="2025-06-22T23:17:15.936" /><!-- duration: 0ms -->
      <step title="Cleaning up temp folders from previous zip deployments and extracting pushed zip file C:\local\Temp\zipdeploy\x34bts4g.zip (15.54 MB) to C:\local\Temp\zipdeploy\extracted" date="2025-06-22T23:17:15.952" /><!-- duration: 0ms -->
      <step title="Cleaning up temp folders from previous zip deployments and extracting pushed zip file C:\local\Temp\zipdeploy\x34bts4g.zip (15.54 MB) to C:\local\Temp\zipdeploy\extracted" date="2025-06-22T23:17:15.952" >
        <step title="Renaming extractTargetDirectory(C:\local\Temp\zipdeploy\extracted) to tempDirectory(C:\local\Temp\zipdeploy\xys0mk2d.atm)" date="2025-06-22T23:17:15.952" /><!-- duration: 547ms -->
        <step title="Extracting 133 entries to C:\local\Temp\zipdeploy\extracted directory" date="2025-06-22T23:17:16.499" >
          <step title="Extracting to C:\local\Temp\zipdeploy\extracted\Microsoft.AspNetCore.Connections.Abstractions.dll ..." date="2025-06-22T23:17:16.499" /><!-- duration: 0ms -->
          <step title="Extracting to C:\local\Temp\zipdeploy\extracted\Microsoft.EntityFrameworkCore.Sqlite.dll ..." date="2025-06-22T23:17:16.499" /><!-- duration: 16ms -->
          <step title="Extracting to C:\local\Temp\zipdeploy\extracted\Microsoft.AspNetCore.Http.Connections.Client.dll ..." date="2025-06-22T23:17:16.514" /><!-- duration: 16ms -->
          <step title="Extracting to C:\local\Temp\zipdeploy\extracted\Microsoft.IdentityModel.Logging.dll ..." date="2025-06-22T23:17:16.530" /><!-- duration: 0ms -->
          <step title="Extracting to C:\local\Temp\zipdeploy\extracted\Microsoft.EntityFrameworkCore.dll ..." date="2025-06-22T23:17:16.530" /><!-- duration: 31ms -->
          <step title="Omitting extracting file traces ..." date="2025-06-22T23:17:16.561" /><!-- duration: 16ms -->
        </step><!-- duration: 563ms -->
      </step><!-- duration: 1109ms -->
      <step title="None repository commit" date="2025-06-22T23:17:17.061" >
        <step title="Commit id: 2558db7cc5334e3e916d4ade1882b2e1" date="2025-06-22T23:17:17.061" Message="OneDeploy" AuthorName="N/A" AuthorEmail="N/A" /><!-- duration: 0ms -->
      </step><!-- duration: 0ms -->
      <step title="Before sending BuildRequestReceived status to /api/updatedeploystatus" date="2025-06-22T23:17:17.061" /><!-- duration: 16ms -->
      <step title="DeploymentManager.Deploy(id:2558db7cc5334e3e916d4ade1882b2e1)" date="2025-06-22T23:17:17.077" >
        <step title="Collecting changeset information" date="2025-06-22T23:17:17.077" /><!-- duration: 16ms -->
        <step title="Updating submodules" date="2025-06-22T23:17:17.092" >
          <step title="Updating submodules." date="2025-06-22T23:17:17.108" /><!-- duration: 0ms -->
        </step><!-- duration: 31ms -->
        <step title="Preparing deployment for commit id &apos;2558db7cc5&apos;." date="2025-06-22T23:17:17.514" /><!-- duration: 0ms -->
        <step title="Determining deployment builder" date="2025-06-22T23:17:17.530" >
          <step title="Builder is OneDeployBuilder" date="2025-06-22T23:17:17.530" /><!-- duration: 0ms -->
        </step><!-- duration: 0ms -->
        <step title="Copying SSH keys" date="2025-06-22T23:17:17.546" /><!-- duration: 0ms -->
        <step title="Building" date="2025-06-22T23:17:17.546" >
          <step title="Running build. Project type: OneDeploy" date="2025-06-22T23:17:17.577" /><!-- duration: 0ms -->
          <step title="Copying the manifest" date="2025-06-22T23:17:17.608" /><!-- duration: 0ms -->
          <step title="Clean deploying to C:\home\site\wwwroot" date="2025-06-22T23:17:17.639" /><!-- duration: 0ms -->
          <step title="Generating deployment script." date="2025-06-22T23:17:17.671" /><!-- duration: 0ms -->
          <step title="Generating deployment script" date="2025-06-22T23:17:17.671" >
            <step title="Using cached version of the deployment script for command: -y --no-dot-deployment -r &quot;C:\local\Temp\zipdeploy\extracted&quot; -o &quot;C:\home\site\deployments\tools&quot; --basic --sitePath &quot;C:\local\Temp\zipdeploy\extracted&quot;" date="2025-06-22T23:17:17.686" /><!-- duration: 0ms -->
            <step title="Using cached version of deployment script (command: &apos;azure -y --no-dot-deployment -r &quot;C:\local\Temp\zipdeploy\extracted&quot; -o &quot;C:\home\site\deployments\tools&quot; --basic --sitePath &quot;C:\local\Temp\zipdeploy\extracted&quot;&apos;)." date="2025-06-22T23:17:17.702" /><!-- duration: 0ms -->
          </step><!-- duration: 31ms -->
          <step title="Running deployment command..." date="2025-06-22T23:17:17.733" /><!-- duration: 0ms -->
          <step title="Command: &quot;C:\home\site\deployments\tools\deploy.cmd&quot;" date="2025-06-22T23:17:17.733" /><!-- duration: 0ms -->
          <step title="Executing external process" date="2025-06-22T23:17:17.749" type="process" path="starter.cmd" arguments="&quot;C:\home\site\deployments\tools\deploy.cmd&quot;" >
            <step title="Handling Basic Web Site deployment." date="2025-06-22T23:17:17.842" /><!-- duration: 0ms -->
            <step title="Creating app_offline.htm" date="2025-06-22T23:17:18.014" /><!-- duration: 0ms -->
            <step title="KuduSync.NET from: &apos;C:\local\Temp\zipdeploy\extracted&apos; to: &apos;C:\home\site\wwwroot&apos;" date="2025-06-22T23:17:18.030" /><!-- duration: 0ms -->
            <step title="Copying file: &apos;whiteboard.db&apos;" date="2025-06-22T23:17:18.030" /><!-- duration: 0ms -->
            <step title="Deleting app_offline.htm" date="2025-06-22T23:17:18.046" /><!-- duration: 0ms -->
            <step title="Finished successfully." date="2025-06-22T23:17:18.046" /><!-- duration: 0ms -->
          </step><!-- duration: 297ms -->
          <step title="Build completed succesfully." date="2025-06-22T23:17:18.077" /><!-- duration: 0ms -->
          <step title="Running post deployment command(s)..." date="2025-06-22T23:17:18.092" /><!-- duration: 0ms -->
          <step title="Requesting site restart" date="2025-06-22T23:17:18.124" /><!-- duration: 0ms -->
          <step title="Requesting site restart" date="2025-06-22T23:17:18.124" /><!-- duration: 0ms -->
          <step title="Requesting site restart. Attempt #1" date="2025-06-22T23:17:18.155" /><!-- duration: 0ms -->
          <step title="Requesting site restart. Attempt #1" date="2025-06-22T23:17:18.171" /><!-- duration: 0ms -->
          <step title="Successfully requested a restart. Attempt #1" date="2025-06-22T23:17:18.311" /><!-- duration: 0ms -->
          <step title="Successfully requested a restart. Attempt #1" date="2025-06-22T23:17:18.327" /><!-- duration: 0ms -->
          <step title="Deployment successful. DEPLOYMENTINFO: deploymentPath = OneDeploy, deployer = OneDeploy, os = windows, sku = Free, siteName = Whiteboardv2-backend, siteHostName = whiteboardv2-backend-ckf7efgxbxbjg0ft.eastus-01.azurewebsites.net, deploymentStatus = Success" date="2025-06-22T23:17:18.342" /><!-- duration: 0ms -->
          <step title="Purge deployment items" date="2025-06-22T23:17:18.405" >
            <step title="Remove f973123b6, Success, received at 6/21/2025 5:09:49 AM" date="2025-06-22T23:17:18.436" /><!-- duration: 0ms -->
          </step><!-- duration: 31ms -->
        </step><!-- duration: 906ms -->
      </step><!-- duration: 1375ms -->
      <step title="Cleaning up temp files" date="2025-06-22T23:17:18.452" /><!-- duration: 0ms -->
      <step title="Skip function trigger and logicapp sync because function is not enabled." date="2025-06-22T23:17:18.452" /><!-- duration: 16ms -->
    </step><!-- duration: 2594ms -->
    <step title="LockFile &apos;C:\home\site\locks\deployments.lock&apos; released" date="2025-06-22T23:17:18.483" /><!-- duration: 0ms -->
    <step title="Deleting shutdown sentinel file" date="2025-06-22T23:17:18.499" SemaphoreCount="8" /><!-- duration: 0ms -->
  </step><!-- duration: 6675ms -->
  <step title="Outgoing response" date="2025-06-22T23:17:18.499" type="response" statusCode="200" statusText="OK" Server="Microsoft-IIS/10.0" x-ms-request-id="038909d2-4fbf-11f0-9283-7a5b12043ae0" Cache-Control="private" X-AspNet-Version="4.0.30319" /><!-- duration: 0ms -->
</step><!-- duration: 6806ms -->
