<step title="Incoming Request" date="2025-06-21T05:33:15.069" instance="46bc5b" url="/api/zipdeploy?author=ms-azuretools-vscode&amp;deployer=ms-azuretools-vscode&amp;isAsync=true&amp;trackDeploymentId=true" method="POST" type="request" pid="8720,2,8" Transfer-Encoding="chunked" Accept-Encoding="gzip,deflate" Accept-Language="en" Authorization="Bea..." Host="whiteboardv2-backend-ckf7efgxbxbjg0ft.scm.eastus-01.azurewebsites.net" User-Agent="vscode-azureappservice/0.26.2 core-rest-pipeline/1.20.0 Node/22.15.1 OS/(arm64-Darwin-24.5.0)" x-ms-correlation-request-id="415a0c34-17e1-4ab8-95fd-6b3bfec6570d" x-ms-client-request-id="8a5336b7-c0cc-4de3-a361-d67cd17a43fe" X-ARR-LOG-ID="8a5336b7-c0cc-4de3-a361-d67cd17a43fe" CLIENT-IP="67.2.17.107:61577" X-SITE-DEPLOYMENT-ID="Whiteboardv2-backend" WAS-DEFAULT-HOSTNAME="whiteboardv2-backend-ckf7efgxbxbjg0ft.scm.eastus-01.azurewebsites.net" X-Forwarded-Proto="https" X-AppService-Proto="https" X-Forwarded-TlsVersion="1.3" X-WAWS-Unencoded-URL="/api/zipdeploy?author=ms-azuretools-vscode&amp;deployer=ms-azuretools-vscode&amp;isAsync=true&amp;trackDeploymentId=true" >
  <step title="ZipPushDeploy" date="2025-06-21T05:33:15.225" >
    <step title="ZipDeploy. Extract zip. " date="2025-06-21T05:33:15.241" /><!-- duration: 0ms -->
    <step title="Starting PushDeployAsync" date="2025-06-21T05:33:15.256" /><!-- duration: 0ms -->
    <step title="Updating shutdown sentinel last write time" date="2025-06-21T05:33:15.303" SemaphoreCount="7" /><!-- duration: 0ms -->
    <step title="LockFile &apos;C:\home\site\locks\deployments.lock&apos; acquired" date="2025-06-21T05:33:15.303" /><!-- duration: 0ms -->
    <step title="Saving request content to C:\local\Temp\zipdeploy\wc2wylhh.zip" date="2025-06-21T05:33:15.303" >
      <step title="Total 16,585,127 bytes written to C:\local\Temp\zipdeploy\wc2wylhh.zip" date="2025-06-21T05:33:16.678" /><!-- duration: 0ms -->
    </step><!-- duration: 1375ms -->
    <step title="LockFile &apos;C:\home\site\locks\deployments.lock&apos; released" date="2025-06-21T05:33:16.678" /><!-- duration: 0ms -->
    <step title="Deleting shutdown sentinel file" date="2025-06-21T05:33:16.694" SemaphoreCount="8" /><!-- duration: 0ms -->
    <step title="Starting FetchDeploy" date="2025-06-21T05:33:16.694" /><!-- duration: 0ms -->
    <step title="Start deployment in the background" date="2025-06-21T05:33:16.694" /><!-- duration: 47ms -->
  </step><!-- duration: 1516ms -->
  <step title="Outgoing response" date="2025-06-21T05:33:16.756" type="response" statusCode="202" statusText="Accepted" Server="Microsoft-IIS/10.0" x-ms-request-id="8a5336b7-c0cc-4de3-a361-d67cd17a43fe" Retry-After="30" Cache-Control="private" X-AspNet-Version="4.0.30319" Location="https://whiteboardv2-backend-ckf7efgxbxbjg0ft.scm.eastus-01.azurewebsites.net/api/deployments/latest?deployer=ms-azuretools-vscode&amp;time=2025-06-21_05-33-16Z" /><!-- duration: 16ms -->
</step><!-- duration: 1703ms -->
