<step title="Incoming Request" date="2025-04-16T23:34:34.627" instance="b4a4b2" url="/api/zipdeploy?author=ms-azuretools-vscode&amp;deployer=ms-azuretools-vscode&amp;isAsync=true&amp;trackDeploymentId=true" method="POST" type="request" pid="17936,2,9" Transfer-Encoding="chunked" Accept-Encoding="gzip,deflate" Accept-Language="en" Authorization="Bea..." Host="whiteboardv2-backend-ckf7efgxbxbjg0ft.scm.eastus-01.azurewebsites.net" User-Agent="vscode-azureappservice/0.26.0 core-rest-pipeline/1.19.1 Node/20.18.3 OS/(arm64-Darwin-24.3.0)" x-ms-correlation-request-id="b110d710-163a-49e3-a527-e695f420031d" x-ms-client-request-id="6a8483d5-f8bf-4008-93ce-b50f0c313070" X-ARR-LOG-ID="6a8483d5-f8bf-4008-93ce-b50f0c313070" CLIENT-IP="24.10.224.120:59777" X-SITE-DEPLOYMENT-ID="Whiteboardv2-backend" WAS-DEFAULT-HOSTNAME="whiteboardv2-backend-ckf7efgxbxbjg0ft.scm.eastus-01.azurewebsites.net" X-Forwarded-Proto="https" X-AppService-Proto="https" X-Forwarded-TlsVersion="1.3" X-WAWS-Unencoded-URL="/api/zipdeploy?author=ms-azuretools-vscode&amp;deployer=ms-azuretools-vscode&amp;isAsync=true&amp;trackDeploymentId=true" >
  <step title="ZipPushDeploy" date="2025-04-16T23:34:34.752" >
    <step title="ZipDeploy. Extract zip. " date="2025-04-16T23:34:34.768" /><!-- duration: 0ms -->
    <step title="Starting PushDeployAsync" date="2025-04-16T23:34:34.783" /><!-- duration: 0ms -->
    <step title="Updating shutdown sentinel last write time" date="2025-04-16T23:34:34.799" SemaphoreCount="7" /><!-- duration: 0ms -->
    <step title="LockFile &apos;C:\home\site\locks\deployments.lock&apos; acquired" date="2025-04-16T23:34:34.799" /><!-- duration: 0ms -->
    <step title="Saving request content to C:\local\Temp\zipdeploy\0kke1fpz.zip" date="2025-04-16T23:34:34.814" >
      <step title="Writing 3,797,042 bytes to C:\local\Temp\zipdeploy\0kke1fpz.zip" date="2025-04-16T23:35:04.819" /><!-- duration: 0ms -->
      <step title="Writing 7,046,320 bytes to C:\local\Temp\zipdeploy\0kke1fpz.zip" date="2025-04-16T23:35:34.876" /><!-- duration: 0ms -->
      <step title="Writing 10,851,445 bytes to C:\local\Temp\zipdeploy\0kke1fpz.zip" date="2025-04-16T23:36:04.970" /><!-- duration: 16ms -->
      <step title="Writing 14,783,259 bytes to C:\local\Temp\zipdeploy\0kke1fpz.zip" date="2025-04-16T23:36:34.996" /><!-- duration: 16ms -->
      <step title="Total 16,585,127 bytes written to C:\local\Temp\zipdeploy\0kke1fpz.zip" date="2025-04-16T23:36:50.847" /><!-- duration: 16ms -->
    </step><!-- duration: 136049ms -->
    <step title="LockFile &apos;C:\home\site\locks\deployments.lock&apos; released" date="2025-04-16T23:36:50.863" /><!-- duration: 0ms -->
    <step title="Deleting shutdown sentinel file" date="2025-04-16T23:36:50.879" SemaphoreCount="8" /><!-- duration: 0ms -->
    <step title="Starting FetchDeploy" date="2025-04-16T23:36:50.879" /><!-- duration: 0ms -->
    <step title="Start deployment in the background" date="2025-04-16T23:36:50.894" /><!-- duration: 47ms -->
  </step><!-- duration: 136189ms -->
  <step title="Outgoing response" date="2025-04-16T23:36:50.957" type="response" statusCode="202" statusText="Accepted" Server="Microsoft-IIS/10.0" x-ms-request-id="6a8483d5-f8bf-4008-93ce-b50f0c313070" Retry-After="30" Cache-Control="private" X-AspNet-Version="4.0.30319" Location="https://whiteboardv2-backend-ckf7efgxbxbjg0ft.scm.eastus-01.azurewebsites.net/api/deployments/latest?deployer=ms-azuretools-vscode&amp;time=2025-04-16_23-36-50Z" /><!-- duration: 0ms -->
</step><!-- duration: 136330ms -->
