<step title="Incoming Request" date="2025-06-21T06:33:47.602" instance="46bc5b" url="/api/zipdeploy?author=ms-azuretools-vscode&amp;deployer=ms-azuretools-vscode&amp;isAsync=true&amp;trackDeploymentId=true" method="POST" type="request" pid="20720,2,9" Transfer-Encoding="chunked" Accept-Encoding="gzip,deflate" Accept-Language="en" Authorization="Bea..." Host="whiteboardv2-backend-ckf7efgxbxbjg0ft.scm.eastus-01.azurewebsites.net" User-Agent="vscode-azureappservice/0.26.2 core-rest-pipeline/1.20.0 Node/22.15.1 OS/(arm64-Darwin-24.5.0)" x-ms-correlation-request-id="53e49570-2723-4ef1-b9a2-b247034cebd6" x-ms-client-request-id="e4e43049-a144-4a3c-aa86-bfe1eab49ed4" X-ARR-LOG-ID="e4e43049-a144-4a3c-aa86-bfe1eab49ed4" CLIENT-IP="67.2.17.107:52158" X-SITE-DEPLOYMENT-ID="Whiteboardv2-backend" WAS-DEFAULT-HOSTNAME="whiteboardv2-backend-ckf7efgxbxbjg0ft.scm.eastus-01.azurewebsites.net" X-Forwarded-Proto="https" X-AppService-Proto="https" X-Forwarded-TlsVersion="1.3" X-WAWS-Unencoded-URL="/api/zipdeploy?author=ms-azuretools-vscode&amp;deployer=ms-azuretools-vscode&amp;isAsync=true&amp;trackDeploymentId=true" >
  <step title="ZipPushDeploy" date="2025-06-21T06:33:47.727" >
    <step title="ZipDeploy. Extract zip. " date="2025-06-21T06:33:47.743" /><!-- duration: 0ms -->
    <step title="Starting PushDeployAsync" date="2025-06-21T06:33:47.743" /><!-- duration: 0ms -->
    <step title="Updating shutdown sentinel last write time" date="2025-06-21T06:33:47.758" SemaphoreCount="7" /><!-- duration: 0ms -->
    <step title="LockFile &apos;C:\home\site\locks\deployments.lock&apos; acquired" date="2025-06-21T06:33:47.758" /><!-- duration: 0ms -->
    <step title="Saving request content to C:\local\Temp\zipdeploy\pdmnidos.zip" date="2025-06-21T06:33:47.774" >
      <step title="Total 16,585,127 bytes written to C:\local\Temp\zipdeploy\pdmnidos.zip" date="2025-06-21T06:33:49.619" /><!-- duration: 16ms -->
    </step><!-- duration: 1860ms -->
    <step title="LockFile &apos;C:\home\site\locks\deployments.lock&apos; released" date="2025-06-21T06:33:49.634" /><!-- duration: 0ms -->
    <step title="Deleting shutdown sentinel file" date="2025-06-21T06:33:49.634" SemaphoreCount="8" /><!-- duration: 0ms -->
    <step title="Starting FetchDeploy" date="2025-06-21T06:33:49.634" /><!-- duration: 16ms -->
    <step title="Start deployment in the background" date="2025-06-21T06:33:49.650" /><!-- duration: 31ms -->
  </step><!-- duration: 1954ms -->
  <step title="Outgoing response" date="2025-06-21T06:33:49.681" type="response" statusCode="202" statusText="Accepted" Server="Microsoft-IIS/10.0" x-ms-request-id="e4e43049-a144-4a3c-aa86-bfe1eab49ed4" Retry-After="30" Cache-Control="private" X-AspNet-Version="4.0.30319" Location="https://whiteboardv2-backend-ckf7efgxbxbjg0ft.scm.eastus-01.azurewebsites.net/api/deployments/latest?deployer=ms-azuretools-vscode&amp;time=2025-06-21_06-33-49Z" /><!-- duration: 16ms -->
</step><!-- duration: 2095ms -->
