<step title="Incoming Request" date="2025-06-22T21:48:37.982" instance="46bc5b" url="/api/zipdeploy?author=ms-azuretools-vscode&amp;deployer=ms-azuretools-vscode&amp;isAsync=true&amp;trackDeploymentId=true" method="POST" type="request" pid="11476,2,51" Transfer-Encoding="chunked" Accept-Encoding="gzip,deflate" Accept-Language="en" Authorization="Bea..." Host="whiteboardv2-backend-ckf7efgxbxbjg0ft.scm.eastus-01.azurewebsites.net" User-Agent="vscode-azureappservice/0.26.2 core-rest-pipeline/1.20.0 Node/22.15.1 OS/(arm64-Darwin-24.5.0)" x-ms-correlation-request-id="4d2251e2-e466-456d-8f6c-7b2c0bbe56ea" x-ms-client-request-id="cd8b798e-5542-4999-8c69-b8e2277a2476" X-ARR-LOG-ID="cd8b798e-5542-4999-8c69-b8e2277a2476" CLIENT-IP="67.2.17.107:60604" X-SITE-DEPLOYMENT-ID="Whiteboardv2-backend" WAS-DEFAULT-HOSTNAME="whiteboardv2-backend-ckf7efgxbxbjg0ft.scm.eastus-01.azurewebsites.net" X-Forwarded-Proto="https" X-AppService-Proto="https" X-Forwarded-TlsVersion="1.3" X-WAWS-Unencoded-URL="/api/zipdeploy?author=ms-azuretools-vscode&amp;deployer=ms-azuretools-vscode&amp;isAsync=true&amp;trackDeploymentId=true" >
  <step title="Cleanup Xml Logs" date="2025-06-22T21:48:37.982" /><!-- duration: 0ms -->
  <step title="ZipPushDeploy" date="2025-06-22T21:48:37.997" >
    <step title="ZipDeploy. Extract zip. " date="2025-06-22T21:48:38.013" /><!-- duration: 0ms -->
    <step title="Starting PushDeployAsync" date="2025-06-22T21:48:38.013" /><!-- duration: 0ms -->
    <step title="Updating shutdown sentinel last write time" date="2025-06-22T21:48:38.013" SemaphoreCount="7" /><!-- duration: 16ms -->
    <step title="LockFile &apos;C:\home\site\locks\deployments.lock&apos; acquired" date="2025-06-22T21:48:38.028" /><!-- duration: 0ms -->
    <step title="Saving request content to C:\local\Temp\zipdeploy\zw5eyaxq.zip" date="2025-06-22T21:48:38.028" >
      <step title="Total 16,585,127 bytes written to C:\local\Temp\zipdeploy\zw5eyaxq.zip" date="2025-06-22T21:48:40.341" /><!-- duration: 0ms -->
    </step><!-- duration: 2313ms -->
    <step title="LockFile &apos;C:\home\site\locks\deployments.lock&apos; released" date="2025-06-22T21:48:40.341" /><!-- duration: 0ms -->
    <step title="Deleting shutdown sentinel file" date="2025-06-22T21:48:40.341" SemaphoreCount="8" /><!-- duration: 16ms -->
    <step title="Starting FetchDeploy" date="2025-06-22T21:48:40.357" /><!-- duration: 0ms -->
    <step title="Start deployment in the background" date="2025-06-22T21:48:40.357" /><!-- duration: 31ms -->
  </step><!-- duration: 2391ms -->
  <step title="Outgoing response" date="2025-06-22T21:48:40.388" type="response" statusCode="202" statusText="Accepted" Server="Microsoft-IIS/10.0" x-ms-request-id="cd8b798e-5542-4999-8c69-b8e2277a2476" Retry-After="30" Cache-Control="private" X-AspNet-Version="4.0.30319" Location="https://whiteboardv2-backend-ckf7efgxbxbjg0ft.scm.eastus-01.azurewebsites.net/api/deployments/latest?deployer=ms-azuretools-vscode&amp;time=2025-06-22_21-48-40Z" /><!-- duration: 0ms -->
</step><!-- duration: 2406ms -->
