<step title="Incoming Request" date="2025-06-22T21:59:43.145" instance="46bc5b" url="/api/zipdeploy?author=ms-azuretools-vscode&amp;deployer=ms-azuretools-vscode&amp;isAsync=true&amp;trackDeploymentId=true" method="POST" type="request" pid="11476,2,55" Transfer-Encoding="chunked" Accept-Encoding="gzip,deflate" Accept-Language="en" Authorization="Bea..." Host="whiteboardv2-backend-ckf7efgxbxbjg0ft.scm.eastus-01.azurewebsites.net" User-Agent="vscode-azureappservice/0.26.2 core-rest-pipeline/1.20.0 Node/22.15.1 OS/(arm64-Darwin-24.5.0)" x-ms-correlation-request-id="c7c27d52-2a75-4c64-93e8-e3050bff5828" x-ms-client-request-id="899da7e0-08c3-4f25-8825-82af618716da" X-ARR-LOG-ID="899da7e0-08c3-4f25-8825-82af618716da" CLIENT-IP="67.2.17.107:61592" X-SITE-DEPLOYMENT-ID="Whiteboardv2-backend" WAS-DEFAULT-HOSTNAME="whiteboardv2-backend-ckf7efgxbxbjg0ft.scm.eastus-01.azurewebsites.net" X-Forwarded-Proto="https" X-AppService-Proto="https" X-Forwarded-TlsVersion="1.3" X-WAWS-Unencoded-URL="/api/zipdeploy?author=ms-azuretools-vscode&amp;deployer=ms-azuretools-vscode&amp;isAsync=true&amp;trackDeploymentId=true" >
  <step title="Cleanup Xml Logs" date="2025-06-22T21:59:43.145" /><!-- duration: 0ms -->
  <step title="ZipPushDeploy" date="2025-06-22T21:59:43.161" >
    <step title="ZipDeploy. Extract zip. " date="2025-06-22T21:59:43.161" /><!-- duration: 0ms -->
    <step title="Starting PushDeployAsync" date="2025-06-22T21:59:43.161" /><!-- duration: 0ms -->
    <step title="Updating shutdown sentinel last write time" date="2025-06-22T21:59:43.177" SemaphoreCount="7" /><!-- duration: 0ms -->
    <step title="LockFile &apos;C:\home\site\locks\deployments.lock&apos; acquired" date="2025-06-22T21:59:43.177" /><!-- duration: 0ms -->
    <step title="Saving request content to C:\local\Temp\zipdeploy\3b02ya4d.zip" date="2025-06-22T21:59:43.177" >
      <step title="Total 16,509,489 bytes written to C:\local\Temp\zipdeploy\3b02ya4d.zip" date="2025-06-22T21:59:52.041" /><!-- duration: 16ms -->
    </step><!-- duration: 8880ms -->
    <step title="LockFile &apos;C:\home\site\locks\deployments.lock&apos; released" date="2025-06-22T21:59:52.057" /><!-- duration: 0ms -->
    <step title="Deleting shutdown sentinel file" date="2025-06-22T21:59:52.057" SemaphoreCount="8" /><!-- duration: 16ms -->
    <step title="Starting FetchDeploy" date="2025-06-22T21:59:52.072" /><!-- duration: 0ms -->
    <step title="Start deployment in the background" date="2025-06-22T21:59:52.072" /><!-- duration: 31ms -->
  </step><!-- duration: 8943ms -->
  <step title="Outgoing response" date="2025-06-22T21:59:52.103" type="response" statusCode="202" statusText="Accepted" Server="Microsoft-IIS/10.0" x-ms-request-id="899da7e0-08c3-4f25-8825-82af618716da" Retry-After="30" Cache-Control="private" X-AspNet-Version="4.0.30319" Location="https://whiteboardv2-backend-ckf7efgxbxbjg0ft.scm.eastus-01.azurewebsites.net/api/deployments/latest?deployer=ms-azuretools-vscode&amp;time=2025-06-22_21-59-52Z" /><!-- duration: 0ms -->
</step><!-- duration: 8958ms -->
