<step title="Incoming Request" date="2025-06-22T21:53:52.268" instance="46bc5b" url="/api/zipdeploy?author=ms-azuretools-vscode&amp;deployer=ms-azuretools-vscode&amp;isAsync=true&amp;trackDeploymentId=true" method="POST" type="request" pid="11476,2,29" Transfer-Encoding="chunked" Accept-Encoding="gzip,deflate" Accept-Language="en" Authorization="Bea..." Host="whiteboardv2-backend-ckf7efgxbxbjg0ft.scm.eastus-01.azurewebsites.net" User-Agent="vscode-azureappservice/0.26.2 core-rest-pipeline/1.20.0 Node/22.15.1 OS/(arm64-Darwin-24.5.0)" x-ms-correlation-request-id="9a00edf1-ef18-4784-bd15-3811902de44d" x-ms-client-request-id="1ea5a6bc-2b48-4af4-9d4f-634bb88e5fc1" X-ARR-LOG-ID="1ea5a6bc-2b48-4af4-9d4f-634bb88e5fc1" CLIENT-IP="67.2.17.107:60906" X-SITE-DEPLOYMENT-ID="Whiteboardv2-backend" WAS-DEFAULT-HOSTNAME="whiteboardv2-backend-ckf7efgxbxbjg0ft.scm.eastus-01.azurewebsites.net" X-Forwarded-Proto="https" X-AppService-Proto="https" X-Forwarded-TlsVersion="1.3" X-WAWS-Unencoded-URL="/api/zipdeploy?author=ms-azuretools-vscode&amp;deployer=ms-azuretools-vscode&amp;isAsync=true&amp;trackDeploymentId=true" >
  <step title="Cleanup Xml Logs" date="2025-06-22T21:53:52.268" /><!-- duration: 16ms -->
  <step title="ZipPushDeploy" date="2025-06-22T21:53:52.299" >
    <step title="ZipDeploy. Extract zip. " date="2025-06-22T21:53:52.299" /><!-- duration: 0ms -->
    <step title="Starting PushDeployAsync" date="2025-06-22T21:53:52.315" /><!-- duration: 0ms -->
    <step title="Updating shutdown sentinel last write time" date="2025-06-22T21:53:52.331" SemaphoreCount="7" /><!-- duration: 0ms -->
    <step title="LockFile &apos;C:\home\site\locks\deployments.lock&apos; acquired" date="2025-06-22T21:53:52.331" /><!-- duration: 0ms -->
    <step title="Saving request content to C:\local\Temp\zipdeploy\xqlh3cnk.zip" date="2025-06-22T21:53:52.331" >
      <step title="Total 16,509,489 bytes written to C:\local\Temp\zipdeploy\xqlh3cnk.zip" date="2025-06-22T21:53:54.816" /><!-- duration: 0ms -->
    </step><!-- duration: 2501ms -->
    <step title="LockFile &apos;C:\home\site\locks\deployments.lock&apos; released" date="2025-06-22T21:53:54.832" /><!-- duration: 0ms -->
    <step title="Deleting shutdown sentinel file" date="2025-06-22T21:53:54.832" SemaphoreCount="8" /><!-- duration: 16ms -->
    <step title="Starting FetchDeploy" date="2025-06-22T21:53:54.848" /><!-- duration: 0ms -->
    <step title="Start deployment in the background" date="2025-06-22T21:53:54.848" /><!-- duration: 31ms -->
  </step><!-- duration: 2579ms -->
  <step title="Outgoing response" date="2025-06-22T21:53:54.879" type="response" statusCode="202" statusText="Accepted" Server="Microsoft-IIS/10.0" x-ms-request-id="1ea5a6bc-2b48-4af4-9d4f-634bb88e5fc1" Retry-After="30" Cache-Control="private" X-AspNet-Version="4.0.30319" Location="https://whiteboardv2-backend-ckf7efgxbxbjg0ft.scm.eastus-01.azurewebsites.net/api/deployments/latest?deployer=ms-azuretools-vscode&amp;time=2025-06-22_21-53-54Z" /><!-- duration: 0ms -->
</step><!-- duration: 2611ms -->
