<step title="BackgroundTrace" date="2025-04-16T23:36:50.894" instance="b4a4b2" url="/api/zipdeploy" method="POST" >
  <step title="Cleanup Xml Logs" date="2025-04-16T23:36:50.894" /><!-- duration: 0ms -->
  <step title="Updating shutdown sentinel last write time" date="2025-04-16T23:36:50.910" SemaphoreCount="7" /><!-- duration: 0ms -->
  <step title="LockFile &apos;C:\home\site\locks\deployments.lock&apos; acquired" date="2025-04-16T23:36:50.910" /><!-- duration: 0ms -->
  <step title="Creating temporary deployment" date="2025-04-16T23:36:50.926" /><!-- duration: 16ms -->
  <step title="Performing fetch based deployment" date="2025-04-16T23:36:50.941" >
    <step title="Fetching changes." date="2025-04-16T23:36:50.988" /><!-- duration: 16ms -->
    <step title="Starting LocalZipHandler" date="2025-04-16T23:36:51.004" /><!-- duration: 0ms -->
    <step title="Cleaning up temp folders from previous zip deployments and extracting pushed zip file C:\local\Temp\zipdeploy\0kke1fpz.zip (15.82 MB) to C:\local\Temp\zipdeploy\extracted" date="2025-04-16T23:36:51.019" /><!-- duration: 0ms -->
    <step title="Cleaning up temp folders from previous zip deployments and extracting pushed zip file C:\local\Temp\zipdeploy\0kke1fpz.zip (15.82 MB) to C:\local\Temp\zipdeploy\extracted" date="2025-04-16T23:36:51.035" >
      <step title="Renaming extractTargetDirectory(C:\local\Temp\zipdeploy\extracted) to tempDirectory(C:\local\Temp\zipdeploy\af1uj31p.25n)" date="2025-04-16T23:36:51.035" /><!-- duration: 378ms -->
      <step title="Extracting 58 entries to C:\local\Temp\zipdeploy\extracted directory" date="2025-04-16T23:36:51.428" >
        <step title="Extracting to C:\local\Temp\zipdeploy\extracted\appsettings.json ..." date="2025-04-16T23:36:51.428" /><!-- duration: 0ms -->
        <step title="Extracting to C:\local\Temp\zipdeploy\extracted\Swashbuckle.AspNetCore.SwaggerUI.dll ..." date="2025-04-16T23:36:51.444" /><!-- duration: 31ms -->
        <step title="Extracting to C:\local\Temp\zipdeploy\extracted\whiteboard.db ..." date="2025-04-16T23:36:51.475" /><!-- duration: 0ms -->
        <step title="Extracting to C:\local\Temp\zipdeploy\extracted\Microsoft.Extensions.Options.dll ..." date="2025-04-16T23:36:51.475" /><!-- duration: 16ms -->
        <step title="Extracting to C:\local\Temp\zipdeploy\extracted\Whiteboard.runtimeconfig.json ..." date="2025-04-16T23:36:51.491" /><!-- duration: 0ms -->
        <step title="Omitting extracting file traces ..." date="2025-04-16T23:36:51.491" /><!-- duration: 31ms -->
        <step title="Extracting to C:\local\Temp\zipdeploy\extracted\runtimes\linux-arm64\native\libe_sqlite3.so ..." date="2025-04-16T23:36:51.866" /><!-- duration: 31ms -->
        <step title="Extracting to C:\local\Temp\zipdeploy\extracted\runtimes\linux-arm\native\libe_sqlite3.so ..." date="2025-04-16T23:36:51.897" /><!-- duration: 16ms -->
        <step title="Extracting to C:\local\Temp\zipdeploy\extracted\runtimes\osx-x64\native\libe_sqlite3.dylib ..." date="2025-04-16T23:36:51.913" /><!-- duration: 16ms -->
        <step title="Extracting to C:\local\Temp\zipdeploy\extracted\runtimes\win-arm\native\e_sqlite3.dll ..." date="2025-04-16T23:36:51.944" /><!-- duration: 16ms -->
        <step title="Extracting to C:\local\Temp\zipdeploy\extracted\runtimes\maccatalyst-x64\native\libe_sqlite3.dylib ..." date="2025-04-16T23:36:51.960" /><!-- duration: 16ms -->
      </step><!-- duration: 562ms -->
    </step><!-- duration: 956ms -->
    <step title="Before sending BuildRequestReceived status to /api/updatedeploystatus" date="2025-04-16T23:36:51.991" /><!-- duration: 0ms -->
    <step title="DeploymentManager.Deploy(id:0a523fd03cf0494aaa705e0c0af6eea4)" date="2025-04-16T23:36:52.007" >
      <step title="Collecting changeset information" date="2025-04-16T23:36:52.007" /><!-- duration: 31ms -->
      <step title="Updating submodules" date="2025-04-16T23:36:52.038" >
        <step title="Updating submodules." date="2025-04-16T23:36:52.069" /><!-- duration: 0ms -->
      </step><!-- duration: 31ms -->
      <step title="Preparing deployment for commit id &apos;0a523fd03c&apos;." date="2025-04-16T23:36:52.100" /><!-- duration: 16ms -->
      <step title="Determining deployment builder" date="2025-04-16T23:36:52.178" >
        <step title="Builder is BasicBuilder" date="2025-04-16T23:36:52.178" /><!-- duration: 16ms -->
      </step><!-- duration: 16ms -->
      <step title="Copying SSH keys" date="2025-04-16T23:36:52.210" /><!-- duration: 0ms -->
      <step title="Building" date="2025-04-16T23:36:52.210" >
        <step title="Generating deployment script." date="2025-04-16T23:36:52.241" /><!-- duration: 0ms -->
        <step title="Generating deployment script" date="2025-04-16T23:36:52.257" >
          <step title="Using cached version of the deployment script for command: -y --no-dot-deployment -r &quot;C:\local\Temp\zipdeploy\extracted&quot; -o &quot;C:\home\site\deployments\tools&quot; --basic --sitePath &quot;C:\local\Temp\zipdeploy\extracted&quot;" date="2025-04-16T23:36:52.272" /><!-- duration: 0ms -->
          <step title="Using cached version of deployment script (command: &apos;azure -y --no-dot-deployment -r &quot;C:\local\Temp\zipdeploy\extracted&quot; -o &quot;C:\home\site\deployments\tools&quot; --basic --sitePath &quot;C:\local\Temp\zipdeploy\extracted&quot;&apos;)." date="2025-04-16T23:36:52.288" /><!-- duration: 0ms -->
        </step><!-- duration: 31ms -->
        <step title="Running deployment command..." date="2025-04-16T23:36:52.319" /><!-- duration: 0ms -->
        <step title="Command: &quot;C:\home\site\deployments\tools\deploy.cmd&quot;" date="2025-04-16T23:36:52.335" /><!-- duration: 0ms -->
        <step title="Executing external process" date="2025-04-16T23:36:52.350" type="process" path="starter.cmd" arguments="&quot;C:\home\site\deployments\tools\deploy.cmd&quot;" >
          <step title="Handling Basic Web Site deployment." date="2025-04-16T23:36:52.475" /><!-- duration: 0ms -->
          <step title="Creating app_offline.htm" date="2025-04-16T23:36:52.694" /><!-- duration: 0ms -->
          <step title="KuduSync.NET from: &apos;C:\local\Temp\zipdeploy\extracted&apos; to: &apos;C:\home\site\wwwroot&apos;" date="2025-04-16T23:36:52.694" /><!-- duration: 0ms -->
          <step title="Copying file: &apos;whiteboard.db&apos;" date="2025-04-16T23:36:52.710" /><!-- duration: 0ms -->
          <step title="Deleting app_offline.htm" date="2025-04-16T23:36:52.725" /><!-- duration: 0ms -->
          <step title="Finished successfully." date="2025-04-16T23:36:52.725" /><!-- duration: 16ms -->
        </step><!-- duration: 391ms -->
        <step title="Running post deployment command(s)..." date="2025-04-16T23:36:52.772" /><!-- duration: 0ms -->
        <step title="Triggering recycle (preview mode disabled)." date="2025-04-16T23:36:52.804" /><!-- duration: 0ms -->
        <step title="Ignoring FS watcher based recycle request as this is a classic Windows app." date="2025-04-16T23:36:52.819" /><!-- duration: 0ms -->
        <step title="Deployment successful. DEPLOYMENTINFO: deploymentPath = ZipDeploy. Extract zip. , deployer = ms-azuretools-vscode, os = windows, sku = Free, siteName = Whiteboardv2-backend, siteHostName = whiteboardv2-backend-ckf7efgxbxbjg0ft.eastus-01.azurewebsites.net, deploymentStatus = Success" date="2025-04-16T23:36:52.850" /><!-- duration: 0ms -->
      </step><!-- duration: 703ms -->
    </step><!-- duration: 922ms -->
    <step title="Cleaning up temp files" date="2025-04-16T23:36:52.929" /><!-- duration: 0ms -->
    <step title="Skip function trigger and logicapp sync because function is not enabled." date="2025-04-16T23:36:52.944" /><!-- duration: 0ms -->
  </step><!-- duration: 2034ms -->
  <step title="LockFile &apos;C:\home\site\locks\deployments.lock&apos; released" date="2025-04-16T23:36:52.975" /><!-- duration: 0ms -->
  <step title="Deleting shutdown sentinel file" date="2025-04-16T23:36:52.991" SemaphoreCount="8" /><!-- duration: 0ms -->
</step><!-- duration: 2097ms -->
