<step title="BackgroundTrace" date="2025-06-22T21:59:52.072" instance="46bc5b" url="/api/zipdeploy" method="POST" >
  <step title="Updating shutdown sentinel last write time" date="2025-06-22T21:59:52.072" SemaphoreCount="7" /><!-- duration: 16ms -->
  <step title="LockFile &apos;C:\home\site\locks\deployments.lock&apos; acquired" date="2025-06-22T21:59:52.088" /><!-- duration: 0ms -->
  <step title="Creating temporary deployment" date="2025-06-22T21:59:52.088" /><!-- duration: 16ms -->
  <step title="Performing fetch based deployment" date="2025-06-22T21:59:52.103" >
    <step title="Fetching changes." date="2025-06-22T21:59:52.119" /><!-- duration: 16ms -->
    <step title="Starting LocalZipHandler" date="2025-06-22T21:59:52.135" /><!-- duration: 0ms -->
    <step title="Cleaning up temp folders from previous zip deployments and extracting pushed zip file C:\local\Temp\zipdeploy\3b02ya4d.zip (15.74 MB) to C:\local\Temp\zipdeploy\extracted" date="2025-06-22T21:59:52.150" /><!-- duration: 0ms -->
    <step title="Cleaning up temp folders from previous zip deployments and extracting pushed zip file C:\local\Temp\zipdeploy\3b02ya4d.zip (15.74 MB) to C:\local\Temp\zipdeploy\extracted" date="2025-06-22T21:59:52.150" >
      <step title="Renaming extractTargetDirectory(C:\local\Temp\zipdeploy\extracted) to tempDirectory(C:\local\Temp\zipdeploy\sv2fo0mw.5ae)" date="2025-06-22T21:59:52.150" /><!-- duration: 0ms -->
      <step title="Extracting 66 entries to C:\local\Temp\zipdeploy\extracted directory" date="2025-06-22T21:59:52.166" >
        <step title="Extracting to C:\local\Temp\zipdeploy\extracted\Swashbuckle.AspNetCore.Swagger.dll ..." date="2025-06-22T21:59:52.166" /><!-- duration: 0ms -->
        <step title="Extracting to C:\local\Temp\zipdeploy\extracted\Microsoft.Data.Sqlite.dll ..." date="2025-06-22T21:59:52.166" /><!-- duration: 0ms -->
        <step title="Extracting to C:\local\Temp\zipdeploy\extracted\Microsoft.AspNetCore.SignalR.Client.Core.dll ..." date="2025-06-22T21:59:52.166" /><!-- duration: 16ms -->
        <step title="Extracting to C:\local\Temp\zipdeploy\extracted\Microsoft.Extensions.DependencyInjection.Abstractions.dll ..." date="2025-06-22T21:59:52.182" /><!-- duration: 0ms -->
        <step title="Extracting to C:\local\Temp\zipdeploy\extracted\appsettings.Development.json ..." date="2025-06-22T21:59:52.182" /><!-- duration: 0ms -->
        <step title="Omitting extracting file traces ..." date="2025-06-22T21:59:52.182" /><!-- duration: 16ms -->
        <step title="Extracting to C:\local\Temp\zipdeploy\extracted\runtimes\osx-x64\native\libe_sqlite3.dylib ..." date="2025-06-22T21:59:52.588" /><!-- duration: 16ms -->
        <step title="Extracting to C:\local\Temp\zipdeploy\extracted\runtimes\linux-arm64\native\libe_sqlite3.so ..." date="2025-06-22T21:59:52.619" /><!-- duration: 16ms -->
        <step title="Extracting to C:\local\Temp\zipdeploy\extracted\runtimes\linux-arm\native\libe_sqlite3.so ..." date="2025-06-22T21:59:52.635" /><!-- duration: 16ms -->
        <step title="Extracting to C:\local\Temp\zipdeploy\extracted\runtimes\win-arm\native\e_sqlite3.dll ..." date="2025-06-22T21:59:52.650" /><!-- duration: 16ms -->
        <step title="Extracting to C:\local\Temp\zipdeploy\extracted\runtimes\maccatalyst-x64\native\libe_sqlite3.dylib ..." date="2025-06-22T21:59:52.666" /><!-- duration: 31ms -->
      </step><!-- duration: 531ms -->
    </step><!-- duration: 547ms -->
    <step title="Before sending BuildRequestReceived status to /api/updatedeploystatus" date="2025-06-22T21:59:52.697" /><!-- duration: 0ms -->
    <step title="DeploymentManager.Deploy(id:cc096fd3fa9b482aaba4cfa409946446)" date="2025-06-22T21:59:52.697" >
      <step title="Collecting changeset information" date="2025-06-22T21:59:52.697" /><!-- duration: 31ms -->
      <step title="Updating submodules" date="2025-06-22T21:59:52.728" >
        <step title="Updating submodules." date="2025-06-22T21:59:52.744" /><!-- duration: 0ms -->
      </step><!-- duration: 16ms -->
      <step title="Preparing deployment for commit id &apos;cc096fd3fa&apos;." date="2025-06-22T21:59:52.760" /><!-- duration: 0ms -->
      <step title="Determining deployment builder" date="2025-06-22T21:59:52.775" >
        <step title="Builder is BasicBuilder" date="2025-06-22T21:59:52.775" /><!-- duration: 16ms -->
      </step><!-- duration: 16ms -->
      <step title="Copying SSH keys" date="2025-06-22T21:59:52.791" /><!-- duration: 0ms -->
      <step title="Building" date="2025-06-22T21:59:52.791" >
        <step title="Generating deployment script." date="2025-06-22T21:59:52.822" /><!-- duration: 0ms -->
        <step title="Generating deployment script" date="2025-06-22T21:59:52.822" >
          <step title="Using cached version of the deployment script for command: -y --no-dot-deployment -r &quot;C:\local\Temp\zipdeploy\extracted&quot; -o &quot;C:\home\site\deployments\tools&quot; --basic --sitePath &quot;C:\local\Temp\zipdeploy\extracted&quot;" date="2025-06-22T21:59:52.838" /><!-- duration: 0ms -->
          <step title="Using cached version of deployment script (command: &apos;azure -y --no-dot-deployment -r &quot;C:\local\Temp\zipdeploy\extracted&quot; -o &quot;C:\home\site\deployments\tools&quot; --basic --sitePath &quot;C:\local\Temp\zipdeploy\extracted&quot;&apos;)." date="2025-06-22T21:59:52.838" /><!-- duration: 0ms -->
        </step><!-- duration: 16ms -->
        <step title="Running deployment command..." date="2025-06-22T21:59:52.853" /><!-- duration: 0ms -->
        <step title="Command: &quot;C:\home\site\deployments\tools\deploy.cmd&quot;" date="2025-06-22T21:59:52.869" /><!-- duration: 0ms -->
        <step title="Executing external process" date="2025-06-22T21:59:52.869" type="process" path="starter.cmd" arguments="&quot;C:\home\site\deployments\tools\deploy.cmd&quot;" >
          <step title="Handling Basic Web Site deployment." date="2025-06-22T21:59:52.963" /><!-- duration: 16ms -->
          <step title="Creating app_offline.htm" date="2025-06-22T21:59:53.150" /><!-- duration: 0ms -->
          <step title="KuduSync.NET from: &apos;C:\local\Temp\zipdeploy\extracted&apos; to: &apos;C:\home\site\wwwroot&apos;" date="2025-06-22T21:59:53.150" /><!-- duration: 0ms -->
          <step title="Deleting app_offline.htm" date="2025-06-22T21:59:53.166" /><!-- duration: 0ms -->
          <step title="Finished successfully." date="2025-06-22T21:59:53.166" /><!-- duration: 0ms -->
        </step><!-- duration: 297ms -->
        <step title="Running post deployment command(s)..." date="2025-06-22T21:59:53.182" /><!-- duration: 0ms -->
        <step title="Triggering recycle (preview mode disabled)." date="2025-06-22T21:59:53.213" /><!-- duration: 0ms -->
        <step title="Ignoring FS watcher based recycle request as this is a classic Windows app." date="2025-06-22T21:59:53.213" /><!-- duration: 0ms -->
        <step title="Deployment successful. DEPLOYMENTINFO: deploymentPath = ZipDeploy. Extract zip. , deployer = ms-azuretools-vscode, os = windows, sku = Free, siteName = Whiteboardv2-backend, siteHostName = whiteboardv2-backend-ckf7efgxbxbjg0ft.eastus-01.azurewebsites.net, deploymentStatus = Success" date="2025-06-22T21:59:53.229" /><!-- duration: 0ms -->
        <step title="Purge deployment items" date="2025-06-22T21:59:53.276" >
          <step title="Remove 77aece3f5, Success, received at 4/16/2025 10:03:45 PM" date="2025-06-22T21:59:53.291" /><!-- duration: 0ms -->
        </step><!-- duration: 31ms -->
      </step><!-- duration: 516ms -->
    </step><!-- duration: 610ms -->
    <step title="Cleaning up temp files" date="2025-06-22T21:59:53.307" /><!-- duration: 16ms -->
    <step title="Skip function trigger and logicapp sync because function is not enabled." date="2025-06-22T21:59:53.322" /><!-- duration: 0ms -->
  </step><!-- duration: 1235ms -->
  <step title="LockFile &apos;C:\home\site\locks\deployments.lock&apos; released" date="2025-06-22T21:59:53.338" /><!-- duration: 0ms -->
  <step title="Deleting shutdown sentinel file" date="2025-06-22T21:59:53.338" SemaphoreCount="8" /><!-- duration: 16ms -->
</step><!-- duration: 1282ms -->
