<step title="BackgroundTrace" date="2025-04-16T22:03:44.667" instance="b4a4b2" url="/api/zipdeploy" method="POST" >
  <step title="Cleanup Xml Logs" date="2025-04-16T22:03:44.683" /><!-- duration: 0ms -->
  <step title="Updating shutdown sentinel last write time" date="2025-04-16T22:03:44.698" SemaphoreCount="7" /><!-- duration: 0ms -->
  <step title="LockFile &apos;C:\home\site\locks\deployments.lock&apos; acquired" date="2025-04-16T22:03:44.698" /><!-- duration: 0ms -->
  <step title="Creating temporary deployment" date="2025-04-16T22:03:44.698" /><!-- duration: 31ms -->
  <step title="Performing fetch based deployment" date="2025-04-16T22:03:44.730" >
    <step title="Fetching changes." date="2025-04-16T22:03:44.792" /><!-- duration: 0ms -->
    <step title="Starting LocalZipHandler" date="2025-04-16T22:03:44.792" /><!-- duration: 0ms -->
    <step title="Cleaning up temp folders from previous zip deployments and extracting pushed zip file C:\local\Temp\zipdeploy\a2e02ayb.zip (15.82 MB) to C:\local\Temp\zipdeploy\extracted" date="2025-04-16T22:03:44.823" /><!-- duration: 0ms -->
    <step title="Cleaning up temp folders from previous zip deployments and extracting pushed zip file C:\local\Temp\zipdeploy\a2e02ayb.zip (15.82 MB) to C:\local\Temp\zipdeploy\extracted" date="2025-04-16T22:03:44.823" >
      <step title="Renaming extractTargetDirectory(C:\local\Temp\zipdeploy\extracted) to tempDirectory(C:\local\Temp\zipdeploy\andgxjwy.udv)" date="2025-04-16T22:03:44.823" /><!-- duration: 16ms -->
      <step title="Extracting 58 entries to C:\local\Temp\zipdeploy\extracted directory" date="2025-04-16T22:03:44.839" >
        <step title="Extracting to C:\local\Temp\zipdeploy\extracted\Swashbuckle.AspNetCore.Swagger.dll ..." date="2025-04-16T22:03:44.839" /><!-- duration: 0ms -->
        <step title="Extracting to C:\local\Temp\zipdeploy\extracted\Microsoft.Data.Sqlite.dll ..." date="2025-04-16T22:03:44.855" /><!-- duration: 0ms -->
        <step title="Extracting to C:\local\Temp\zipdeploy\extracted\Microsoft.Extensions.Diagnostics.Abstractions.dll ..." date="2025-04-16T22:03:44.855" /><!-- duration: 0ms -->
        <step title="Extracting to C:\local\Temp\zipdeploy\extracted\Microsoft.Extensions.DependencyInjection.Abstractions.dll ..." date="2025-04-16T22:03:44.870" /><!-- duration: 0ms -->
        <step title="Extracting to C:\local\Temp\zipdeploy\extracted\appsettings.Development.json ..." date="2025-04-16T22:03:44.870" /><!-- duration: 0ms -->
        <step title="Omitting extracting file traces ..." date="2025-04-16T22:03:44.870" /><!-- duration: 16ms -->
        <step title="Extracting to C:\local\Temp\zipdeploy\extracted\Microsoft.Extensions.Hosting.Abstractions.dll ..." date="2025-04-16T22:03:45.339" /><!-- duration: 0ms -->
        <step title="Extracting to C:\local\Temp\zipdeploy\extracted\Microsoft.EntityFrameworkCore.dll ..." date="2025-04-16T22:03:45.339" /><!-- duration: 31ms -->
        <step title="Extracting to C:\local\Temp\zipdeploy\extracted\Microsoft.Extensions.ObjectPool.dll ..." date="2025-04-16T22:03:45.370" /><!-- duration: 16ms -->
        <step title="Extracting to C:\local\Temp\zipdeploy\extracted\Microsoft.IdentityModel.Logging.dll ..." date="2025-04-16T22:03:45.386" /><!-- duration: 0ms -->
        <step title="Extracting to C:\local\Temp\zipdeploy\extracted\Microsoft.EntityFrameworkCore.Sqlite.dll ..." date="2025-04-16T22:03:45.386" /><!-- duration: 16ms -->
      </step><!-- duration: 562ms -->
    </step><!-- duration: 578ms -->
    <step title="Before sending BuildRequestReceived status to /api/updatedeploystatus" date="2025-04-16T22:03:45.401" /><!-- duration: 16ms -->
    <step title="DeploymentManager.Deploy(id:77aece3f5819407cb8fdaf2ffbba666f)" date="2025-04-16T22:03:45.417" >
      <step title="Collecting changeset information" date="2025-04-16T22:03:45.433" /><!-- duration: 31ms -->
      <step title="Updating submodules" date="2025-04-16T22:03:45.464" >
        <step title="Updating submodules." date="2025-04-16T22:03:45.495" /><!-- duration: 0ms -->
      </step><!-- duration: 31ms -->
      <step title="Preparing deployment for commit id &apos;77aece3f58&apos;." date="2025-04-16T22:03:45.526" /><!-- duration: 0ms -->
      <step title="Determining deployment builder" date="2025-04-16T22:03:45.558" >
        <step title="Builder is BasicBuilder" date="2025-04-16T22:03:45.573" /><!-- duration: 0ms -->
      </step><!-- duration: 16ms -->
      <step title="Copying SSH keys" date="2025-04-16T22:03:45.589" /><!-- duration: 0ms -->
      <step title="Building" date="2025-04-16T22:03:45.605" >
        <step title="Generating deployment script." date="2025-04-16T22:03:45.620" /><!-- duration: 0ms -->
        <step title="Generating deployment script" date="2025-04-16T22:03:45.636" >
          <step title="Using cached version of the deployment script for command: -y --no-dot-deployment -r &quot;C:\local\Temp\zipdeploy\extracted&quot; -o &quot;C:\home\site\deployments\tools&quot; --basic --sitePath &quot;C:\local\Temp\zipdeploy\extracted&quot;" date="2025-04-16T22:03:45.667" /><!-- duration: 0ms -->
          <step title="Using cached version of deployment script (command: &apos;azure -y --no-dot-deployment -r &quot;C:\local\Temp\zipdeploy\extracted&quot; -o &quot;C:\home\site\deployments\tools&quot; --basic --sitePath &quot;C:\local\Temp\zipdeploy\extracted&quot;&apos;)." date="2025-04-16T22:03:45.667" /><!-- duration: 0ms -->
        </step><!-- duration: 47ms -->
        <step title="Running deployment command..." date="2025-04-16T22:03:45.698" /><!-- duration: 16ms -->
        <step title="Command: &quot;C:\home\site\deployments\tools\deploy.cmd&quot;" date="2025-04-16T22:03:45.714" /><!-- duration: 16ms -->
        <step title="Executing external process" date="2025-04-16T22:03:45.730" type="process" path="starter.cmd" arguments="&quot;C:\home\site\deployments\tools\deploy.cmd&quot;" >
          <step title="Handling Basic Web Site deployment." date="2025-04-16T22:03:45.839" /><!-- duration: 0ms -->
          <step title="Creating app_offline.htm" date="2025-04-16T22:03:46.026" /><!-- duration: 0ms -->
          <step title="KuduSync.NET from: &apos;C:\local\Temp\zipdeploy\extracted&apos; to: &apos;C:\home\site\wwwroot&apos;" date="2025-04-16T22:03:46.026" /><!-- duration: 16ms -->
          <step title="Copying file: &apos;whiteboard.db&apos;" date="2025-04-16T22:03:46.042" /><!-- duration: 0ms -->
          <step title="Deleting app_offline.htm" date="2025-04-16T22:03:46.058" /><!-- duration: 0ms -->
          <step title="Finished successfully." date="2025-04-16T22:03:46.058" /><!-- duration: 16ms -->
        </step><!-- duration: 344ms -->
        <step title="Running post deployment command(s)..." date="2025-04-16T22:03:46.105" /><!-- duration: 0ms -->
        <step title="Triggering recycle (preview mode disabled)." date="2025-04-16T22:03:46.136" /><!-- duration: 16ms -->
        <step title="Ignoring FS watcher based recycle request as this is a classic Windows app." date="2025-04-16T22:03:46.151" /><!-- duration: 0ms -->
        <step title="Deployment successful. DEPLOYMENTINFO: deploymentPath = ZipDeploy. Extract zip. , deployer = ms-azuretools-vscode, os = windows, sku = Free, siteName = Whiteboardv2-backend, siteHostName = whiteboardv2-backend-ckf7efgxbxbjg0ft.eastus-01.azurewebsites.net, deploymentStatus = Success" date="2025-04-16T22:03:46.183" /><!-- duration: 0ms -->
      </step><!-- duration: 641ms -->
    </step><!-- duration: 844ms -->
    <step title="Cleaning up temp files" date="2025-04-16T22:03:46.261" /><!-- duration: 0ms -->
    <step title="Skip function trigger and logicapp sync because function is not enabled." date="2025-04-16T22:03:46.276" /><!-- duration: 0ms -->
  </step><!-- duration: 1562ms -->
  <step title="LockFile &apos;C:\home\site\locks\deployments.lock&apos; released" date="2025-04-16T22:03:46.292" /><!-- duration: 0ms -->
  <step title="Deleting shutdown sentinel file" date="2025-04-16T22:03:46.308" SemaphoreCount="8" /><!-- duration: 0ms -->
</step><!-- duration: 1641ms -->
