<step title="Incoming Request" date="2025-06-21T05:09:37.573" instance="46bc5b" url="/api/zipdeploy?author=ms-azuretools-vscode&amp;deployer=ms-azuretools-vscode&amp;isAsync=true&amp;trackDeploymentId=true" method="POST" type="request" pid="12732,2,8" Connection="Keep-Alive" Transfer-Encoding="chunked" Accept-Encoding="gzip,deflate" Accept-Language="en" Authorization="Bea..." Host="whiteboardv2-backend-ckf7efgxbxbjg0ft.scm.eastus-01.azurewebsites.net" User-Agent="vscode-azureappservice/0.26.2 core-rest-pipeline/1.20.0 Node/22.15.1 OS/(arm64-Darwin-24.5.0)" x-ms-correlation-request-id="041fec79-6625-441a-98ea-6b497d203674" x-ms-client-request-id="5dad8be2-aac8-413b-adba-0d37ed116a44" X-ARR-LOG-ID="5dad8be2-aac8-413b-adba-0d37ed116a44" CLIENT-IP="67.2.17.107:60394" X-SITE-DEPLOYMENT-ID="Whiteboardv2-backend" WAS-DEFAULT-HOSTNAME="whiteboardv2-backend-ckf7efgxbxbjg0ft.scm.eastus-01.azurewebsites.net" X-Forwarded-Proto="https" X-AppService-Proto="https" X-Forwarded-TlsVersion="1.3" X-WAWS-Unencoded-URL="/api/zipdeploy?author=ms-azuretools-vscode&amp;deployer=ms-azuretools-vscode&amp;isAsync=true&amp;trackDeploymentId=true" X-MS-COLDSTART="1" >
  <step title="ZipPushDeploy" date="2025-06-21T05:09:37.886" >
    <step title="ZipDeploy. Extract zip. " date="2025-06-21T05:09:37.901" /><!-- duration: 0ms -->
    <step title="Starting PushDeployAsync" date="2025-06-21T05:09:37.901" /><!-- duration: 16ms -->
    <step title="Updating shutdown sentinel last write time" date="2025-06-21T05:09:37.948" SemaphoreCount="7" /><!-- duration: 16ms -->
    <step title="LockFile &apos;C:\home\site\locks\deployments.lock&apos; acquired" date="2025-06-21T05:09:37.964" /><!-- duration: 0ms -->
    <step title="Saving request content to C:\local\Temp\zipdeploy\n3x1dyah.zip" date="2025-06-21T05:09:37.964" >
      <step title="Total 16,585,127 bytes written to C:\local\Temp\zipdeploy\n3x1dyah.zip" date="2025-06-21T05:09:48.923" /><!-- duration: 0ms -->
    </step><!-- duration: 10959ms -->
    <step title="LockFile &apos;C:\home\site\locks\deployments.lock&apos; released" date="2025-06-21T05:09:48.923" /><!-- duration: 31ms -->
    <step title="Deleting shutdown sentinel file" date="2025-06-21T05:09:48.954" SemaphoreCount="8" /><!-- duration: 16ms -->
    <step title="Starting FetchDeploy" date="2025-06-21T05:09:48.970" /><!-- duration: 0ms -->
    <step title="Start deployment in the background" date="2025-06-21T05:09:48.970" /><!-- duration: 47ms -->
  </step><!-- duration: 11131ms -->
  <step title="Outgoing response" date="2025-06-21T05:09:49.048" type="response" statusCode="202" statusText="Accepted" Server="Microsoft-IIS/10.0" x-ms-request-id="5dad8be2-aac8-413b-adba-0d37ed116a44" Retry-After="30" Cache-Control="private" X-AspNet-Version="4.0.30319" Location="https://whiteboardv2-backend-ckf7efgxbxbjg0ft.scm.eastus-01.azurewebsites.net/api/deployments/latest?deployer=ms-azuretools-vscode&amp;time=2025-06-21_05-09-49Z" /><!-- duration: 0ms -->
</step><!-- duration: 11474ms -->
