<step title="BackgroundTrace" date="2025-04-18T04:38:27.693" instance="46bc5b" url="/api/zipdeploy" method="POST" >
  <step title="Updating shutdown sentinel last write time" date="2025-04-18T04:38:27.708" SemaphoreCount="7" /><!-- duration: 0ms -->
  <step title="LockFile &apos;C:\home\site\locks\deployments.lock&apos; acquired" date="2025-04-18T04:38:27.708" /><!-- duration: 0ms -->
  <step title="Creating temporary deployment" date="2025-04-18T04:38:27.724" /><!-- duration: 31ms -->
  <step title="Performing fetch based deployment" date="2025-04-18T04:38:27.755" >
    <step title="Fetching changes." date="2025-04-18T04:38:27.818" /><!-- duration: 16ms -->
    <step title="Starting LocalZipHandler" date="2025-04-18T04:38:27.833" /><!-- duration: 0ms -->
    <step title="Cleaning up temp folders from previous zip deployments and extracting pushed zip file C:\local\Temp\zipdeploy\swlvdhzu.zip (15.82 MB) to C:\local\Temp\zipdeploy\extracted" date="2025-04-18T04:38:27.865" /><!-- duration: 16ms -->
    <step title="Cleaning up temp folders from previous zip deployments and extracting pushed zip file C:\local\Temp\zipdeploy\swlvdhzu.zip (15.82 MB) to C:\local\Temp\zipdeploy\extracted" date="2025-04-18T04:38:27.880" >
      <step title="Extracting 58 entries to C:\local\Temp\zipdeploy\extracted directory" date="2025-04-18T04:38:27.880" >
        <step title="Extracting to C:\local\Temp\zipdeploy\extracted\Swashbuckle.AspNetCore.Swagger.dll ..." date="2025-04-18T04:38:27.896" /><!-- duration: 0ms -->
        <step title="Extracting to C:\local\Temp\zipdeploy\extracted\Microsoft.Data.Sqlite.dll ..." date="2025-04-18T04:38:27.896" /><!-- duration: 16ms -->
        <step title="Extracting to C:\local\Temp\zipdeploy\extracted\Microsoft.Extensions.Diagnostics.Abstractions.dll ..." date="2025-04-18T04:38:27.912" /><!-- duration: 0ms -->
        <step title="Extracting to C:\local\Temp\zipdeploy\extracted\Microsoft.Extensions.DependencyInjection.Abstractions.dll ..." date="2025-04-18T04:38:27.927" /><!-- duration: 0ms -->
        <step title="Extracting to C:\local\Temp\zipdeploy\extracted\appsettings.Development.json ..." date="2025-04-18T04:38:27.927" /><!-- duration: 16ms -->
        <step title="Omitting extracting file traces ..." date="2025-04-18T04:38:27.943" /><!-- duration: 0ms -->
        <step title="Extracting to C:\local\Temp\zipdeploy\extracted\Microsoft.Extensions.Hosting.Abstractions.dll ..." date="2025-04-18T04:38:28.396" /><!-- duration: 0ms -->
        <step title="Extracting to C:\local\Temp\zipdeploy\extracted\Microsoft.EntityFrameworkCore.dll ..." date="2025-04-18T04:38:28.396" /><!-- duration: 31ms -->
        <step title="Extracting to C:\local\Temp\zipdeploy\extracted\Microsoft.Extensions.ObjectPool.dll ..." date="2025-04-18T04:38:28.443" /><!-- duration: 0ms -->
        <step title="Extracting to C:\local\Temp\zipdeploy\extracted\Microsoft.IdentityModel.Logging.dll ..." date="2025-04-18T04:38:28.443" /><!-- duration: 16ms -->
        <step title="Extracting to C:\local\Temp\zipdeploy\extracted\Microsoft.EntityFrameworkCore.Sqlite.dll ..." date="2025-04-18T04:38:28.458" /><!-- duration: 0ms -->
      </step><!-- duration: 594ms -->
    </step><!-- duration: 594ms -->
    <step title="Before sending BuildRequestReceived status to /api/updatedeploystatus" date="2025-04-18T04:38:28.474" /><!-- duration: 16ms -->
    <step title="DeploymentManager.Deploy(id:aead02887ae2416ea97abdfe1cd297c7)" date="2025-04-18T04:38:28.490" >
      <step title="Collecting changeset information" date="2025-04-18T04:38:28.505" /><!-- duration: 31ms -->
      <step title="Updating submodules" date="2025-04-18T04:38:28.537" >
        <step title="Updating submodules." date="2025-04-18T04:38:28.583" /><!-- duration: 0ms -->
      </step><!-- duration: 62ms -->
      <step title="Preparing deployment for commit id &apos;aead02887a&apos;." date="2025-04-18T04:38:28.630" /><!-- duration: 16ms -->
      <step title="Determining deployment builder" date="2025-04-18T04:38:28.708" >
        <step title="Builder is BasicBuilder" date="2025-04-18T04:38:28.708" /><!-- duration: 0ms -->
      </step><!-- duration: 16ms -->
      <step title="Copying SSH keys" date="2025-04-18T04:38:28.787" /><!-- duration: 16ms -->
      <step title="Building" date="2025-04-18T04:38:28.802" >
        <step title="Generating deployment script." date="2025-04-18T04:38:28.849" /><!-- duration: 0ms -->
        <step title="Generating deployment script" date="2025-04-18T04:38:28.865" >
          <step title="Using cached version of the deployment script for command: -y --no-dot-deployment -r &quot;C:\local\Temp\zipdeploy\extracted&quot; -o &quot;C:\home\site\deployments\tools&quot; --basic --sitePath &quot;C:\local\Temp\zipdeploy\extracted&quot;" date="2025-04-18T04:38:28.974" /><!-- duration: 0ms -->
          <step title="Using cached version of deployment script (command: &apos;azure -y --no-dot-deployment -r &quot;C:\local\Temp\zipdeploy\extracted&quot; -o &quot;C:\home\site\deployments\tools&quot; --basic --sitePath &quot;C:\local\Temp\zipdeploy\extracted&quot;&apos;)." date="2025-04-18T04:38:28.990" /><!-- duration: 0ms -->
        </step><!-- duration: 141ms -->
        <step title="Running deployment command..." date="2025-04-18T04:38:29.037" /><!-- duration: 16ms -->
        <step title="Command: &quot;C:\home\site\deployments\tools\deploy.cmd&quot;" date="2025-04-18T04:38:29.068" /><!-- duration: 0ms -->
        <step title="Executing external process" date="2025-04-18T04:38:29.083" type="process" path="starter.cmd" arguments="&quot;C:\home\site\deployments\tools\deploy.cmd&quot;" >
          <step title="Handling Basic Web Site deployment." date="2025-04-18T04:38:29.240" /><!-- duration: 0ms -->
          <step title="Creating app_offline.htm" date="2025-04-18T04:38:29.505" /><!-- duration: 0ms -->
          <step title="KuduSync.NET from: &apos;C:\local\Temp\zipdeploy\extracted&apos; to: &apos;C:\home\site\wwwroot&apos;" date="2025-04-18T04:38:29.505" /><!-- duration: 16ms -->
          <step title="Copying file: &apos;whiteboard.db&apos;" date="2025-04-18T04:38:29.521" /><!-- duration: 16ms -->
          <step title="Deleting app_offline.htm" date="2025-04-18T04:38:29.537" /><!-- duration: 0ms -->
          <step title="Finished successfully." date="2025-04-18T04:38:29.552" /><!-- duration: 0ms -->
        </step><!-- duration: 484ms -->
        <step title="Running post deployment command(s)..." date="2025-04-18T04:38:29.615" /><!-- duration: 0ms -->
        <step title="Triggering recycle (preview mode disabled)." date="2025-04-18T04:38:29.677" /><!-- duration: 0ms -->
        <step title="Ignoring FS watcher based recycle request as this is a classic Windows app." date="2025-04-18T04:38:29.677" /><!-- duration: 0ms -->
        <step title="Deployment successful. DEPLOYMENTINFO: deploymentPath = ZipDeploy. Extract zip. , deployer = ms-azuretools-vscode, os = windows, sku = Free, siteName = Whiteboardv2-backend, siteHostName = whiteboardv2-backend-ckf7efgxbxbjg0ft.eastus-01.azurewebsites.net, deploymentStatus = Success" date="2025-04-18T04:38:29.740" /><!-- duration: 0ms -->
      </step><!-- duration: 1031ms -->
    </step><!-- duration: 1344ms -->
    <step title="Cleaning up temp files" date="2025-04-18T04:38:29.849" /><!-- duration: 0ms -->
    <step title="Skip function trigger and logicapp sync because function is not enabled." date="2025-04-18T04:38:29.865" /><!-- duration: 0ms -->
  </step><!-- duration: 2125ms -->
  <step title="LockFile &apos;C:\home\site\locks\deployments.lock&apos; released" date="2025-04-18T04:38:29.896" /><!-- duration: 0ms -->
  <step title="Deleting shutdown sentinel file" date="2025-04-18T04:38:29.912" SemaphoreCount="8" /><!-- duration: 0ms -->
</step><!-- duration: 2219ms -->
