﻿<?xml version="1.0" encoding="utf-8"?>
<deployment>
  <id>61f7c7a8c90a45e99595b2d1d188fc9a</id>
  <author>ms-azuretools-vscode</author>
  <deployer>ms-azuretools-vscode</deployer>
  <authorEmail>N/A</authorEmail>
  <message>Created via a push deployment</message>
  <progress></progress>
  <status>Success</status>
  <statusText></statusText>
  <lastSuccessEndTime>2025-07-17T17:55:45.7059039Z</lastSuccessEndTime>
  <receivedTime>2025-07-17T17:55:29.3877046Z</receivedTime>
  <startTime>2025-07-17T17:55:29.5908295Z</startTime>
  <endTime>2025-07-17T17:55:45.7059039Z</endTime>
  <complete>True</complete>
  <is_temp>False</is_temp>
  <is_readonly>True</is_readonly>
  <project_type>BASIC</project_type>
  <vsproject_id></vsproject_id>
</deployment>