﻿<?xml version="1.0" encoding="utf-8"?>
<deployment>
  <id>393d97d298514badbae5fa187dcc421f</id>
  <author>ms-azuretools-vscode</author>
  <deployer>ms-azuretools-vscode</deployer>
  <authorEmail>N/A</authorEmail>
  <message>Created via a push deployment</message>
  <progress></progress>
  <status>Success</status>
  <statusText></statusText>
  <lastSuccessEndTime>2025-06-21T21:03:34.7488863Z</lastSuccessEndTime>
  <receivedTime>2025-06-21T21:03:34.0926326Z</receivedTime>
  <startTime>2025-06-21T21:03:34.1863833Z</startTime>
  <endTime>2025-06-21T21:03:34.7488863Z</endTime>
  <complete>True</complete>
  <is_temp>False</is_temp>
  <is_readonly>True</is_readonly>
  <project_type>BASIC</project_type>
  <vsproject_id></vsproject_id>
</deployment>