﻿<?xml version="1.0" encoding="utf-8"?>
<deployment>
  <id>0d9692c60609426394befdb82ca2650e</id>
  <author>ms-azuretools-vscode</author>
  <deployer>ms-azuretools-vscode</deployer>
  <authorEmail>N/A</authorEmail>
  <message>Created via a push deployment</message>
  <progress></progress>
  <status>Success</status>
  <statusText></statusText>
  <lastSuccessEndTime>2025-06-22T21:33:56.4782229Z</lastSuccessEndTime>
  <receivedTime>2025-06-22T21:33:55.3376035Z</receivedTime>
  <startTime>2025-06-22T21:33:55.4157183Z</startTime>
  <endTime>2025-06-22T21:33:56.4782229Z</endTime>
  <complete>True</complete>
  <is_temp>False</is_temp>
  <is_readonly>True</is_readonly>
  <project_type>BASIC</project_type>
  <vsproject_id></vsproject_id>
</deployment>