﻿<?xml version="1.0" encoding="utf-8"?>
<deployment>
  <id>fb412ee843c64801bc42c828fc59123e</id>
  <author>N/A</author>
  <deployer>ZipDeploy</deployer>
  <authorEmail>N/A</authorEmail>
  <message>Created via a push deployment</message>
  <progress></progress>
  <status>Success</status>
  <statusText></statusText>
  <lastSuccessEndTime>2025-09-28T18:55:27.7729142Z</lastSuccessEndTime>
  <receivedTime>2025-09-28T18:55:23.3500752Z</receivedTime>
  <startTime>2025-09-28T18:55:23.50633Z</startTime>
  <endTime>2025-09-28T18:55:27.7729142Z</endTime>
  <complete>True</complete>
  <is_temp>False</is_temp>
  <is_readonly>True</is_readonly>
  <project_type>BASIC</project_type>
  <vsproject_id></vsproject_id>
</deployment>