<step title="BackgroundTrace" date="2025-06-22T23:01:50.468" instance="46bc5b" url="/api/zipdeploy" method="POST" >
  <step title="Updating shutdown sentinel last write time" date="2025-06-22T23:01:50.483" SemaphoreCount="7" /><!-- duration: 0ms -->
  <step title="LockFile &apos;C:\home\site\locks\deployments.lock&apos; acquired" date="2025-06-22T23:01:50.483" /><!-- duration: 0ms -->
  <step title="Creating temporary deployment" date="2025-06-22T23:01:50.499" /><!-- duration: 16ms -->
  <step title="Performing fetch based deployment" date="2025-06-22T23:01:50.515" >
    <step title="Fetching changes." date="2025-06-22T23:01:50.546" /><!-- duration: 16ms -->
    <step title="Starting LocalZipHandler" date="2025-06-22T23:01:50.561" /><!-- duration: 0ms -->
    <step title="Cleaning up temp folders from previous zip deployments and extracting pushed zip file C:\local\Temp\zipdeploy\xner3www.zip (15.77 MB) to C:\local\Temp\zipdeploy\extracted" date="2025-06-22T23:01:50.577" /><!-- duration: 0ms -->
    <step title="Cleaning up temp folders from previous zip deployments and extracting pushed zip file C:\local\Temp\zipdeploy\xner3www.zip (15.77 MB) to C:\local\Temp\zipdeploy\extracted" date="2025-06-22T23:01:50.577" >
      <step title="Renaming extractTargetDirectory(C:\local\Temp\zipdeploy\extracted) to tempDirectory(C:\local\Temp\zipdeploy\khjywpbl.40h)" date="2025-06-22T23:01:50.593" /><!-- duration: 0ms -->
      <step title="Extracting 81 entries to C:\local\Temp\zipdeploy\extracted directory" date="2025-06-22T23:01:50.593" >
        <step title="Extracting to C:\local\Temp\zipdeploy\extracted\Swashbuckle.AspNetCore.Swagger.dll ..." date="2025-06-22T23:01:50.593" /><!-- duration: 0ms -->
        <step title="Extracting to C:\local\Temp\zipdeploy\extracted\Microsoft.Data.Sqlite.dll ..." date="2025-06-22T23:01:50.608" /><!-- duration: 0ms -->
        <step title="Extracting to C:\local\Temp\zipdeploy\extracted\Microsoft.AspNetCore.SignalR.Client.Core.dll ..." date="2025-06-22T23:01:50.608" /><!-- duration: 0ms -->
        <step title="Extracting to C:\local\Temp\zipdeploy\extracted\Microsoft.Extensions.DependencyInjection.Abstractions.dll ..." date="2025-06-22T23:01:50.608" /><!-- duration: 16ms -->
        <step title="Extracting to C:\local\Temp\zipdeploy\extracted\appsettings.Development.json ..." date="2025-06-22T23:01:50.624" /><!-- duration: 0ms -->
        <step title="Omitting extracting file traces ..." date="2025-06-22T23:01:50.624" /><!-- duration: 0ms -->
        <step title="Extracting to C:\local\Temp\zipdeploy\extracted\Microsoft.EntityFrameworkCore.dll ..." date="2025-06-22T23:01:51.077" /><!-- duration: 31ms -->
        <step title="Extracting to C:\local\Temp\zipdeploy\extracted\Microsoft.IdentityModel.Logging.dll ..." date="2025-06-22T23:01:51.108" /><!-- duration: 16ms -->
        <step title="Extracting to C:\local\Temp\zipdeploy\extracted\Microsoft.AspNetCore.Http.Connections.Client.dll ..." date="2025-06-22T23:01:51.124" /><!-- duration: 0ms -->
        <step title="Extracting to C:\local\Temp\zipdeploy\extracted\Microsoft.EntityFrameworkCore.Sqlite.dll ..." date="2025-06-22T23:01:51.124" /><!-- duration: 0ms -->
        <step title="Extracting to C:\local\Temp\zipdeploy\extracted\Microsoft.AspNetCore.Connections.Abstractions.dll ..." date="2025-06-22T23:01:51.140" /><!-- duration: 0ms -->
      </step><!-- duration: 547ms -->
    </step><!-- duration: 563ms -->
    <step title="Before sending BuildRequestReceived status to /api/updatedeploystatus" date="2025-06-22T23:01:51.140" /><!-- duration: 0ms -->
    <step title="DeploymentManager.Deploy(id:626fe63c903940068ec5512fbdbb5688)" date="2025-06-22T23:01:51.155" >
      <step title="Collecting changeset information" date="2025-06-22T23:01:51.155" /><!-- duration: 16ms -->
      <step title="Updating submodules" date="2025-06-22T23:01:51.171" >
        <step title="Updating submodules." date="2025-06-22T23:01:51.186" /><!-- duration: 16ms -->
      </step><!-- duration: 31ms -->
      <step title="Preparing deployment for commit id &apos;626fe63c90&apos;." date="2025-06-22T23:01:51.218" /><!-- duration: 0ms -->
      <step title="Determining deployment builder" date="2025-06-22T23:01:51.233" >
        <step title="Builder is BasicBuilder" date="2025-06-22T23:01:51.249" /><!-- duration: 0ms -->
      </step><!-- duration: 16ms -->
      <step title="Copying SSH keys" date="2025-06-22T23:01:51.265" /><!-- duration: 0ms -->
      <step title="Building" date="2025-06-22T23:01:51.265" >
        <step title="Generating deployment script." date="2025-06-22T23:01:51.296" /><!-- duration: 0ms -->
        <step title="Generating deployment script" date="2025-06-22T23:01:51.296" >
          <step title="Using cached version of the deployment script for command: -y --no-dot-deployment -r &quot;C:\local\Temp\zipdeploy\extracted&quot; -o &quot;C:\home\site\deployments\tools&quot; --basic --sitePath &quot;C:\local\Temp\zipdeploy\extracted&quot;" date="2025-06-22T23:01:51.311" /><!-- duration: 16ms -->
          <step title="Using cached version of deployment script (command: &apos;azure -y --no-dot-deployment -r &quot;C:\local\Temp\zipdeploy\extracted&quot; -o &quot;C:\home\site\deployments\tools&quot; --basic --sitePath &quot;C:\local\Temp\zipdeploy\extracted&quot;&apos;)." date="2025-06-22T23:01:51.327" /><!-- duration: 16ms -->
        </step><!-- duration: 47ms -->
        <step title="Running deployment command..." date="2025-06-22T23:01:51.358" /><!-- duration: 16ms -->
        <step title="Command: &quot;C:\home\site\deployments\tools\deploy.cmd&quot;" date="2025-06-22T23:01:51.374" /><!-- duration: 0ms -->
        <step title="Executing external process" date="2025-06-22T23:01:51.390" type="process" path="starter.cmd" arguments="&quot;C:\home\site\deployments\tools\deploy.cmd&quot;" >
          <step title="Handling Basic Web Site deployment." date="2025-06-22T23:01:51.499" /><!-- duration: 0ms -->
          <step title="Creating app_offline.htm" date="2025-06-22T23:01:51.671" /><!-- duration: 0ms -->
          <step title="KuduSync.NET from: &apos;C:\local\Temp\zipdeploy\extracted&apos; to: &apos;C:\home\site\wwwroot&apos;" date="2025-06-22T23:01:51.671" /><!-- duration: 0ms -->
          <step title="Copying file: &apos;Whiteboard&apos;" date="2025-06-22T23:01:51.671" /><!-- duration: 0ms -->
          <step title="Copying file: &apos;Whiteboard.dll&apos;" date="2025-06-22T23:01:51.686" /><!-- duration: 0ms -->
          <step title="Copying file: &apos;Whiteboard.pdb&apos;" date="2025-06-22T23:01:51.686" /><!-- duration: 0ms -->
          <step title="Copying file: &apos;publish\Whiteboard.deps.json&apos;" date="2025-06-22T23:01:51.686" /><!-- duration: 0ms -->
          <step title="Copying file: &apos;publish\Whiteboard.runtimeconfig.json&apos;" date="2025-06-22T23:01:51.702" /><!-- duration: 0ms -->
          <step title="Copying file: &apos;publish\publish\appsettings.Development.json&apos;" date="2025-06-22T23:01:51.702" /><!-- duration: 0ms -->
          <step title="Copying file: &apos;publish\publish\appsettings.json&apos;" date="2025-06-22T23:01:51.702" /><!-- duration: 16ms -->
          <step title="Copying file: &apos;publish\publish\Whiteboard.deps.json&apos;" date="2025-06-22T23:01:51.733" /><!-- duration: 0ms -->
          <step title="Copying file: &apos;publish\publish\Whiteboard.runtimeconfig.json&apos;" date="2025-06-22T23:01:51.733" /><!-- duration: 0ms -->
          <step title="Copying file: &apos;publish\publish\publish\appsettings.Development.json&apos;" date="2025-06-22T23:01:51.733" /><!-- duration: 16ms -->
          <step title="Copying file: &apos;publish\publish\publish\appsettings.json&apos;" date="2025-06-22T23:01:51.749" /><!-- duration: 0ms -->
          <step title="Copying file: &apos;publish\publish\publish\Whiteboard.deps.json&apos;" date="2025-06-22T23:01:51.749" /><!-- duration: 0ms -->
          <step title="Copying file: &apos;publish\publish\publish\Whiteboard.runtimeconfig.json&apos;" date="2025-06-22T23:01:51.765" /><!-- duration: 0ms -->
          <step title="Copying file: &apos;publish\publish\publish\publish\appsettings.Development.json&apos;" date="2025-06-22T23:01:51.765" /><!-- duration: 0ms -->
          <step title="Copying file: &apos;publish\publish\publish\publish\appsettings.json&apos;" date="2025-06-22T23:01:51.780" /><!-- duration: 0ms -->
          <step title="Copying file: &apos;publish\publish\publish\publish\Whiteboard.deps.json&apos;" date="2025-06-22T23:01:51.780" /><!-- duration: 0ms -->
          <step title="Copying file: &apos;publish\publish\publish\publish\Whiteboard.runtimeconfig.json&apos;" date="2025-06-22T23:01:54.142" /><!-- duration: 0ms -->
          <step title="Copying file: &apos;publish\publish\web.config&apos;" date="2025-06-22T23:01:54.158" /><!-- duration: 0ms -->
          <step title="Copying file: &apos;publish\publish\publish\web.config&apos;" date="2025-06-22T23:01:54.158" /><!-- duration: 0ms -->
          <step title="Copying file: &apos;publish\publish\publish\publish\web.config&apos;" date="2025-06-22T23:01:54.158" /><!-- duration: 0ms -->
          <step title="Deleting app_offline.htm" date="2025-06-22T23:01:54.173" /><!-- duration: 0ms -->
          <step title="Finished successfully." date="2025-06-22T23:01:54.173" /><!-- duration: 0ms -->
        </step><!-- duration: 2784ms -->
        <step title="Running post deployment command(s)..." date="2025-06-22T23:01:54.205" /><!-- duration: 0ms -->
        <step title="Triggering recycle (preview mode disabled)." date="2025-06-22T23:01:54.236" /><!-- duration: 0ms -->
        <step title="Ignoring FS watcher based recycle request as this is a classic Windows app." date="2025-06-22T23:01:54.236" /><!-- duration: 0ms -->
        <step title="Deployment successful. DEPLOYMENTINFO: deploymentPath = ZipDeploy. Extract zip. , deployer = ms-azuretools-vscode, os = windows, sku = Free, siteName = Whiteboardv2-backend, siteHostName = whiteboardv2-backend-ckf7efgxbxbjg0ft.eastus-01.azurewebsites.net, deploymentStatus = Success" date="2025-06-22T23:01:54.267" /><!-- duration: 0ms -->
        <step title="Purge deployment items" date="2025-06-22T23:01:54.314" >
          <step title="Remove 0a523fd03, Success, received at 4/16/2025 11:36:52 PM" date="2025-06-22T23:01:54.439" /><!-- duration: 16ms -->
        </step><!-- duration: 141ms -->
      </step><!-- duration: 3190ms -->
    </step><!-- duration: 3315ms -->
    <step title="Cleaning up temp files" date="2025-06-22T23:01:54.470" /><!-- duration: 0ms -->
    <step title="Skip function trigger and logicapp sync because function is not enabled." date="2025-06-22T23:01:54.486" /><!-- duration: 0ms -->
  </step><!-- duration: 3971ms -->
  <step title="LockFile &apos;C:\home\site\locks\deployments.lock&apos; released" date="2025-06-22T23:01:54.502" /><!-- duration: 0ms -->
  <step title="Deleting shutdown sentinel file" date="2025-06-22T23:01:54.502" SemaphoreCount="8" /><!-- duration: 0ms -->
</step><!-- duration: 4034ms -->
