<step title="BackgroundTrace" date="2025-06-22T21:48:40.357" instance="46bc5b" url="/api/zipdeploy" method="POST" >
  <step title="Updating shutdown sentinel last write time" date="2025-06-22T21:48:40.357" SemaphoreCount="7" /><!-- duration: 0ms -->
  <step title="LockFile &apos;C:\home\site\locks\deployments.lock&apos; acquired" date="2025-06-22T21:48:40.372" /><!-- duration: 0ms -->
  <step title="Creating temporary deployment" date="2025-06-22T21:48:40.372" /><!-- duration: 16ms -->
  <step title="Performing fetch based deployment" date="2025-06-22T21:48:40.388" >
    <step title="Fetching changes." date="2025-06-22T21:48:40.403" /><!-- duration: 16ms -->
    <step title="Starting LocalZipHandler" date="2025-06-22T21:48:40.419" /><!-- duration: 0ms -->
    <step title="Cleaning up temp folders from previous zip deployments and extracting pushed zip file C:\local\Temp\zipdeploy\zw5eyaxq.zip (15.82 MB) to C:\local\Temp\zipdeploy\extracted" date="2025-06-22T21:48:40.435" /><!-- duration: 0ms -->
    <step title="Cleaning up temp folders from previous zip deployments and extracting pushed zip file C:\local\Temp\zipdeploy\zw5eyaxq.zip (15.82 MB) to C:\local\Temp\zipdeploy\extracted" date="2025-06-22T21:48:40.435" >
      <step title="Renaming extractTargetDirectory(C:\local\Temp\zipdeploy\extracted) to tempDirectory(C:\local\Temp\zipdeploy\tvjmpp3m.00i)" date="2025-06-22T21:48:40.435" /><!-- duration: 0ms -->
      <step title="Extracting 58 entries to C:\local\Temp\zipdeploy\extracted directory" date="2025-06-22T21:48:40.450" >
        <step title="Extracting to C:\local\Temp\zipdeploy\extracted\System.Net.WebSockets.WebSocketProtocol.dll ..." date="2025-06-22T21:48:40.450" /><!-- duration: 0ms -->
        <step title="Extracting to C:\local\Temp\zipdeploy\extracted\Microsoft.EntityFrameworkCore.Relational.dll ..." date="2025-06-22T21:48:40.450" /><!-- duration: 16ms -->
        <step title="Extracting to C:\local\Temp\zipdeploy\extracted\appsettings.json ..." date="2025-06-22T21:48:40.482" /><!-- duration: 0ms -->
        <step title="Extracting to C:\local\Temp\zipdeploy\extracted\Whiteboard.runtimeconfig.json ..." date="2025-06-22T21:48:40.482" /><!-- duration: 0ms -->
        <step title="Extracting to C:\local\Temp\zipdeploy\extracted\SQLitePCLRaw.provider.e_sqlite3.dll ..." date="2025-06-22T21:48:40.482" /><!-- duration: 0ms -->
        <step title="Omitting extracting file traces ..." date="2025-06-22T21:48:40.482" /><!-- duration: 16ms -->
        <step title="Extracting to C:\local\Temp\zipdeploy\extracted\runtimes\linux-arm64\native\libe_sqlite3.so ..." date="2025-06-22T21:48:40.888" /><!-- duration: 16ms -->
        <step title="Extracting to C:\local\Temp\zipdeploy\extracted\runtimes\linux-arm\native\libe_sqlite3.so ..." date="2025-06-22T21:48:40.903" /><!-- duration: 16ms -->
        <step title="Extracting to C:\local\Temp\zipdeploy\extracted\runtimes\osx-x64\native\libe_sqlite3.dylib ..." date="2025-06-22T21:48:40.919" /><!-- duration: 16ms -->
        <step title="Extracting to C:\local\Temp\zipdeploy\extracted\runtimes\win-arm\native\e_sqlite3.dll ..." date="2025-06-22T21:48:40.935" /><!-- duration: 31ms -->
        <step title="Extracting to C:\local\Temp\zipdeploy\extracted\runtimes\maccatalyst-x64\native\libe_sqlite3.dylib ..." date="2025-06-22T21:48:40.966" /><!-- duration: 16ms -->
      </step><!-- duration: 531ms -->
    </step><!-- duration: 547ms -->
    <step title="Before sending BuildRequestReceived status to /api/updatedeploystatus" date="2025-06-22T21:48:40.982" /><!-- duration: 0ms -->
    <step title="DeploymentManager.Deploy(id:3f7f87b9c8064a8bbccb90fb8f56aa1c)" date="2025-06-22T21:48:40.997" >
      <step title="Collecting changeset information" date="2025-06-22T21:48:40.997" /><!-- duration: 16ms -->
      <step title="Updating submodules" date="2025-06-22T21:48:41.013" >
        <step title="Updating submodules." date="2025-06-22T21:48:41.044" /><!-- duration: 0ms -->
      </step><!-- duration: 31ms -->
      <step title="Preparing deployment for commit id &apos;3f7f87b9c8&apos;." date="2025-06-22T21:48:41.092" /><!-- duration: 0ms -->
      <step title="Determining deployment builder" date="2025-06-22T21:48:41.123" >
        <step title="Builder is BasicBuilder" date="2025-06-22T21:48:41.123" /><!-- duration: 0ms -->
      </step><!-- duration: 0ms -->
      <step title="Copying SSH keys" date="2025-06-22T21:48:41.123" /><!-- duration: 16ms -->
      <step title="Building" date="2025-06-22T21:48:41.138" >
        <step title="Generating deployment script." date="2025-06-22T21:48:41.154" /><!-- duration: 0ms -->
        <step title="Generating deployment script" date="2025-06-22T21:48:41.154" >
          <step title="Using cached version of the deployment script for command: -y --no-dot-deployment -r &quot;C:\local\Temp\zipdeploy\extracted&quot; -o &quot;C:\home\site\deployments\tools&quot; --basic --sitePath &quot;C:\local\Temp\zipdeploy\extracted&quot;" date="2025-06-22T21:48:41.169" /><!-- duration: 0ms -->
          <step title="Using cached version of deployment script (command: &apos;azure -y --no-dot-deployment -r &quot;C:\local\Temp\zipdeploy\extracted&quot; -o &quot;C:\home\site\deployments\tools&quot; --basic --sitePath &quot;C:\local\Temp\zipdeploy\extracted&quot;&apos;)." date="2025-06-22T21:48:41.169" /><!-- duration: 0ms -->
        </step><!-- duration: 16ms -->
        <step title="Running deployment command..." date="2025-06-22T21:48:41.185" /><!-- duration: 16ms -->
        <step title="Command: &quot;C:\home\site\deployments\tools\deploy.cmd&quot;" date="2025-06-22T21:48:41.201" /><!-- duration: 0ms -->
        <step title="Executing external process" date="2025-06-22T21:48:41.216" type="process" path="starter.cmd" arguments="&quot;C:\home\site\deployments\tools\deploy.cmd&quot;" >
          <step title="Handling Basic Web Site deployment." date="2025-06-22T21:48:41.310" /><!-- duration: 0ms -->
          <step title="Creating app_offline.htm" date="2025-06-22T21:48:41.466" /><!-- duration: 0ms -->
          <step title="KuduSync.NET from: &apos;C:\local\Temp\zipdeploy\extracted&apos; to: &apos;C:\home\site\wwwroot&apos;" date="2025-06-22T21:48:41.466" /><!-- duration: 0ms -->
          <step title="Copying file: &apos;whiteboard.db&apos;" date="2025-06-22T21:48:41.466" /><!-- duration: 0ms -->
          <step title="Deleting app_offline.htm" date="2025-06-22T21:48:41.482" /><!-- duration: 0ms -->
          <step title="Finished successfully." date="2025-06-22T21:48:41.482" /><!-- duration: 0ms -->
        </step><!-- duration: 266ms -->
        <step title="Running post deployment command(s)..." date="2025-06-22T21:48:41.498" /><!-- duration: 16ms -->
        <step title="Triggering recycle (preview mode disabled)." date="2025-06-22T21:48:41.529" /><!-- duration: 0ms -->
        <step title="Ignoring FS watcher based recycle request as this is a classic Windows app." date="2025-06-22T21:48:41.529" /><!-- duration: 0ms -->
        <step title="Deployment successful. DEPLOYMENTINFO: deploymentPath = ZipDeploy. Extract zip. , deployer = ms-azuretools-vscode, os = windows, sku = Free, siteName = Whiteboardv2-backend, siteHostName = whiteboardv2-backend-ckf7efgxbxbjg0ft.eastus-01.azurewebsites.net, deploymentStatus = Success" date="2025-06-22T21:48:41.544" /><!-- duration: 16ms -->
      </step><!-- duration: 469ms -->
    </step><!-- duration: 610ms -->
    <step title="Cleaning up temp files" date="2025-06-22T21:48:41.607" /><!-- duration: 16ms -->
    <step title="Skip function trigger and logicapp sync because function is not enabled." date="2025-06-22T21:48:41.623" /><!-- duration: 0ms -->
  </step><!-- duration: 1250ms -->
  <step title="LockFile &apos;C:\home\site\locks\deployments.lock&apos; released" date="2025-06-22T21:48:41.638" /><!-- duration: 16ms -->
  <step title="Deleting shutdown sentinel file" date="2025-06-22T21:48:41.654" SemaphoreCount="8" /><!-- duration: 0ms -->
</step><!-- duration: 1313ms -->
