<step title="Incoming Request" date="2025-06-22T21:33:48.492" instance="46bc5b" url="/api/zipdeploy?author=ms-azuretools-vscode&amp;deployer=ms-azuretools-vscode&amp;isAsync=true&amp;trackDeploymentId=true" method="POST" type="request" pid="11476,2,8" Connection="Keep-Alive" Transfer-Encoding="chunked" Accept-Encoding="gzip,deflate" Accept-Language="en" Authorization="Bea..." Host="whiteboardv2-backend-ckf7efgxbxbjg0ft.scm.eastus-01.azurewebsites.net" User-Agent="vscode-azureappservice/0.26.2 core-rest-pipeline/1.20.0 Node/22.15.1 OS/(arm64-Darwin-24.5.0)" x-ms-correlation-request-id="2dbb74af-bb79-40b1-9603-f713b1964c33" x-ms-client-request-id="04be3b10-7e6a-4b61-8c9f-a7a59e6b7ce9" X-ARR-LOG-ID="04be3b10-7e6a-4b61-8c9f-a7a59e6b7ce9" CLIENT-IP="67.2.17.107:60027" X-SITE-DEPLOYMENT-ID="Whiteboardv2-backend" WAS-DEFAULT-HOSTNAME="whiteboardv2-backend-ckf7efgxbxbjg0ft.scm.eastus-01.azurewebsites.net" X-Forwarded-Proto="https" X-AppService-Proto="https" X-Forwarded-TlsVersion="1.3" X-WAWS-Unencoded-URL="/api/zipdeploy?author=ms-azuretools-vscode&amp;deployer=ms-azuretools-vscode&amp;isAsync=true&amp;trackDeploymentId=true" X-MS-COLDSTART="1" >
  <step title="ZipPushDeploy" date="2025-06-22T21:33:48.726" >
    <step title="ZipDeploy. Extract zip. " date="2025-06-22T21:33:48.742" /><!-- duration: 0ms -->
    <step title="Starting PushDeployAsync" date="2025-06-22T21:33:48.742" /><!-- duration: 0ms -->
    <step title="Updating shutdown sentinel last write time" date="2025-06-22T21:33:48.789" SemaphoreCount="7" /><!-- duration: 0ms -->
    <step title="LockFile &apos;C:\home\site\locks\deployments.lock&apos; acquired" date="2025-06-22T21:33:48.789" /><!-- duration: 0ms -->
    <step title="Saving request content to C:\local\Temp\zipdeploy\nf2h0jjh.zip" date="2025-06-22T21:33:48.804" >
      <step title="Total 16,585,127 bytes written to C:\local\Temp\zipdeploy\nf2h0jjh.zip" date="2025-06-22T21:33:54.587" /><!-- duration: 0ms -->
    </step><!-- duration: 5783ms -->
    <step title="LockFile &apos;C:\home\site\locks\deployments.lock&apos; released" date="2025-06-22T21:33:54.587" /><!-- duration: 0ms -->
    <step title="Deleting shutdown sentinel file" date="2025-06-22T21:33:54.603" SemaphoreCount="8" /><!-- duration: 0ms -->
    <step title="Starting FetchDeploy" date="2025-06-22T21:33:54.603" /><!-- duration: 16ms -->
    <step title="Start deployment in the background" date="2025-06-22T21:33:54.618" /><!-- duration: 47ms -->
  </step><!-- duration: 5939ms -->
  <step title="Outgoing response" date="2025-06-22T21:33:54.681" type="response" statusCode="202" statusText="Accepted" Server="Microsoft-IIS/10.0" x-ms-request-id="04be3b10-7e6a-4b61-8c9f-a7a59e6b7ce9" Retry-After="30" Cache-Control="private" X-AspNet-Version="4.0.30319" Location="https://whiteboardv2-backend-ckf7efgxbxbjg0ft.scm.eastus-01.azurewebsites.net/api/deployments/latest?deployer=ms-azuretools-vscode&amp;time=2025-06-22_21-33-54Z" /><!-- duration: 0ms -->
</step><!-- duration: 6205ms -->
