<step title="BackgroundTrace" date="2025-06-21T06:33:49.650" instance="46bc5b" url="/api/zipdeploy" method="POST" >
  <step title="Updating shutdown sentinel last write time" date="2025-06-21T06:33:49.650" SemaphoreCount="7" /><!-- duration: 16ms -->
  <step title="LockFile &apos;C:\home\site\locks\deployments.lock&apos; acquired" date="2025-06-21T06:33:49.666" /><!-- duration: 0ms -->
  <step title="Creating temporary deployment" date="2025-06-21T06:33:49.666" /><!-- duration: 16ms -->
  <step title="Performing fetch based deployment" date="2025-06-21T06:33:49.681" >
    <step title="Fetching changes." date="2025-06-21T06:33:49.713" /><!-- duration: 16ms -->
    <step title="Starting LocalZipHandler" date="2025-06-21T06:33:49.728" /><!-- duration: 0ms -->
    <step title="Cleaning up temp folders from previous zip deployments and extracting pushed zip file C:\local\Temp\zipdeploy\pdmnidos.zip (15.82 MB) to C:\local\Temp\zipdeploy\extracted" date="2025-06-21T06:33:49.744" /><!-- duration: 0ms -->
    <step title="Cleaning up temp folders from previous zip deployments and extracting pushed zip file C:\local\Temp\zipdeploy\pdmnidos.zip (15.82 MB) to C:\local\Temp\zipdeploy\extracted" date="2025-06-21T06:33:49.744" >
      <step title="Renaming extractTargetDirectory(C:\local\Temp\zipdeploy\extracted) to tempDirectory(C:\local\Temp\zipdeploy\dbprhvmh.hbw)" date="2025-06-21T06:33:49.759" /><!-- duration: 0ms -->
      <step title="Extracting 58 entries to C:\local\Temp\zipdeploy\extracted directory" date="2025-06-21T06:33:49.759" >
        <step title="Extracting to C:\local\Temp\zipdeploy\extracted\Swashbuckle.AspNetCore.Swagger.dll ..." date="2025-06-21T06:33:49.759" /><!-- duration: 0ms -->
        <step title="Extracting to C:\local\Temp\zipdeploy\extracted\Microsoft.Data.Sqlite.dll ..." date="2025-06-21T06:33:49.775" /><!-- duration: 0ms -->
        <step title="Extracting to C:\local\Temp\zipdeploy\extracted\Microsoft.Extensions.Diagnostics.Abstractions.dll ..." date="2025-06-21T06:33:49.775" /><!-- duration: 0ms -->
        <step title="Extracting to C:\local\Temp\zipdeploy\extracted\Microsoft.Extensions.DependencyInjection.Abstractions.dll ..." date="2025-06-21T06:33:49.775" /><!-- duration: 0ms -->
        <step title="Extracting to C:\local\Temp\zipdeploy\extracted\appsettings.Development.json ..." date="2025-06-21T06:33:49.791" /><!-- duration: 0ms -->
        <step title="Omitting extracting file traces ..." date="2025-06-21T06:33:49.791" /><!-- duration: 0ms -->
        <step title="Extracting to C:\local\Temp\zipdeploy\extracted\Microsoft.Extensions.Hosting.Abstractions.dll ..." date="2025-06-21T06:33:50.244" /><!-- duration: 0ms -->
        <step title="Extracting to C:\local\Temp\zipdeploy\extracted\Microsoft.EntityFrameworkCore.dll ..." date="2025-06-21T06:33:50.244" /><!-- duration: 31ms -->
        <step title="Extracting to C:\local\Temp\zipdeploy\extracted\Microsoft.Extensions.ObjectPool.dll ..." date="2025-06-21T06:33:50.275" /><!-- duration: 0ms -->
        <step title="Extracting to C:\local\Temp\zipdeploy\extracted\Microsoft.IdentityModel.Logging.dll ..." date="2025-06-21T06:33:50.275" /><!-- duration: 0ms -->
        <step title="Extracting to C:\local\Temp\zipdeploy\extracted\Microsoft.EntityFrameworkCore.Sqlite.dll ..." date="2025-06-21T06:33:50.291" /><!-- duration: 0ms -->
      </step><!-- duration: 531ms -->
    </step><!-- duration: 547ms -->
    <step title="Before sending BuildRequestReceived status to /api/updatedeploystatus" date="2025-06-21T06:33:50.291" /><!-- duration: 0ms -->
    <step title="DeploymentManager.Deploy(id:1090eb1f7d7a446f844518f3e93f2ad3)" date="2025-06-21T06:33:50.306" >
      <step title="Collecting changeset information" date="2025-06-21T06:33:50.306" /><!-- duration: 16ms -->
      <step title="Updating submodules" date="2025-06-21T06:33:50.322" >
        <step title="Updating submodules." date="2025-06-21T06:33:50.353" /><!-- duration: 0ms -->
      </step><!-- duration: 31ms -->
      <step title="Preparing deployment for commit id &apos;1090eb1f7d&apos;." date="2025-06-21T06:33:50.369" /><!-- duration: 0ms -->
      <step title="Determining deployment builder" date="2025-06-21T06:33:50.384" >
        <step title="Builder is BasicBuilder" date="2025-06-21T06:33:50.400" /><!-- duration: 0ms -->
      </step><!-- duration: 16ms -->
      <step title="Copying SSH keys" date="2025-06-21T06:33:50.400" /><!-- duration: 16ms -->
      <step title="Building" date="2025-06-21T06:33:50.416" >
        <step title="Generating deployment script." date="2025-06-21T06:33:50.431" /><!-- duration: 0ms -->
        <step title="Generating deployment script" date="2025-06-21T06:33:50.431" >
          <step title="Using cached version of the deployment script for command: -y --no-dot-deployment -r &quot;C:\local\Temp\zipdeploy\extracted&quot; -o &quot;C:\home\site\deployments\tools&quot; --basic --sitePath &quot;C:\local\Temp\zipdeploy\extracted&quot;" date="2025-06-21T06:33:50.447" /><!-- duration: 0ms -->
          <step title="Using cached version of deployment script (command: &apos;azure -y --no-dot-deployment -r &quot;C:\local\Temp\zipdeploy\extracted&quot; -o &quot;C:\home\site\deployments\tools&quot; --basic --sitePath &quot;C:\local\Temp\zipdeploy\extracted&quot;&apos;)." date="2025-06-21T06:33:50.463" /><!-- duration: 0ms -->
        </step><!-- duration: 31ms -->
        <step title="Running deployment command..." date="2025-06-21T06:33:50.478" /><!-- duration: 0ms -->
        <step title="Command: &quot;C:\home\site\deployments\tools\deploy.cmd&quot;" date="2025-06-21T06:33:50.494" /><!-- duration: 0ms -->
        <step title="Executing external process" date="2025-06-21T06:33:50.494" type="process" path="starter.cmd" arguments="&quot;C:\home\site\deployments\tools\deploy.cmd&quot;" >
          <step title="Handling Basic Web Site deployment." date="2025-06-21T06:33:50.603" /><!-- duration: 0ms -->
          <step title="Creating app_offline.htm" date="2025-06-21T06:33:50.759" /><!-- duration: 0ms -->
          <step title="KuduSync.NET from: &apos;C:\local\Temp\zipdeploy\extracted&apos; to: &apos;C:\home\site\wwwroot&apos;" date="2025-06-21T06:33:50.759" /><!-- duration: 0ms -->
          <step title="Copying file: &apos;whiteboard.db&apos;" date="2025-06-21T06:33:50.759" /><!-- duration: 16ms -->
          <step title="Deleting app_offline.htm" date="2025-06-21T06:33:50.775" /><!-- duration: 0ms -->
          <step title="Finished successfully." date="2025-06-21T06:33:50.775" /><!-- duration: 0ms -->
        </step><!-- duration: 281ms -->
        <step title="Running post deployment command(s)..." date="2025-06-21T06:33:50.806" /><!-- duration: 0ms -->
        <step title="Triggering recycle (preview mode disabled)." date="2025-06-21T06:33:50.838" /><!-- duration: 0ms -->
        <step title="Ignoring FS watcher based recycle request as this is a classic Windows app." date="2025-06-21T06:33:50.838" /><!-- duration: 0ms -->
        <step title="Deployment successful. DEPLOYMENTINFO: deploymentPath = ZipDeploy. Extract zip. , deployer = ms-azuretools-vscode, os = windows, sku = Free, siteName = Whiteboardv2-backend, siteHostName = whiteboardv2-backend-ckf7efgxbxbjg0ft.eastus-01.azurewebsites.net, deploymentStatus = Success" date="2025-06-21T06:33:50.869" /><!-- duration: 0ms -->
      </step><!-- duration: 516ms -->
    </step><!-- duration: 625ms -->
    <step title="Cleaning up temp files" date="2025-06-21T06:33:50.947" /><!-- duration: 0ms -->
    <step title="Skip function trigger and logicapp sync because function is not enabled." date="2025-06-21T06:33:50.947" /><!-- duration: 0ms -->
  </step><!-- duration: 1281ms -->
  <step title="LockFile &apos;C:\home\site\locks\deployments.lock&apos; released" date="2025-06-21T06:33:50.978" /><!-- duration: 0ms -->
  <step title="Deleting shutdown sentinel file" date="2025-06-21T06:33:50.978" SemaphoreCount="8" /><!-- duration: 0ms -->
</step><!-- duration: 1328ms -->
