<step title="Incoming Request" date="2025-06-22T23:11:20.077" instance="46bc5b" url="/api/publish?type=zip" method="POST" type="request" pid="25284,2,8" Cache-Control="no-cache" Connection="Keep-Alive" Content-Length="16251770" Content-Type="application/octet-stream" Accept="*/*" Accept-Encoding="gzip, deflate" Authorization="Bas..." Host="whiteboardv2-backend-ckf7efgxbxbjg0ft.scm.eastus-01.azurewebsites.net" User-Agent="AZURECLI/2.73.0 (HOMEBREW)" x-ms-client-request-id="312fde3e-4fbe-11f0-9c73-7a5b12043ae0" X-ARR-LOG-ID="312fde3e-4fbe-11f0-9c73-7a5b12043ae0" CLIENT-IP="24.10.224.120:51978" X-SITE-DEPLOYMENT-ID="Whiteboardv2-backend" WAS-DEFAULT-HOSTNAME="whiteboardv2-backend-ckf7efgxbxbjg0ft.scm.eastus-01.azurewebsites.net" X-Forwarded-Proto="https" X-AppService-Proto="https" X-Forwarded-TlsVersion="1.3" X-WAWS-Unencoded-URL="/api/publish?type=zip" X-MS-COLDSTART="1" >
  <step title="OneDeploy" date="2025-06-22T23:11:20.280" >
    <step title="Starting PushDeployAsync" date="2025-06-22T23:11:20.327" /><!-- duration: 16ms -->
    <step title="Updating shutdown sentinel last write time" date="2025-06-22T23:11:20.373" SemaphoreCount="7" /><!-- duration: 0ms -->
    <step title="LockFile &apos;C:\home\site\locks\deployments.lock&apos; acquired" date="2025-06-22T23:11:20.389" /><!-- duration: 0ms -->
    <step title="Saving request content to C:\local\Temp\zipdeploy\ncxtexzz.zip" date="2025-06-22T23:11:20.389" >
      <step title="Total 16,251,770 bytes written to C:\local\Temp\zipdeploy\ncxtexzz.zip" date="2025-06-22T23:11:27.033" /><!-- duration: 0ms -->
    </step><!-- duration: 6660ms -->
    <step title="LockFile &apos;C:\home\site\locks\deployments.lock&apos; released" date="2025-06-22T23:11:27.049" /><!-- duration: 16ms -->
    <step title="Deleting shutdown sentinel file" date="2025-06-22T23:11:27.064" SemaphoreCount="8" /><!-- duration: 0ms -->
    <step title="Starting FetchDeploy" date="2025-06-22T23:11:27.064" /><!-- duration: 16ms -->
    <step title="Attempting to fetch target branch HEAD" date="2025-06-22T23:11:27.080" /><!-- duration: 0ms -->
    <step title="Updating shutdown sentinel last write time" date="2025-06-22T23:11:27.080" SemaphoreCount="7" /><!-- duration: 0ms -->
    <step title="LockFile &apos;C:\home\site\locks\deployments.lock&apos; acquired" date="2025-06-22T23:11:27.096" /><!-- duration: 0ms -->
    <step title="Performing fetch based deployment" date="2025-06-22T23:11:27.096" >
      <step title="Creating temporary deployment" date="2025-06-22T23:11:27.096" /><!-- duration: 47ms -->
      <step title="Fetching changes." date="2025-06-22T23:11:27.174" /><!-- duration: 16ms -->
      <step title="Starting LocalZipHandler" date="2025-06-22T23:11:27.189" /><!-- duration: 0ms -->
      <step title="Starting LocalZipFetch" date="2025-06-22T23:11:27.189" /><!-- duration: 16ms -->
      <step title="Cleaning up temp folders from previous zip deployments and extracting pushed zip file C:\local\Temp\zipdeploy\ncxtexzz.zip (15.50 MB) to C:\local\Temp\zipdeploy\extracted" date="2025-06-22T23:11:27.205" /><!-- duration: 0ms -->
      <step title="Cleaning up temp folders from previous zip deployments and extracting pushed zip file C:\local\Temp\zipdeploy\ncxtexzz.zip (15.50 MB) to C:\local\Temp\zipdeploy\extracted" date="2025-06-22T23:11:27.205" >
        <step title="Extracting 133 entries to C:\local\Temp\zipdeploy\extracted directory" date="2025-06-22T23:11:27.205" >
          <step title="Extracting to C:\local\Temp\zipdeploy\extracted\Microsoft.AspNetCore.Connections.Abstractions.dll ..." date="2025-06-22T23:11:27.221" /><!-- duration: 0ms -->
          <step title="Extracting to C:\local\Temp\zipdeploy\extracted\Microsoft.EntityFrameworkCore.Sqlite.dll ..." date="2025-06-22T23:11:27.221" /><!-- duration: 0ms -->
          <step title="Extracting to C:\local\Temp\zipdeploy\extracted\Microsoft.AspNetCore.Http.Connections.Client.dll ..." date="2025-06-22T23:11:27.221" /><!-- duration: 16ms -->
          <step title="Extracting to C:\local\Temp\zipdeploy\extracted\Microsoft.IdentityModel.Logging.dll ..." date="2025-06-22T23:11:27.236" /><!-- duration: 0ms -->
          <step title="Extracting to C:\local\Temp\zipdeploy\extracted\Microsoft.EntityFrameworkCore.dll ..." date="2025-06-22T23:11:27.236" /><!-- duration: 31ms -->
          <step title="Omitting extracting file traces ..." date="2025-06-22T23:11:27.267" /><!-- duration: 0ms -->
        </step><!-- duration: 562ms -->
      </step><!-- duration: 562ms -->
      <step title="None repository commit" date="2025-06-22T23:11:27.767" >
        <step title="Commit id: 1fd5193969c342d384f2d0604bcc5e04" date="2025-06-22T23:11:27.767" Message="OneDeploy" AuthorName="N/A" AuthorEmail="N/A" /><!-- duration: 0ms -->
      </step><!-- duration: 16ms -->
      <step title="Before sending BuildRequestReceived status to /api/updatedeploystatus" date="2025-06-22T23:11:27.783" /><!-- duration: 0ms -->
      <step title="DeploymentManager.Deploy(id:1fd5193969c342d384f2d0604bcc5e04)" date="2025-06-22T23:11:27.783" >
        <step title="Collecting changeset information" date="2025-06-22T23:11:27.799" /><!-- duration: 0ms -->
        <step title="Updating submodules" date="2025-06-22T23:11:27.814" >
          <step title="Updating submodules." date="2025-06-22T23:11:27.830" /><!-- duration: 0ms -->
        </step><!-- duration: 31ms -->
        <step title="Preparing deployment for commit id &apos;1fd5193969&apos;." date="2025-06-22T23:11:27.861" /><!-- duration: 0ms -->
        <step title="Determining deployment builder" date="2025-06-22T23:11:27.892" >
          <step title="Builder is OneDeployBuilder" date="2025-06-22T23:11:27.892" /><!-- duration: 0ms -->
        </step><!-- duration: 0ms -->
        <step title="Copying SSH keys" date="2025-06-22T23:11:27.908" /><!-- duration: 0ms -->
        <step title="Building" date="2025-06-22T23:11:27.908" >
          <step title="Running build. Project type: OneDeploy" date="2025-06-22T23:11:27.924" /><!-- duration: 0ms -->
          <step title="Copying the manifest" date="2025-06-22T23:11:27.955" /><!-- duration: 0ms -->
          <step title="Clean deploying to C:\home\site\wwwroot" date="2025-06-22T23:11:27.971" /><!-- duration: 0ms -->
          <step title="Generating deployment script." date="2025-06-22T23:11:28.002" /><!-- duration: 0ms -->
          <step title="Generating deployment script" date="2025-06-22T23:11:28.002" >
            <step title="Using cached version of the deployment script for command: -y --no-dot-deployment -r &quot;C:\local\Temp\zipdeploy\extracted&quot; -o &quot;C:\home\site\deployments\tools&quot; --basic --sitePath &quot;C:\local\Temp\zipdeploy\extracted&quot;" date="2025-06-22T23:11:28.033" /><!-- duration: 0ms -->
            <step title="Using cached version of deployment script (command: &apos;azure -y --no-dot-deployment -r &quot;C:\local\Temp\zipdeploy\extracted&quot; -o &quot;C:\home\site\deployments\tools&quot; --basic --sitePath &quot;C:\local\Temp\zipdeploy\extracted&quot;&apos;)." date="2025-06-22T23:11:28.049" /><!-- duration: 0ms -->
          </step><!-- duration: 47ms -->
          <step title="Running deployment command..." date="2025-06-22T23:11:28.080" /><!-- duration: 0ms -->
          <step title="Command: &quot;C:\home\site\deployments\tools\deploy.cmd&quot;" date="2025-06-22T23:11:28.080" /><!-- duration: 0ms -->
          <step title="Executing external process" date="2025-06-22T23:11:28.096" type="process" path="starter.cmd" arguments="&quot;C:\home\site\deployments\tools\deploy.cmd&quot;" >
            <step title="Handling Basic Web Site deployment." date="2025-06-22T23:11:28.205" /><!-- duration: 0ms -->
            <step title="Creating app_offline.htm" date="2025-06-22T23:11:28.424" /><!-- duration: 16ms -->
            <step title="KuduSync.NET from: &apos;C:\local\Temp\zipdeploy\extracted&apos; to: &apos;C:\home\site\wwwroot&apos;" date="2025-06-22T23:11:28.439" /><!-- duration: 0ms -->
            <step title="Copying file: &apos;appsettings.json&apos;" date="2025-06-22T23:11:28.455" /><!-- duration: 0ms -->
            <step title="Copying file: &apos;Whiteboard&apos;" date="2025-06-22T23:11:28.455" /><!-- duration: 16ms -->
            <step title="Copying file: &apos;Whiteboard.deps.json&apos;" date="2025-06-22T23:11:28.471" /><!-- duration: 0ms -->
            <step title="Copying file: &apos;Whiteboard.dll&apos;" date="2025-06-22T23:11:28.471" /><!-- duration: 0ms -->
            <step title="Copying file: &apos;Whiteboard.pdb&apos;" date="2025-06-22T23:11:28.486" /><!-- duration: 0ms -->
            <step title="Copying file: &apos;publish\Whiteboard.deps.json&apos;" date="2025-06-22T23:11:28.486" /><!-- duration: 16ms -->
            <step title="Copying file: &apos;publish\publish\Whiteboard.deps.json&apos;" date="2025-06-22T23:11:28.517" /><!-- duration: 31ms -->
            <step title="Copying file: &apos;publish\publish\publish\Whiteboard.deps.json&apos;" date="2025-06-22T23:11:28.549" /><!-- duration: 0ms -->
            <step title="Copying file: &apos;publish\publish\publish\publish\Whiteboard.deps.json&apos;" date="2025-06-22T23:11:28.564" /><!-- duration: 0ms -->
            <step title="Copying file: &apos;publish\publish\publish\publish\Whiteboard.runtimeconfig.json&apos;" date="2025-06-22T23:11:28.564" /><!-- duration: 0ms -->
            <step title="Copying file: &apos;publish\publish\publish\publish\publish\appsettings.Development.json&apos;" date="2025-06-22T23:11:28.580" /><!-- duration: 0ms -->
            <step title="Copying file: &apos;publish\publish\publish\publish\publish\appsettings.json&apos;" date="2025-06-22T23:11:28.596" /><!-- duration: 0ms -->
            <step title="Copying file: &apos;publish\publish\publish\publish\publish\Whiteboard.deps.json&apos;" date="2025-06-22T23:11:28.596" /><!-- duration: 0ms -->
            <step title="Copying file: &apos;publish\publish\publish\publish\publish\Whiteboard.runtimeconfig.json&apos;" date="2025-06-22T23:11:28.596" /><!-- duration: 16ms -->
            <step title="Copying file: &apos;publish\publish\publish\publish\publish\web.config&apos;" date="2025-06-22T23:11:28.611" /><!-- duration: 0ms -->
            <step title="Deleting app_offline.htm" date="2025-06-22T23:11:28.627" /><!-- duration: 0ms -->
            <step title="Finished successfully." date="2025-06-22T23:11:28.627" /><!-- duration: 0ms -->
          </step><!-- duration: 531ms -->
          <step title="Build completed succesfully." date="2025-06-22T23:11:28.658" /><!-- duration: 0ms -->
          <step title="Running post deployment command(s)..." date="2025-06-22T23:11:28.674" /><!-- duration: 0ms -->
          <step title="Requesting site restart" date="2025-06-22T23:11:28.705" /><!-- duration: 0ms -->
          <step title="Requesting site restart" date="2025-06-22T23:11:28.705" /><!-- duration: 0ms -->
          <step title="Requesting site restart. Attempt #1" date="2025-06-22T23:11:28.736" /><!-- duration: 0ms -->
          <step title="Requesting site restart. Attempt #1" date="2025-06-22T23:11:28.736" /><!-- duration: 0ms -->
          <step title="Successfully requested a restart. Attempt #1" date="2025-06-22T23:11:28.877" /><!-- duration: 0ms -->
          <step title="Successfully requested a restart. Attempt #1" date="2025-06-22T23:11:28.892" /><!-- duration: 0ms -->
          <step title="Deployment successful. DEPLOYMENTINFO: deploymentPath = OneDeploy, deployer = OneDeploy, os = windows, sku = Free, siteName = Whiteboardv2-backend, siteHostName = whiteboardv2-backend-ckf7efgxbxbjg0ft.eastus-01.azurewebsites.net, deploymentStatus = Success" date="2025-06-22T23:11:28.908" /><!-- duration: 0ms -->
          <step title="Purge deployment items" date="2025-06-22T23:11:29.002" >
            <step title="Remove aead02887, Success, received at 4/18/2025 4:38:28 AM" date="2025-06-22T23:11:29.064" /><!-- duration: 0ms -->
          </step><!-- duration: 63ms -->
        </step><!-- duration: 1156ms -->
      </step><!-- duration: 1297ms -->
      <step title="Cleaning up temp files" date="2025-06-22T23:11:29.080" /><!-- duration: 0ms -->
      <step title="Skip function trigger and logicapp sync because function is not enabled." date="2025-06-22T23:11:29.080" /><!-- duration: 16ms -->
    </step><!-- duration: 2016ms -->
    <step title="LockFile &apos;C:\home\site\locks\deployments.lock&apos; released" date="2025-06-22T23:11:29.111" /><!-- duration: 0ms -->
    <step title="Deleting shutdown sentinel file" date="2025-06-22T23:11:29.127" SemaphoreCount="8" /><!-- duration: 0ms -->
  </step><!-- duration: 8847ms -->
  <step title="Outgoing response" date="2025-06-22T23:11:29.142" type="response" statusCode="200" statusText="OK" Server="Microsoft-IIS/10.0" x-ms-request-id="312fde3e-4fbe-11f0-9c73-7a5b12043ae0" Cache-Control="private" X-AspNet-Version="4.0.30319" /><!-- duration: 0ms -->
</step><!-- duration: 9081ms -->
