<step title="BackgroundTrace" date="2025-06-21T05:09:48.970" instance="46bc5b" url="/api/zipdeploy" method="POST" >
  <step title="Cleanup Xml Logs" date="2025-06-21T05:09:48.985" /><!-- duration: 0ms -->
  <step title="Updating shutdown sentinel last write time" date="2025-06-21T05:09:48.985" SemaphoreCount="7" /><!-- duration: 16ms -->
  <step title="LockFile &apos;C:\home\site\locks\deployments.lock&apos; acquired" date="2025-06-21T05:09:49.001" /><!-- duration: 0ms -->
  <step title="Creating temporary deployment" date="2025-06-21T05:09:49.001" /><!-- duration: 16ms -->
  <step title="Performing fetch based deployment" date="2025-06-21T05:09:49.016" >
    <step title="Fetching changes." date="2025-06-21T05:09:49.063" /><!-- duration: 16ms -->
    <step title="Starting LocalZipHandler" date="2025-06-21T05:09:49.079" /><!-- duration: 0ms -->
    <step title="Cleaning up temp folders from previous zip deployments and extracting pushed zip file C:\local\Temp\zipdeploy\n3x1dyah.zip (15.82 MB) to C:\local\Temp\zipdeploy\extracted" date="2025-06-21T05:09:49.095" /><!-- duration: 0ms -->
    <step title="Cleaning up temp folders from previous zip deployments and extracting pushed zip file C:\local\Temp\zipdeploy\n3x1dyah.zip (15.82 MB) to C:\local\Temp\zipdeploy\extracted" date="2025-06-21T05:09:49.110" >
      <step title="Extracting 58 entries to C:\local\Temp\zipdeploy\extracted directory" date="2025-06-21T05:09:49.110" >
        <step title="Extracting to C:\local\Temp\zipdeploy\extracted\Swashbuckle.AspNetCore.Swagger.dll ..." date="2025-06-21T05:09:49.110" /><!-- duration: 0ms -->
        <step title="Extracting to C:\local\Temp\zipdeploy\extracted\Microsoft.Data.Sqlite.dll ..." date="2025-06-21T05:09:49.110" /><!-- duration: 16ms -->
        <step title="Extracting to C:\local\Temp\zipdeploy\extracted\Microsoft.Extensions.Diagnostics.Abstractions.dll ..." date="2025-06-21T05:09:49.126" /><!-- duration: 0ms -->
        <step title="Extracting to C:\local\Temp\zipdeploy\extracted\Microsoft.Extensions.DependencyInjection.Abstractions.dll ..." date="2025-06-21T05:09:49.126" /><!-- duration: 0ms -->
        <step title="Extracting to C:\local\Temp\zipdeploy\extracted\appsettings.Development.json ..." date="2025-06-21T05:09:49.126" /><!-- duration: 16ms -->
        <step title="Omitting extracting file traces ..." date="2025-06-21T05:09:49.141" /><!-- duration: 0ms -->
        <step title="Extracting to C:\local\Temp\zipdeploy\extracted\Microsoft.Extensions.Hosting.Abstractions.dll ..." date="2025-06-21T05:09:49.595" /><!-- duration: 0ms -->
        <step title="Extracting to C:\local\Temp\zipdeploy\extracted\Microsoft.EntityFrameworkCore.dll ..." date="2025-06-21T05:09:49.595" /><!-- duration: 31ms -->
        <step title="Extracting to C:\local\Temp\zipdeploy\extracted\Microsoft.Extensions.ObjectPool.dll ..." date="2025-06-21T05:09:49.626" /><!-- duration: 0ms -->
        <step title="Extracting to C:\local\Temp\zipdeploy\extracted\Microsoft.IdentityModel.Logging.dll ..." date="2025-06-21T05:09:49.626" /><!-- duration: 0ms -->
        <step title="Extracting to C:\local\Temp\zipdeploy\extracted\Microsoft.EntityFrameworkCore.Sqlite.dll ..." date="2025-06-21T05:09:49.626" /><!-- duration: 16ms -->
      </step><!-- duration: 531ms -->
    </step><!-- duration: 531ms -->
    <step title="Before sending BuildRequestReceived status to /api/updatedeploystatus" date="2025-06-21T05:09:49.657" /><!-- duration: 0ms -->
    <step title="DeploymentManager.Deploy(id:f973123b650a4d97931ce2a06a8ae1eb)" date="2025-06-21T05:09:49.657" >
      <step title="Collecting changeset information" date="2025-06-21T05:09:49.657" /><!-- duration: 16ms -->
      <step title="Updating submodules" date="2025-06-21T05:09:49.688" >
        <step title="Updating submodules." date="2025-06-21T05:09:49.704" /><!-- duration: 0ms -->
      </step><!-- duration: 16ms -->
      <step title="Preparing deployment for commit id &apos;f973123b65&apos;." date="2025-06-21T05:09:49.720" /><!-- duration: 0ms -->
      <step title="Determining deployment builder" date="2025-06-21T05:09:49.735" >
        <step title="Builder is BasicBuilder" date="2025-06-21T05:09:49.751" /><!-- duration: 0ms -->
      </step><!-- duration: 16ms -->
      <step title="Copying SSH keys" date="2025-06-21T05:09:49.876" /><!-- duration: 0ms -->
      <step title="Building" date="2025-06-21T05:09:49.876" >
        <step title="Generating deployment script." date="2025-06-21T05:09:49.891" /><!-- duration: 16ms -->
        <step title="Generating deployment script" date="2025-06-21T05:09:49.907" >
          <step title="Using the following command to generate deployment script: &apos;azure site deploymentscript -y --no-dot-deployment -r &quot;C:\local\Temp\zipdeploy\extracted&quot; -o &quot;C:\home\site\deployments\tools&quot; --basic --sitePath &quot;C:\local\Temp\zipdeploy\extracted&quot;&apos;." date="2025-06-21T05:09:49.923" /><!-- duration: 0ms -->
          <step title="Executing external process" date="2025-06-21T05:09:49.938" type="process" path="starter.cmd" arguments="&quot;C:\Program Files (x86)\SiteExtensions\Kudu\103.250502.001\bin\node_modules\.bin\kuduscript.cmd&quot; -y --no-dot-deployment -r &quot;C:\local\Temp\zipdeploy\extracted&quot; -o &quot;C:\home\site\deployments\tools&quot; --basic --sitePath &quot;C:\local\Temp\zipdeploy\extracted&quot;" >
            <step title="Generating deployment script for Web Site" date="2025-06-21T05:09:50.048" /><!-- duration: 0ms -->
            <step title="Generated deployment script files" date="2025-06-21T05:09:50.063" /><!-- duration: 0ms -->
          </step><!-- duration: 125ms -->
          <step title="Saved cached version of the deployment script for command -y --no-dot-deployment -r &quot;C:\local\Temp\zipdeploy\extracted&quot; -o &quot;C:\home\site\deployments\tools&quot; --basic --sitePath &quot;C:\local\Temp\zipdeploy\extracted&quot;" date="2025-06-21T05:09:50.063" /><!-- duration: 0ms -->
        </step><!-- duration: 172ms -->
        <step title="Running deployment command..." date="2025-06-21T05:09:50.110" /><!-- duration: 0ms -->
        <step title="Command: &quot;C:\home\site\deployments\tools\deploy.cmd&quot;" date="2025-06-21T05:09:50.110" /><!-- duration: 0ms -->
        <step title="Executing external process" date="2025-06-21T05:09:50.110" type="process" path="starter.cmd" arguments="&quot;C:\home\site\deployments\tools\deploy.cmd&quot;" >
          <step title="Handling Basic Web Site deployment." date="2025-06-21T05:09:50.235" /><!-- duration: 0ms -->
          <step title="Creating app_offline.htm" date="2025-06-21T05:09:50.673" /><!-- duration: 0ms -->
          <step title="KuduSync.NET from: &apos;C:\local\Temp\zipdeploy\extracted&apos; to: &apos;C:\home\site\wwwroot&apos;" date="2025-06-21T05:09:50.673" /><!-- duration: 0ms -->
          <step title="Copying file: &apos;whiteboard.db&apos;" date="2025-06-21T05:09:50.688" /><!-- duration: 0ms -->
          <step title="Deleting app_offline.htm" date="2025-06-21T05:09:50.688" /><!-- duration: 0ms -->
          <step title="Finished successfully." date="2025-06-21T05:09:50.688" /><!-- duration: 16ms -->
        </step><!-- duration: 594ms -->
        <step title="Running post deployment command(s)..." date="2025-06-21T05:09:50.720" /><!-- duration: 0ms -->
        <step title="Triggering recycle (preview mode disabled)." date="2025-06-21T05:09:50.751" /><!-- duration: 0ms -->
        <step title="Ignoring FS watcher based recycle request as this is a classic Windows app." date="2025-06-21T05:09:50.751" /><!-- duration: 0ms -->
        <step title="Deployment successful. DEPLOYMENTINFO: deploymentPath = ZipDeploy. Extract zip. , deployer = ms-azuretools-vscode, os = windows, sku = Free, siteName = Whiteboardv2-backend, siteHostName = whiteboardv2-backend-ckf7efgxbxbjg0ft.eastus-01.azurewebsites.net, deploymentStatus = Success" date="2025-06-21T05:09:50.782" /><!-- duration: 0ms -->
      </step><!-- duration: 953ms -->
    </step><!-- duration: 1172ms -->
    <step title="Cleaning up temp files" date="2025-06-21T05:09:50.829" /><!-- duration: 0ms -->
    <step title="Skip function trigger and logicapp sync because function is not enabled." date="2025-06-21T05:09:50.845" /><!-- duration: 0ms -->
  </step><!-- duration: 1828ms -->
  <step title="LockFile &apos;C:\home\site\locks\deployments.lock&apos; released" date="2025-06-21T05:09:50.860" /><!-- duration: 0ms -->
  <step title="Deleting shutdown sentinel file" date="2025-06-21T05:09:50.876" SemaphoreCount="8" /><!-- duration: 0ms -->
</step><!-- duration: 1906ms -->
