<step title="BackgroundTrace" date="2025-06-21T21:03:33.358" instance="46bc5b" url="/api/zipdeploy" method="POST" >
  <step title="Updating shutdown sentinel last write time" date="2025-06-21T21:03:33.358" SemaphoreCount="7" /><!-- duration: 0ms -->
  <step title="LockFile &apos;C:\home\site\locks\deployments.lock&apos; acquired" date="2025-06-21T21:03:33.358" /><!-- duration: 16ms -->
  <step title="Creating temporary deployment" date="2025-06-21T21:03:33.373" /><!-- duration: 31ms -->
  <step title="Performing fetch based deployment" date="2025-06-21T21:03:33.405" >
    <step title="Fetching changes." date="2025-06-21T21:03:33.452" /><!-- duration: 16ms -->
    <step title="Starting LocalZipHandler" date="2025-06-21T21:03:33.467" /><!-- duration: 0ms -->
    <step title="Cleaning up temp folders from previous zip deployments and extracting pushed zip file C:\local\Temp\zipdeploy\g04krmkc.zip (15.82 MB) to C:\local\Temp\zipdeploy\extracted" date="2025-06-21T21:03:33.498" /><!-- duration: 0ms -->
    <step title="Cleaning up temp folders from previous zip deployments and extracting pushed zip file C:\local\Temp\zipdeploy\g04krmkc.zip (15.82 MB) to C:\local\Temp\zipdeploy\extracted" date="2025-06-21T21:03:33.514" >
      <step title="Extracting 58 entries to C:\local\Temp\zipdeploy\extracted directory" date="2025-06-21T21:03:33.514" >
        <step title="Extracting to C:\local\Temp\zipdeploy\extracted\Swashbuckle.AspNetCore.Swagger.dll ..." date="2025-06-21T21:03:33.514" /><!-- duration: 0ms -->
        <step title="Extracting to C:\local\Temp\zipdeploy\extracted\Microsoft.Data.Sqlite.dll ..." date="2025-06-21T21:03:33.514" /><!-- duration: 16ms -->
        <step title="Extracting to C:\local\Temp\zipdeploy\extracted\Microsoft.Extensions.Diagnostics.Abstractions.dll ..." date="2025-06-21T21:03:33.530" /><!-- duration: 0ms -->
        <step title="Extracting to C:\local\Temp\zipdeploy\extracted\Microsoft.Extensions.DependencyInjection.Abstractions.dll ..." date="2025-06-21T21:03:33.530" /><!-- duration: 0ms -->
        <step title="Extracting to C:\local\Temp\zipdeploy\extracted\appsettings.Development.json ..." date="2025-06-21T21:03:33.545" /><!-- duration: 0ms -->
        <step title="Omitting extracting file traces ..." date="2025-06-21T21:03:33.545" /><!-- duration: 16ms -->
        <step title="Extracting to C:\local\Temp\zipdeploy\extracted\Microsoft.Extensions.Hosting.Abstractions.dll ..." date="2025-06-21T21:03:33.998" /><!-- duration: 16ms -->
        <step title="Extracting to C:\local\Temp\zipdeploy\extracted\Microsoft.EntityFrameworkCore.dll ..." date="2025-06-21T21:03:34.014" /><!-- duration: 31ms -->
        <step title="Extracting to C:\local\Temp\zipdeploy\extracted\Microsoft.Extensions.ObjectPool.dll ..." date="2025-06-21T21:03:34.045" /><!-- duration: 0ms -->
        <step title="Extracting to C:\local\Temp\zipdeploy\extracted\Microsoft.IdentityModel.Logging.dll ..." date="2025-06-21T21:03:34.045" /><!-- duration: 0ms -->
        <step title="Extracting to C:\local\Temp\zipdeploy\extracted\Microsoft.EntityFrameworkCore.Sqlite.dll ..." date="2025-06-21T21:03:34.045" /><!-- duration: 16ms -->
      </step><!-- duration: 547ms -->
    </step><!-- duration: 547ms -->
    <step title="Before sending BuildRequestReceived status to /api/updatedeploystatus" date="2025-06-21T21:03:34.061" /><!-- duration: 0ms -->
    <step title="DeploymentManager.Deploy(id:393d97d298514badbae5fa187dcc421f)" date="2025-06-21T21:03:34.077" >
      <step title="Collecting changeset information" date="2025-06-21T21:03:34.077" /><!-- duration: 31ms -->
      <step title="Updating submodules" date="2025-06-21T21:03:34.108" >
        <step title="Updating submodules." date="2025-06-21T21:03:34.123" /><!-- duration: 16ms -->
      </step><!-- duration: 31ms -->
      <step title="Preparing deployment for commit id &apos;393d97d298&apos;." date="2025-06-21T21:03:34.170" /><!-- duration: 0ms -->
      <step title="Determining deployment builder" date="2025-06-21T21:03:34.186" >
        <step title="Builder is BasicBuilder" date="2025-06-21T21:03:34.202" /><!-- duration: 0ms -->
      </step><!-- duration: 16ms -->
      <step title="Copying SSH keys" date="2025-06-21T21:03:34.202" /><!-- duration: 16ms -->
      <step title="Building" date="2025-06-21T21:03:34.217" >
        <step title="Generating deployment script." date="2025-06-21T21:03:34.248" /><!-- duration: 0ms -->
        <step title="Generating deployment script" date="2025-06-21T21:03:34.248" >
          <step title="Using cached version of the deployment script for command: -y --no-dot-deployment -r &quot;C:\local\Temp\zipdeploy\extracted&quot; -o &quot;C:\home\site\deployments\tools&quot; --basic --sitePath &quot;C:\local\Temp\zipdeploy\extracted&quot;" date="2025-06-21T21:03:34.280" /><!-- duration: 0ms -->
          <step title="Using cached version of deployment script (command: &apos;azure -y --no-dot-deployment -r &quot;C:\local\Temp\zipdeploy\extracted&quot; -o &quot;C:\home\site\deployments\tools&quot; --basic --sitePath &quot;C:\local\Temp\zipdeploy\extracted&quot;&apos;)." date="2025-06-21T21:03:34.280" /><!-- duration: 0ms -->
        </step><!-- duration: 47ms -->
        <step title="Running deployment command..." date="2025-06-21T21:03:34.327" /><!-- duration: 0ms -->
        <step title="Command: &quot;C:\home\site\deployments\tools\deploy.cmd&quot;" date="2025-06-21T21:03:34.327" /><!-- duration: 16ms -->
        <step title="Executing external process" date="2025-06-21T21:03:34.342" type="process" path="starter.cmd" arguments="&quot;C:\home\site\deployments\tools\deploy.cmd&quot;" >
          <step title="Handling Basic Web Site deployment." date="2025-06-21T21:03:34.483" /><!-- duration: 0ms -->
          <step title="Creating app_offline.htm" date="2025-06-21T21:03:34.639" /><!-- duration: 0ms -->
          <step title="KuduSync.NET from: &apos;C:\local\Temp\zipdeploy\extracted&apos; to: &apos;C:\home\site\wwwroot&apos;" date="2025-06-21T21:03:34.639" /><!-- duration: 0ms -->
          <step title="Copying file: &apos;whiteboard.db&apos;" date="2025-06-21T21:03:34.655" /><!-- duration: 0ms -->
          <step title="Deleting app_offline.htm" date="2025-06-21T21:03:34.655" /><!-- duration: 0ms -->
          <step title="Finished successfully." date="2025-06-21T21:03:34.655" /><!-- duration: 16ms -->
        </step><!-- duration: 328ms -->
        <step title="Running post deployment command(s)..." date="2025-06-21T21:03:34.686" /><!-- duration: 0ms -->
        <step title="Triggering recycle (preview mode disabled)." date="2025-06-21T21:03:34.717" /><!-- duration: 0ms -->
        <step title="Ignoring FS watcher based recycle request as this is a classic Windows app." date="2025-06-21T21:03:34.717" /><!-- duration: 0ms -->
        <step title="Deployment successful. DEPLOYMENTINFO: deploymentPath = ZipDeploy. Extract zip. , deployer = ms-azuretools-vscode, os = windows, sku = Free, siteName = Whiteboardv2-backend, siteHostName = whiteboardv2-backend-ckf7efgxbxbjg0ft.eastus-01.azurewebsites.net, deploymentStatus = Success" date="2025-06-21T21:03:34.748" /><!-- duration: 0ms -->
      </step><!-- duration: 1031ms -->
    </step><!-- duration: 1188ms -->
    <step title="Cleaning up temp files" date="2025-06-21T21:03:35.264" /><!-- duration: 0ms -->
    <step title="Skip function trigger and logicapp sync because function is not enabled." date="2025-06-21T21:03:35.264" /><!-- duration: 16ms -->
  </step><!-- duration: 1891ms -->
  <step title="LockFile &apos;C:\home\site\locks\deployments.lock&apos; released" date="2025-06-21T21:03:35.295" /><!-- duration: 0ms -->
  <step title="Deleting shutdown sentinel file" date="2025-06-21T21:03:35.311" SemaphoreCount="8" /><!-- duration: 0ms -->
</step><!-- duration: 1953ms -->
