<step title="Incoming Request" date="2025-04-16T21:34:44.458" instance="b4a4b2" url="/api/zipdeploy?author=ms-azuretools-vscode&amp;deployer=ms-azuretools-vscode&amp;isAsync=true&amp;trackDeploymentId=true" method="POST" type="request" pid="7320,2,8" Connection="Keep-Alive" Transfer-Encoding="chunked" Accept-Encoding="gzip,deflate" Accept-Language="en" Authorization="Bea..." Host="whiteboardv2-backend-ckf7efgxbxbjg0ft.scm.eastus-01.azurewebsites.net" User-Agent="vscode-azureappservice/0.26.0 core-rest-pipeline/1.19.1 Node/20.18.3 OS/(arm64-Darwin-24.3.0)" x-ms-correlation-request-id="6b7f2344-53c5-4a78-8e79-478172901cc9" x-ms-client-request-id="53549beb-95b8-4676-b66b-9ba2d5bbff0e" X-ARR-LOG-ID="53549beb-95b8-4676-b66b-9ba2d5bbff0e" CLIENT-IP="24.10.224.120:49666" X-SITE-DEPLOYMENT-ID="Whiteboardv2-backend" WAS-DEFAULT-HOSTNAME="whiteboardv2-backend-ckf7efgxbxbjg0ft.scm.eastus-01.azurewebsites.net" X-Forwarded-Proto="https" X-AppService-Proto="https" X-Forwarded-TlsVersion="1.3" X-WAWS-Unencoded-URL="/api/zipdeploy?author=ms-azuretools-vscode&amp;deployer=ms-azuretools-vscode&amp;isAsync=true&amp;trackDeploymentId=true" X-MS-COLDSTART="1" >
  <step title="ZipPushDeploy" date="2025-04-16T21:34:44.661" >
    <step title="ZipDeploy. Extract zip. " date="2025-04-16T21:34:44.693" /><!-- duration: 0ms -->
    <step title="Starting PushDeployAsync" date="2025-04-16T21:34:44.693" /><!-- duration: 0ms -->
    <step title="Updating shutdown sentinel last write time" date="2025-04-16T21:34:44.740" SemaphoreCount="7" /><!-- duration: 0ms -->
    <step title="LockFile &apos;C:\home\site\locks\deployments.lock&apos; acquired" date="2025-04-16T21:34:44.755" /><!-- duration: 0ms -->
    <step title="Saving request content to C:\local\Temp\zipdeploy\gxxhhi1y.zip" date="2025-04-16T21:34:44.755" >
      <step title="Writing 4,238,427 bytes to C:\local\Temp\zipdeploy\gxxhhi1y.zip" date="2025-04-16T21:35:14.936" /><!-- duration: 16ms -->
      <step title="Writing 8,464,527 bytes to C:\local\Temp\zipdeploy\gxxhhi1y.zip" date="2025-04-16T21:35:44.997" /><!-- duration: 0ms -->
      <step title="Writing 12,608,891 bytes to C:\local\Temp\zipdeploy\gxxhhi1y.zip" date="2025-04-16T21:36:15.034" /><!-- duration: 16ms -->
      <step title="Total 16,585,127 bytes written to C:\local\Temp\zipdeploy\gxxhhi1y.zip" date="2025-04-16T21:36:37.725" /><!-- duration: 16ms -->
    </step><!-- duration: 112986ms -->
    <step title="LockFile &apos;C:\home\site\locks\deployments.lock&apos; released" date="2025-04-16T21:36:37.741" /><!-- duration: 0ms -->
    <step title="Deleting shutdown sentinel file" date="2025-04-16T21:36:37.757" SemaphoreCount="8" /><!-- duration: 0ms -->
    <step title="Starting FetchDeploy" date="2025-04-16T21:36:37.757" /><!-- duration: 16ms -->
    <step title="Start deployment in the background" date="2025-04-16T21:36:37.772" /><!-- duration: 78ms -->
  </step><!-- duration: 113189ms -->
  <step title="Outgoing response" date="2025-04-16T21:36:37.882" type="response" statusCode="202" statusText="Accepted" Server="Microsoft-IIS/10.0" x-ms-request-id="53549beb-95b8-4676-b66b-9ba2d5bbff0e" Retry-After="30" Cache-Control="private" X-AspNet-Version="4.0.30319" Location="https://whiteboardv2-backend-ckf7efgxbxbjg0ft.scm.eastus-01.azurewebsites.net/api/deployments/latest?deployer=ms-azuretools-vscode&amp;time=2025-04-16_21-36-37Z" /><!-- duration: 0ms -->
</step><!-- duration: 113423ms -->
