<step title="BackgroundTrace" date="2025-06-22T21:53:54.848" instance="46bc5b" url="/api/zipdeploy" method="POST" >
  <step title="Updating shutdown sentinel last write time" date="2025-06-22T21:53:54.848" SemaphoreCount="7" /><!-- duration: 16ms -->
  <step title="LockFile &apos;C:\home\site\locks\deployments.lock&apos; acquired" date="2025-06-22T21:53:54.863" /><!-- duration: 0ms -->
  <step title="Creating temporary deployment" date="2025-06-22T21:53:54.863" /><!-- duration: 16ms -->
  <step title="Performing fetch based deployment" date="2025-06-22T21:53:54.879" >
    <step title="Fetching changes." date="2025-06-22T21:53:54.894" /><!-- duration: 16ms -->
    <step title="Starting LocalZipHandler" date="2025-06-22T21:53:54.910" /><!-- duration: 0ms -->
    <step title="Cleaning up temp folders from previous zip deployments and extracting pushed zip file C:\local\Temp\zipdeploy\xqlh3cnk.zip (15.74 MB) to C:\local\Temp\zipdeploy\extracted" date="2025-06-22T21:53:54.926" /><!-- duration: 0ms -->
    <step title="Cleaning up temp folders from previous zip deployments and extracting pushed zip file C:\local\Temp\zipdeploy\xqlh3cnk.zip (15.74 MB) to C:\local\Temp\zipdeploy\extracted" date="2025-06-22T21:53:54.926" >
      <step title="Renaming extractTargetDirectory(C:\local\Temp\zipdeploy\extracted) to tempDirectory(C:\local\Temp\zipdeploy\rw4bjezi.erf)" date="2025-06-22T21:53:54.926" /><!-- duration: 0ms -->
      <step title="Extracting 66 entries to C:\local\Temp\zipdeploy\extracted directory" date="2025-06-22T21:53:54.926" >
        <step title="Extracting to C:\local\Temp\zipdeploy\extracted\Swashbuckle.AspNetCore.Swagger.dll ..." date="2025-06-22T21:53:54.926" /><!-- duration: 16ms -->
        <step title="Extracting to C:\local\Temp\zipdeploy\extracted\Microsoft.Data.Sqlite.dll ..." date="2025-06-22T21:53:54.941" /><!-- duration: 0ms -->
        <step title="Extracting to C:\local\Temp\zipdeploy\extracted\Microsoft.AspNetCore.SignalR.Client.Core.dll ..." date="2025-06-22T21:53:54.957" /><!-- duration: 0ms -->
        <step title="Extracting to C:\local\Temp\zipdeploy\extracted\Microsoft.Extensions.DependencyInjection.Abstractions.dll ..." date="2025-06-22T21:53:54.957" /><!-- duration: 0ms -->
        <step title="Extracting to C:\local\Temp\zipdeploy\extracted\appsettings.Development.json ..." date="2025-06-22T21:53:54.957" /><!-- duration: 0ms -->
        <step title="Omitting extracting file traces ..." date="2025-06-22T21:53:54.973" /><!-- duration: 0ms -->
        <step title="Extracting to C:\local\Temp\zipdeploy\extracted\Microsoft.EntityFrameworkCore.dll ..." date="2025-06-22T21:53:55.441" /><!-- duration: 31ms -->
        <step title="Extracting to C:\local\Temp\zipdeploy\extracted\Microsoft.IdentityModel.Logging.dll ..." date="2025-06-22T21:53:55.473" /><!-- duration: 0ms -->
        <step title="Extracting to C:\local\Temp\zipdeploy\extracted\Microsoft.AspNetCore.Http.Connections.Client.dll ..." date="2025-06-22T21:53:55.473" /><!-- duration: 0ms -->
        <step title="Extracting to C:\local\Temp\zipdeploy\extracted\Microsoft.EntityFrameworkCore.Sqlite.dll ..." date="2025-06-22T21:53:55.473" /><!-- duration: 16ms -->
        <step title="Extracting to C:\local\Temp\zipdeploy\extracted\Microsoft.AspNetCore.Connections.Abstractions.dll ..." date="2025-06-22T21:53:55.488" /><!-- duration: 0ms -->
      </step><!-- duration: 563ms -->
    </step><!-- duration: 578ms -->
    <step title="Before sending BuildRequestReceived status to /api/updatedeploystatus" date="2025-06-22T21:53:55.504" /><!-- duration: 0ms -->
    <step title="DeploymentManager.Deploy(id:b769c12e000646ee8a8ddb5af97137d1)" date="2025-06-22T21:53:55.504" >
      <step title="Collecting changeset information" date="2025-06-22T21:53:55.504" /><!-- duration: 16ms -->
      <step title="Updating submodules" date="2025-06-22T21:53:55.519" >
        <step title="Updating submodules." date="2025-06-22T21:53:55.535" /><!-- duration: 0ms -->
      </step><!-- duration: 31ms -->
      <step title="Preparing deployment for commit id &apos;b769c12e00&apos;." date="2025-06-22T21:53:55.566" /><!-- duration: 0ms -->
      <step title="Determining deployment builder" date="2025-06-22T21:53:55.582" >
        <step title="Builder is BasicBuilder" date="2025-06-22T21:53:55.582" /><!-- duration: 0ms -->
      </step><!-- duration: 0ms -->
      <step title="Copying SSH keys" date="2025-06-22T21:53:55.613" /><!-- duration: 0ms -->
      <step title="Building" date="2025-06-22T21:53:55.613" >
        <step title="Generating deployment script." date="2025-06-22T21:53:55.629" /><!-- duration: 0ms -->
        <step title="Generating deployment script" date="2025-06-22T21:53:55.629" >
          <step title="Using cached version of the deployment script for command: -y --no-dot-deployment -r &quot;C:\local\Temp\zipdeploy\extracted&quot; -o &quot;C:\home\site\deployments\tools&quot; --basic --sitePath &quot;C:\local\Temp\zipdeploy\extracted&quot;" date="2025-06-22T21:53:55.644" /><!-- duration: 0ms -->
          <step title="Using cached version of deployment script (command: &apos;azure -y --no-dot-deployment -r &quot;C:\local\Temp\zipdeploy\extracted&quot; -o &quot;C:\home\site\deployments\tools&quot; --basic --sitePath &quot;C:\local\Temp\zipdeploy\extracted&quot;&apos;)." date="2025-06-22T21:53:55.644" /><!-- duration: 0ms -->
        </step><!-- duration: 16ms -->
        <step title="Running deployment command..." date="2025-06-22T21:53:55.660" /><!-- duration: 16ms -->
        <step title="Command: &quot;C:\home\site\deployments\tools\deploy.cmd&quot;" date="2025-06-22T21:53:55.676" /><!-- duration: 0ms -->
        <step title="Executing external process" date="2025-06-22T21:53:55.691" type="process" path="starter.cmd" arguments="&quot;C:\home\site\deployments\tools\deploy.cmd&quot;" >
          <step title="Handling Basic Web Site deployment." date="2025-06-22T21:53:55.785" /><!-- duration: 0ms -->
          <step title="Creating app_offline.htm" date="2025-06-22T21:53:56.004" /><!-- duration: 0ms -->
          <step title="KuduSync.NET from: &apos;C:\local\Temp\zipdeploy\extracted&apos; to: &apos;C:\home\site\wwwroot&apos;" date="2025-06-22T21:53:56.004" /><!-- duration: 16ms -->
          <step title="Deleting file: &apos;Microsoft.Extensions.Diagnostics.Abstractions.dll&apos;" date="2025-06-22T21:53:56.019" /><!-- duration: 0ms -->
          <step title="Deleting file: &apos;Microsoft.Extensions.Hosting.Abstractions.dll&apos;" date="2025-06-22T21:53:56.019" /><!-- duration: 0ms -->
          <step title="Deleting file: &apos;Microsoft.Extensions.ObjectPool.dll&apos;" date="2025-06-22T21:53:56.035" /><!-- duration: 0ms -->
          <step title="Deleting file: &apos;Newtonsoft.Json.dll&apos;" date="2025-06-22T21:53:56.035" /><!-- duration: 0ms -->
          <step title="Deleting file: &apos;System.Net.WebSockets.WebSocketProtocol.dll&apos;" date="2025-06-22T21:53:56.035" /><!-- duration: 0ms -->
          <step title="Copying file: &apos;appsettings.json&apos;" date="2025-06-22T21:53:56.051" /><!-- duration: 0ms -->
          <step title="Copying file: &apos;Microsoft.AspNetCore.Connections.Abstractions.dll&apos;" date="2025-06-22T21:53:56.066" /><!-- duration: 0ms -->
          <step title="Copying file: &apos;Microsoft.AspNetCore.Http.Connections.Client.dll&apos;" date="2025-06-22T21:53:56.066" /><!-- duration: 0ms -->
          <step title="Copying file: &apos;Microsoft.AspNetCore.Http.Connections.Common.dll&apos;" date="2025-06-22T21:53:56.066" /><!-- duration: 0ms -->
          <step title="Copying file: &apos;Microsoft.AspNetCore.SignalR.Client.Core.dll&apos;" date="2025-06-22T21:53:56.082" /><!-- duration: 0ms -->
          <step title="Copying file: &apos;Microsoft.AspNetCore.SignalR.Client.dll&apos;" date="2025-06-22T21:53:56.082" /><!-- duration: 0ms -->
          <step title="Copying file: &apos;Microsoft.AspNetCore.SignalR.Common.dll&apos;" date="2025-06-22T21:53:56.082" /><!-- duration: 0ms -->
          <step title="Copying file: &apos;Microsoft.AspNetCore.SignalR.Protocols.Json.dll&apos;" date="2025-06-22T21:53:56.098" /><!-- duration: 0ms -->
          <step title="Copying file: &apos;Microsoft.Extensions.Features.dll&apos;" date="2025-06-22T21:53:56.098" /><!-- duration: 0ms -->
          <step title="Copying file: &apos;Whiteboard&apos;" date="2025-06-22T21:53:56.098" /><!-- duration: 0ms -->
          <step title="Copying file: &apos;whiteboard.db&apos;" date="2025-06-22T21:53:56.113" /><!-- duration: 0ms -->
          <step title="Copying file: &apos;Whiteboard.deps.json&apos;" date="2025-06-22T21:53:56.113" /><!-- duration: 0ms -->
          <step title="Copying file: &apos;Whiteboard.dll&apos;" date="2025-06-22T21:53:58.614" /><!-- duration: 0ms -->
          <step title="Copying file: &apos;Whiteboard.pdb&apos;" date="2025-06-22T21:53:58.614" /><!-- duration: 0ms -->
          <step title="Copying file: &apos;Whiteboard.runtimeconfig.json&apos;" date="2025-06-22T21:53:58.630" /><!-- duration: 0ms -->
          <step title="Copying file: &apos;publish\appsettings.Development.json&apos;" date="2025-06-22T21:53:58.630" /><!-- duration: 0ms -->
          <step title="Copying file: &apos;publish\appsettings.json&apos;" date="2025-06-22T21:53:58.645" /><!-- duration: 0ms -->
          <step title="Copying file: &apos;publish\Whiteboard.deps.json&apos;" date="2025-06-22T21:53:58.645" /><!-- duration: 0ms -->
          <step title="Copying file: &apos;publish\Whiteboard.runtimeconfig.json&apos;" date="2025-06-22T21:53:58.645" /><!-- duration: 0ms -->
          <step title="Copying file: &apos;publish\web.config&apos;" date="2025-06-22T21:53:58.661" /><!-- duration: 0ms -->
          <step title="Deleting app_offline.htm" date="2025-06-22T21:53:58.661" /><!-- duration: 0ms -->
          <step title="Finished successfully." date="2025-06-22T21:53:58.661" /><!-- duration: 0ms -->
        </step><!-- duration: 2985ms -->
        <step title="Running post deployment command(s)..." date="2025-06-22T21:53:58.692" /><!-- duration: 0ms -->
        <step title="Triggering recycle (preview mode disabled)." date="2025-06-22T21:53:58.708" /><!-- duration: 0ms -->
        <step title="Ignoring FS watcher based recycle request as this is a classic Windows app." date="2025-06-22T21:53:58.708" /><!-- duration: 0ms -->
        <step title="Deployment successful. DEPLOYMENTINFO: deploymentPath = ZipDeploy. Extract zip. , deployer = ms-azuretools-vscode, os = windows, sku = Free, siteName = Whiteboardv2-backend, siteHostName = whiteboardv2-backend-ckf7efgxbxbjg0ft.eastus-01.azurewebsites.net, deploymentStatus = Success" date="2025-06-22T21:53:58.723" /><!-- duration: 0ms -->
        <step title="Purge deployment items" date="2025-06-22T21:53:58.770" >
          <step title="Remove 187b930d2, Success, received at 4/16/2025 9:36:38 PM" date="2025-06-22T21:53:58.895" /><!-- duration: 0ms -->
        </step><!-- duration: 125ms -->
      </step><!-- duration: 3298ms -->
    </step><!-- duration: 3407ms -->
    <step title="Cleaning up temp files" date="2025-06-22T21:53:58.911" /><!-- duration: 0ms -->
    <step title="Skip function trigger and logicapp sync because function is not enabled." date="2025-06-22T21:53:58.911" /><!-- duration: 16ms -->
  </step><!-- duration: 4048ms -->
  <step title="LockFile &apos;C:\home\site\locks\deployments.lock&apos; released" date="2025-06-22T21:53:58.926" /><!-- duration: 0ms -->
  <step title="Deleting shutdown sentinel file" date="2025-06-22T21:53:58.942" SemaphoreCount="8" /><!-- duration: 0ms -->
</step><!-- duration: 4094ms -->
