<step title="BackgroundTrace" date="2025-06-21T05:33:16.710" instance="46bc5b" url="/api/zipdeploy" method="POST" >
  <step title="Updating shutdown sentinel last write time" date="2025-06-21T05:33:16.710" SemaphoreCount="7" /><!-- duration: 0ms -->
  <step title="LockFile &apos;C:\home\site\locks\deployments.lock&apos; acquired" date="2025-06-21T05:33:16.710" /><!-- duration: 16ms -->
  <step title="Creating temporary deployment" date="2025-06-21T05:33:16.725" /><!-- duration: 16ms -->
  <step title="Performing fetch based deployment" date="2025-06-21T05:33:16.741" >
    <step title="Fetching changes." date="2025-06-21T05:33:16.803" /><!-- duration: 16ms -->
    <step title="Starting LocalZipHandler" date="2025-06-21T05:33:16.819" /><!-- duration: 0ms -->
    <step title="Cleaning up temp folders from previous zip deployments and extracting pushed zip file C:\local\Temp\zipdeploy\wc2wylhh.zip (15.82 MB) to C:\local\Temp\zipdeploy\extracted" date="2025-06-21T05:33:16.850" /><!-- duration: 16ms -->
    <step title="Cleaning up temp folders from previous zip deployments and extracting pushed zip file C:\local\Temp\zipdeploy\wc2wylhh.zip (15.82 MB) to C:\local\Temp\zipdeploy\extracted" date="2025-06-21T05:33:16.866" >
      <step title="Renaming extractTargetDirectory(C:\local\Temp\zipdeploy\extracted) to tempDirectory(C:\local\Temp\zipdeploy\th3r13dh.ksy)" date="2025-06-21T05:33:16.866" /><!-- duration: 0ms -->
      <step title="Extracting 58 entries to C:\local\Temp\zipdeploy\extracted directory" date="2025-06-21T05:33:16.866" >
        <step title="Extracting to C:\local\Temp\zipdeploy\extracted\Swashbuckle.AspNetCore.Swagger.dll ..." date="2025-06-21T05:33:16.866" /><!-- duration: 16ms -->
        <step title="Extracting to C:\local\Temp\zipdeploy\extracted\Microsoft.Data.Sqlite.dll ..." date="2025-06-21T05:33:16.881" /><!-- duration: 0ms -->
        <step title="Extracting to C:\local\Temp\zipdeploy\extracted\Microsoft.Extensions.Diagnostics.Abstractions.dll ..." date="2025-06-21T05:33:16.897" /><!-- duration: 16ms -->
        <step title="Extracting to C:\local\Temp\zipdeploy\extracted\Microsoft.Extensions.DependencyInjection.Abstractions.dll ..." date="2025-06-21T05:33:16.913" /><!-- duration: 16ms -->
        <step title="Extracting to C:\local\Temp\zipdeploy\extracted\appsettings.Development.json ..." date="2025-06-21T05:33:16.928" /><!-- duration: 0ms -->
        <step title="Omitting extracting file traces ..." date="2025-06-21T05:33:16.928" /><!-- duration: 16ms -->
        <step title="Extracting to C:\local\Temp\zipdeploy\extracted\Microsoft.Extensions.Hosting.Abstractions.dll ..." date="2025-06-21T05:33:17.397" /><!-- duration: 0ms -->
        <step title="Extracting to C:\local\Temp\zipdeploy\extracted\Microsoft.EntityFrameworkCore.dll ..." date="2025-06-21T05:33:17.397" /><!-- duration: 31ms -->
        <step title="Extracting to C:\local\Temp\zipdeploy\extracted\Microsoft.Extensions.ObjectPool.dll ..." date="2025-06-21T05:33:17.428" /><!-- duration: 0ms -->
        <step title="Extracting to C:\local\Temp\zipdeploy\extracted\Microsoft.IdentityModel.Logging.dll ..." date="2025-06-21T05:33:17.428" /><!-- duration: 0ms -->
        <step title="Extracting to C:\local\Temp\zipdeploy\extracted\Microsoft.EntityFrameworkCore.Sqlite.dll ..." date="2025-06-21T05:33:17.444" /><!-- duration: 0ms -->
      </step><!-- duration: 578ms -->
    </step><!-- duration: 578ms -->
    <step title="Before sending BuildRequestReceived status to /api/updatedeploystatus" date="2025-06-21T05:33:17.444" /><!-- duration: 16ms -->
    <step title="DeploymentManager.Deploy(id:25fbc42999db45a3bcc58808cb2e65cc)" date="2025-06-21T05:33:17.460" >
      <step title="Collecting changeset information" date="2025-06-21T05:33:17.460" /><!-- duration: 16ms -->
      <step title="Updating submodules" date="2025-06-21T05:33:17.475" >
        <step title="Updating submodules." date="2025-06-21T05:33:17.506" /><!-- duration: 0ms -->
      </step><!-- duration: 31ms -->
      <step title="Preparing deployment for commit id &apos;25fbc42999&apos;." date="2025-06-21T05:33:17.538" /><!-- duration: 0ms -->
      <step title="Determining deployment builder" date="2025-06-21T05:33:17.553" >
        <step title="Builder is BasicBuilder" date="2025-06-21T05:33:17.569" /><!-- duration: 0ms -->
      </step><!-- duration: 16ms -->
      <step title="Copying SSH keys" date="2025-06-21T05:33:17.585" /><!-- duration: 16ms -->
      <step title="Building" date="2025-06-21T05:33:17.600" >
        <step title="Generating deployment script." date="2025-06-21T05:33:17.616" /><!-- duration: 0ms -->
        <step title="Generating deployment script" date="2025-06-21T05:33:17.616" >
          <step title="Using cached version of the deployment script for command: -y --no-dot-deployment -r &quot;C:\local\Temp\zipdeploy\extracted&quot; -o &quot;C:\home\site\deployments\tools&quot; --basic --sitePath &quot;C:\local\Temp\zipdeploy\extracted&quot;" date="2025-06-21T05:33:17.631" /><!-- duration: 16ms -->
          <step title="Using cached version of deployment script (command: &apos;azure -y --no-dot-deployment -r &quot;C:\local\Temp\zipdeploy\extracted&quot; -o &quot;C:\home\site\deployments\tools&quot; --basic --sitePath &quot;C:\local\Temp\zipdeploy\extracted&quot;&apos;)." date="2025-06-21T05:33:17.647" /><!-- duration: 0ms -->
        </step><!-- duration: 31ms -->
        <step title="Running deployment command..." date="2025-06-21T05:33:17.678" /><!-- duration: 0ms -->
        <step title="Command: &quot;C:\home\site\deployments\tools\deploy.cmd&quot;" date="2025-06-21T05:33:17.694" /><!-- duration: 0ms -->
        <step title="Executing external process" date="2025-06-21T05:33:17.710" type="process" path="starter.cmd" arguments="&quot;C:\home\site\deployments\tools\deploy.cmd&quot;" >
          <step title="Handling Basic Web Site deployment." date="2025-06-21T05:33:17.803" /><!-- duration: 0ms -->
          <step title="Creating app_offline.htm" date="2025-06-21T05:33:17.991" /><!-- duration: 16ms -->
          <step title="KuduSync.NET from: &apos;C:\local\Temp\zipdeploy\extracted&apos; to: &apos;C:\home\site\wwwroot&apos;" date="2025-06-21T05:33:18.006" /><!-- duration: 0ms -->
          <step title="Copying file: &apos;whiteboard.db&apos;" date="2025-06-21T05:33:18.022" /><!-- duration: 0ms -->
          <step title="Deleting app_offline.htm" date="2025-06-21T05:33:18.022" /><!-- duration: 0ms -->
          <step title="Finished successfully." date="2025-06-21T05:33:18.022" /><!-- duration: 16ms -->
        </step><!-- duration: 328ms -->
        <step title="Running post deployment command(s)..." date="2025-06-21T05:33:18.053" /><!-- duration: 0ms -->
        <step title="Triggering recycle (preview mode disabled)." date="2025-06-21T05:33:18.085" /><!-- duration: 0ms -->
        <step title="Ignoring FS watcher based recycle request as this is a classic Windows app." date="2025-06-21T05:33:18.100" /><!-- duration: 0ms -->
        <step title="Deployment successful. DEPLOYMENTINFO: deploymentPath = ZipDeploy. Extract zip. , deployer = ms-azuretools-vscode, os = windows, sku = Free, siteName = Whiteboardv2-backend, siteHostName = whiteboardv2-backend-ckf7efgxbxbjg0ft.eastus-01.azurewebsites.net, deploymentStatus = Success" date="2025-06-21T05:33:18.116" /><!-- duration: 0ms -->
      </step><!-- duration: 609ms -->
    </step><!-- duration: 766ms -->
    <step title="Cleaning up temp files" date="2025-06-21T05:33:18.225" /><!-- duration: 0ms -->
    <step title="Skip function trigger and logicapp sync because function is not enabled." date="2025-06-21T05:33:18.241" /><!-- duration: 0ms -->
  </step><!-- duration: 1531ms -->
  <step title="LockFile &apos;C:\home\site\locks\deployments.lock&apos; released" date="2025-06-21T05:33:18.272" /><!-- duration: 0ms -->
  <step title="Deleting shutdown sentinel file" date="2025-06-21T05:33:18.272" SemaphoreCount="8" /><!-- duration: 16ms -->
</step><!-- duration: 1578ms -->
