<step title="Incoming Request" date="2025-04-18T04:38:19.095" instance="46bc5b" url="/api/zipdeploy?author=ms-azuretools-vscode&amp;deployer=ms-azuretools-vscode&amp;isAsync=true&amp;trackDeploymentId=true" method="POST" type="request" pid="9356,2,8" Connection="Keep-Alive" Transfer-Encoding="chunked" Accept-Encoding="gzip,deflate" Accept-Language="en" Authorization="Bea..." Host="whiteboardv2-backend-ckf7efgxbxbjg0ft.scm.eastus-01.azurewebsites.net" User-Agent="vscode-azureappservice/0.26.0 core-rest-pipeline/1.19.1 Node/20.18.3 OS/(arm64-Darwin-24.3.0)" x-ms-correlation-request-id="5ea87dc1-6916-4bba-87a1-6ff13c4a8f09" x-ms-client-request-id="e26bed73-17a5-4cb6-85ff-82f8a0a682d9" X-ARR-LOG-ID="e26bed73-17a5-4cb6-85ff-82f8a0a682d9" CLIENT-IP="67.2.15.192:50991" X-SITE-DEPLOYMENT-ID="Whiteboardv2-backend" WAS-DEFAULT-HOSTNAME="whiteboardv2-backend-ckf7efgxbxbjg0ft.scm.eastus-01.azurewebsites.net" X-Forwarded-Proto="https" X-AppService-Proto="https" X-Forwarded-TlsVersion="1.3" X-WAWS-Unencoded-URL="/api/zipdeploy?author=ms-azuretools-vscode&amp;deployer=ms-azuretools-vscode&amp;isAsync=true&amp;trackDeploymentId=true" X-MS-COLDSTART="1" >
  <step title="ZipPushDeploy" date="2025-04-18T04:38:19.283" >
    <step title="ZipDeploy. Extract zip. " date="2025-04-18T04:38:19.314" /><!-- duration: 0ms -->
    <step title="Starting PushDeployAsync" date="2025-04-18T04:38:19.314" /><!-- duration: 16ms -->
    <step title="Updating shutdown sentinel last write time" date="2025-04-18T04:38:19.361" SemaphoreCount="7" /><!-- duration: 16ms -->
    <step title="LockFile &apos;C:\home\site\locks\deployments.lock&apos; acquired" date="2025-04-18T04:38:19.377" /><!-- duration: 0ms -->
    <step title="Saving request content to C:\local\Temp\zipdeploy\swlvdhzu.zip" date="2025-04-18T04:38:19.392" >
      <step title="Total 16,585,127 bytes written to C:\local\Temp\zipdeploy\swlvdhzu.zip" date="2025-04-18T04:38:27.630" /><!-- duration: 0ms -->
    </step><!-- duration: 8254ms -->
    <step title="LockFile &apos;C:\home\site\locks\deployments.lock&apos; released" date="2025-04-18T04:38:27.646" /><!-- duration: 16ms -->
    <step title="Deleting shutdown sentinel file" date="2025-04-18T04:38:27.662" SemaphoreCount="8" /><!-- duration: 0ms -->
    <step title="Starting FetchDeploy" date="2025-04-18T04:38:27.677" /><!-- duration: 0ms -->
    <step title="Start deployment in the background" date="2025-04-18T04:38:27.693" /><!-- duration: 63ms -->
  </step><!-- duration: 8472ms -->
  <step title="Outgoing response" date="2025-04-18T04:38:27.787" type="response" statusCode="202" statusText="Accepted" Server="Microsoft-IIS/10.0" x-ms-request-id="e26bed73-17a5-4cb6-85ff-82f8a0a682d9" Retry-After="30" Cache-Control="private" X-AspNet-Version="4.0.30319" Location="https://whiteboardv2-backend-ckf7efgxbxbjg0ft.scm.eastus-01.azurewebsites.net/api/deployments/latest?deployer=ms-azuretools-vscode&amp;time=2025-04-18_04-38-27Z" /><!-- duration: 0ms -->
</step><!-- duration: 8691ms -->
