<step title="BackgroundTrace" date="2025-04-16T21:36:37.772" instance="b4a4b2" url="/api/zipdeploy" method="POST" >
  <step title="Cleanup Xml Logs" date="2025-04-16T21:36:37.788" /><!-- duration: 16ms -->
  <step title="Updating shutdown sentinel last write time" date="2025-04-16T21:36:37.803" SemaphoreCount="7" /><!-- duration: 0ms -->
  <step title="LockFile &apos;C:\home\site\locks\deployments.lock&apos; acquired" date="2025-04-16T21:36:37.819" /><!-- duration: 0ms -->
  <step title="Creating temporary deployment" date="2025-04-16T21:36:37.819" /><!-- duration: 31ms -->
  <step title="Performing fetch based deployment" date="2025-04-16T21:36:37.850" >
    <step title="Fetching changes." date="2025-04-16T21:36:37.897" /><!-- duration: 16ms -->
    <step title="Starting LocalZipHandler" date="2025-04-16T21:36:37.913" /><!-- duration: 0ms -->
    <step title="Cleaning up temp folders from previous zip deployments and extracting pushed zip file C:\local\Temp\zipdeploy\gxxhhi1y.zip (15.82 MB) to C:\local\Temp\zipdeploy\extracted" date="2025-04-16T21:36:37.944" /><!-- duration: 0ms -->
    <step title="Cleaning up temp folders from previous zip deployments and extracting pushed zip file C:\local\Temp\zipdeploy\gxxhhi1y.zip (15.82 MB) to C:\local\Temp\zipdeploy\extracted" date="2025-04-16T21:36:37.944" >
      <step title="Extracting 58 entries to C:\local\Temp\zipdeploy\extracted directory" date="2025-04-16T21:36:37.944" >
        <step title="Extracting to C:\local\Temp\zipdeploy\extracted\Swashbuckle.AspNetCore.Swagger.dll ..." date="2025-04-16T21:36:37.960" /><!-- duration: 0ms -->
        <step title="Extracting to C:\local\Temp\zipdeploy\extracted\Microsoft.Data.Sqlite.dll ..." date="2025-04-16T21:36:37.960" /><!-- duration: 0ms -->
        <step title="Extracting to C:\local\Temp\zipdeploy\extracted\Microsoft.Extensions.Diagnostics.Abstractions.dll ..." date="2025-04-16T21:36:37.975" /><!-- duration: 0ms -->
        <step title="Extracting to C:\local\Temp\zipdeploy\extracted\Microsoft.Extensions.DependencyInjection.Abstractions.dll ..." date="2025-04-16T21:36:37.975" /><!-- duration: 0ms -->
        <step title="Extracting to C:\local\Temp\zipdeploy\extracted\appsettings.Development.json ..." date="2025-04-16T21:36:37.991" /><!-- duration: 0ms -->
        <step title="Omitting extracting file traces ..." date="2025-04-16T21:36:37.991" /><!-- duration: 0ms -->
        <step title="Extracting to C:\local\Temp\zipdeploy\extracted\Microsoft.Extensions.Hosting.Abstractions.dll ..." date="2025-04-16T21:36:38.444" /><!-- duration: 16ms -->
        <step title="Extracting to C:\local\Temp\zipdeploy\extracted\Microsoft.EntityFrameworkCore.dll ..." date="2025-04-16T21:36:38.460" /><!-- duration: 31ms -->
        <step title="Extracting to C:\local\Temp\zipdeploy\extracted\Microsoft.Extensions.ObjectPool.dll ..." date="2025-04-16T21:36:38.491" /><!-- duration: 0ms -->
        <step title="Extracting to C:\local\Temp\zipdeploy\extracted\Microsoft.IdentityModel.Logging.dll ..." date="2025-04-16T21:36:38.507" /><!-- duration: 0ms -->
        <step title="Extracting to C:\local\Temp\zipdeploy\extracted\Microsoft.EntityFrameworkCore.Sqlite.dll ..." date="2025-04-16T21:36:38.507" /><!-- duration: 16ms -->
      </step><!-- duration: 578ms -->
    </step><!-- duration: 578ms -->
    <step title="Before sending BuildRequestReceived status to /api/updatedeploystatus" date="2025-04-16T21:36:38.522" /><!-- duration: 16ms -->
    <step title="DeploymentManager.Deploy(id:187b930d211f40639cf4c5166d30d4db)" date="2025-04-16T21:36:38.538" >
      <step title="Collecting changeset information" date="2025-04-16T21:36:38.538" /><!-- duration: 31ms -->
      <step title="Updating submodules" date="2025-04-16T21:36:38.569" >
        <step title="Updating submodules." date="2025-04-16T21:36:38.600" /><!-- duration: 0ms -->
      </step><!-- duration: 31ms -->
      <step title="Preparing deployment for commit id &apos;187b930d21&apos;." date="2025-04-16T21:36:38.632" /><!-- duration: 0ms -->
      <step title="Determining deployment builder" date="2025-04-16T21:36:38.663" >
        <step title="Builder is BasicBuilder" date="2025-04-16T21:36:38.663" /><!-- duration: 16ms -->
      </step><!-- duration: 16ms -->
      <step title="Copying SSH keys" date="2025-04-16T21:36:38.694" /><!-- duration: 0ms -->
      <step title="Building" date="2025-04-16T21:36:38.694" >
        <step title="Generating deployment script." date="2025-04-16T21:36:38.725" /><!-- duration: 0ms -->
        <step title="Generating deployment script" date="2025-04-16T21:36:38.741" >
          <step title="Using the following command to generate deployment script: &apos;azure site deploymentscript -y --no-dot-deployment -r &quot;C:\local\Temp\zipdeploy\extracted&quot; -o &quot;C:\home\site\deployments\tools&quot; --basic --sitePath &quot;C:\local\Temp\zipdeploy\extracted&quot;&apos;." date="2025-04-16T21:36:38.757" /><!-- duration: 0ms -->
          <step title="Executing external process" date="2025-04-16T21:36:38.772" type="process" path="starter.cmd" arguments="&quot;C:\Program Files (x86)\SiteExtensions\Kudu\103.110221.001\bin\node_modules\.bin\kuduscript.cmd&quot; -y --no-dot-deployment -r &quot;C:\local\Temp\zipdeploy\extracted&quot; -o &quot;C:\home\site\deployments\tools&quot; --basic --sitePath &quot;C:\local\Temp\zipdeploy\extracted&quot;" >
            <step title="Generating deployment script for Web Site" date="2025-04-16T21:36:38.882" /><!-- duration: 0ms -->
            <step title="Generated deployment script files" date="2025-04-16T21:36:38.897" /><!-- duration: 0ms -->
          </step><!-- duration: 125ms -->
          <step title="Saved cached version of the deployment script for command -y --no-dot-deployment -r &quot;C:\local\Temp\zipdeploy\extracted&quot; -o &quot;C:\home\site\deployments\tools&quot; --basic --sitePath &quot;C:\local\Temp\zipdeploy\extracted&quot;" date="2025-04-16T21:36:38.913" /><!-- duration: 0ms -->
        </step><!-- duration: 172ms -->
        <step title="Running deployment command..." date="2025-04-16T21:36:38.944" /><!-- duration: 16ms -->
        <step title="Command: &quot;C:\home\site\deployments\tools\deploy.cmd&quot;" date="2025-04-16T21:36:38.960" /><!-- duration: 0ms -->
        <step title="Executing external process" date="2025-04-16T21:36:38.960" type="process" path="starter.cmd" arguments="&quot;C:\home\site\deployments\tools\deploy.cmd&quot;" >
          <step title="Handling Basic Web Site deployment." date="2025-04-16T21:36:39.069" /><!-- duration: 0ms -->
          <step title="Creating app_offline.htm" date="2025-04-16T21:36:39.272" /><!-- duration: 16ms -->
          <step title="KuduSync.NET from: &apos;C:\local\Temp\zipdeploy\extracted&apos; to: &apos;C:\home\site\wwwroot&apos;" date="2025-04-16T21:36:39.288" /><!-- duration: 0ms -->
          <step title="Deleting file: &apos;hostingstart.html&apos;" date="2025-04-16T21:36:39.303" /><!-- duration: 0ms -->
          <step title="Copying file: &apos;appsettings.Development.json&apos;" date="2025-04-16T21:36:39.303" /><!-- duration: 16ms -->
          <step title="Copying file: &apos;appsettings.json&apos;" date="2025-04-16T21:36:39.319" /><!-- duration: 0ms -->
          <step title="Copying file: &apos;Microsoft.AspNetCore.Authentication.JwtBearer.dll&apos;" date="2025-04-16T21:36:39.335" /><!-- duration: 0ms -->
          <step title="Copying file: &apos;Microsoft.Data.Sqlite.dll&apos;" date="2025-04-16T21:36:39.335" /><!-- duration: 0ms -->
          <step title="Copying file: &apos;Microsoft.EntityFrameworkCore.Abstractions.dll&apos;" date="2025-04-16T21:36:39.350" /><!-- duration: 0ms -->
          <step title="Copying file: &apos;Microsoft.EntityFrameworkCore.dll&apos;" date="2025-04-16T21:36:39.350" /><!-- duration: 31ms -->
          <step title="Copying file: &apos;Microsoft.EntityFrameworkCore.Relational.dll&apos;" date="2025-04-16T21:36:39.382" /><!-- duration: 0ms -->
          <step title="Copying file: &apos;Microsoft.EntityFrameworkCore.Sqlite.dll&apos;" date="2025-04-16T21:36:39.397" /><!-- duration: 0ms -->
          <step title="Copying file: &apos;Microsoft.Extensions.DependencyInjection.Abstractions.dll&apos;" date="2025-04-16T21:36:39.413" /><!-- duration: 0ms -->
          <step title="Copying file: &apos;Microsoft.Extensions.DependencyModel.dll&apos;" date="2025-04-16T21:36:39.413" /><!-- duration: 0ms -->
          <step title="Copying file: &apos;Microsoft.Extensions.Diagnostics.Abstractions.dll&apos;" date="2025-04-16T21:36:39.428" /><!-- duration: 0ms -->
          <step title="Copying file: &apos;Microsoft.Extensions.Hosting.Abstractions.dll&apos;" date="2025-04-16T21:36:39.428" /><!-- duration: 16ms -->
          <step title="Copying file: &apos;Microsoft.Extensions.Logging.Abstractions.dll&apos;" date="2025-04-16T21:36:39.444" /><!-- duration: 16ms -->
          <step title="Copying file: &apos;Microsoft.Extensions.ObjectPool.dll&apos;" date="2025-04-16T21:36:39.460" /><!-- duration: 0ms -->
          <step title="Copying file: &apos;Microsoft.Extensions.Options.dll&apos;" date="2025-04-16T21:36:39.475" /><!-- duration: 0ms -->
          <step title="Copying file: &apos;Microsoft.IdentityModel.Abstractions.dll&apos;" date="2025-04-16T21:36:39.491" /><!-- duration: 0ms -->
          <step title="Copying file: &apos;Microsoft.IdentityModel.JsonWebTokens.dll&apos;" date="2025-04-16T21:36:39.491" /><!-- duration: 16ms -->
          <step title="Copying file: &apos;Microsoft.IdentityModel.Logging.dll&apos;" date="2025-04-16T21:36:39.507" /><!-- duration: 16ms -->
          <step title="Copying file: &apos;Microsoft.IdentityModel.Protocols.dll&apos;" date="2025-04-16T21:36:39.522" /><!-- duration: 0ms -->
          <step title="Copying file: &apos;Microsoft.IdentityModel.Protocols.OpenIdConnect.dll&apos;" date="2025-04-16T21:36:39.538" /><!-- duration: 0ms -->
          <step title="Copying file: &apos;Microsoft.IdentityModel.Tokens.dll&apos;" date="2025-04-16T21:36:39.538" /><!-- duration: 16ms -->
          <step title="Copying file: &apos;Microsoft.OpenApi.dll&apos;" date="2025-04-16T21:36:39.553" /><!-- duration: 0ms -->
          <step title="Copying file: &apos;Newtonsoft.Json.dll&apos;" date="2025-04-16T21:36:39.569" /><!-- duration: 0ms -->
          <step title="Copying file: &apos;SQLitePCLRaw.batteries_v2.dll&apos;" date="2025-04-16T21:36:39.585" /><!-- duration: 0ms -->
          <step title="Copying file: &apos;SQLitePCLRaw.core.dll&apos;" date="2025-04-16T21:36:39.585" /><!-- duration: 16ms -->
          <step title="Copying file: &apos;SQLitePCLRaw.provider.e_sqlite3.dll&apos;" date="2025-04-16T21:36:39.600" /><!-- duration: 0ms -->
          <step title="Copying file: &apos;Swashbuckle.AspNetCore.Swagger.dll&apos;" date="2025-04-16T21:36:39.616" /><!-- duration: 0ms -->
          <step title="Copying file: &apos;Swashbuckle.AspNetCore.SwaggerGen.dll&apos;" date="2025-04-16T21:36:39.632" /><!-- duration: 0ms -->
          <step title="Copying file: &apos;Swashbuckle.AspNetCore.SwaggerUI.dll&apos;" date="2025-04-16T21:36:39.632" /><!-- duration: 16ms -->
          <step title="Copying file: &apos;System.IdentityModel.Tokens.Jwt.dll&apos;" date="2025-04-16T21:36:39.647" /><!-- duration: 0ms -->
          <step title="Copying file: &apos;System.Net.WebSockets.WebSocketProtocol.dll&apos;" date="2025-04-16T21:36:39.663" /><!-- duration: 0ms -->
          <step title="Copying file: &apos;Whiteboard&apos;" date="2025-04-16T21:36:39.678" /><!-- duration: 0ms -->
          <step title="Copying file: &apos;whiteboard.db&apos;" date="2025-04-16T21:36:39.678" /><!-- duration: 16ms -->
          <step title="Copying file: &apos;Whiteboard.deps.json&apos;" date="2025-04-16T21:36:39.694" /><!-- duration: 0ms -->
          <step title="Copying file: &apos;Whiteboard.dll&apos;" date="2025-04-16T21:36:39.710" /><!-- duration: 0ms -->
          <step title="Copying file: &apos;Whiteboard.pdb&apos;" date="2025-04-16T21:36:39.725" /><!-- duration: 0ms -->
          <step title="Copying file: &apos;Whiteboard.runtimeconfig.json&apos;" date="2025-04-16T21:36:39.725" /><!-- duration: 16ms -->
          <step title="Copying file: &apos;runtimes\browser-wasm\nativeassets\net8.0\e_sqlite3.a&apos;" date="2025-04-16T21:36:39.741" /><!-- duration: 16ms -->
          <step title="Copying file: &apos;runtimes\linux-arm\native\libe_sqlite3.so&apos;" date="2025-04-16T21:36:39.757" /><!-- duration: 0ms -->
          <step title="Copying file: &apos;runtimes\linux-arm64\native\libe_sqlite3.so&apos;" date="2025-04-16T21:36:39.772" /><!-- duration: 0ms -->
          <step title="Copying file: &apos;runtimes\linux-armel\native\libe_sqlite3.so&apos;" date="2025-04-16T21:36:39.788" /><!-- duration: 0ms -->
          <step title="Copying file: &apos;runtimes\linux-mips64\native\libe_sqlite3.so&apos;" date="2025-04-16T21:36:39.788" /><!-- duration: 0ms -->
          <step title="Copying file: &apos;runtimes\linux-musl-arm\native\libe_sqlite3.so&apos;" date="2025-04-16T21:36:39.803" /><!-- duration: 0ms -->
          <step title="Copying file: &apos;runtimes\linux-musl-arm64\native\libe_sqlite3.so&apos;" date="2025-04-16T21:36:39.835" /><!-- duration: 0ms -->
          <step title="Copying file: &apos;runtimes\linux-musl-x64\native\libe_sqlite3.so&apos;" date="2025-04-16T21:36:39.850" /><!-- duration: 0ms -->
          <step title="Copying file: &apos;runtimes\linux-ppc64le\native\libe_sqlite3.so&apos;" date="2025-04-16T21:36:39.850" /><!-- duration: 16ms -->
          <step title="Copying file: &apos;runtimes\linux-s390x\native\libe_sqlite3.so&apos;" date="2025-04-16T21:36:39.866" /><!-- duration: 0ms -->
          <step title="Omitting next output lines..." date="2025-04-16T21:36:39.882" /><!-- duration: 0ms -->
          <step title="Finished successfully." date="2025-04-16T21:36:39.882" /><!-- duration: 0ms -->
        </step><!-- duration: 937ms -->
        <step title="Running post deployment command(s)..." date="2025-04-16T21:36:39.913" /><!-- duration: 16ms -->
        <step title="Triggering recycle (preview mode disabled)." date="2025-04-16T21:36:39.960" /><!-- duration: 0ms -->
        <step title="Ignoring FS watcher based recycle request as this is a classic Windows app." date="2025-04-16T21:36:39.960" /><!-- duration: 0ms -->
        <step title="Deployment successful. DEPLOYMENTINFO: deploymentPath = ZipDeploy. Extract zip. , deployer = ms-azuretools-vscode, os = windows, sku = Free, siteName = Whiteboardv2-backend, siteHostName = whiteboardv2-backend-ckf7efgxbxbjg0ft.eastus-01.azurewebsites.net, deploymentStatus = Success" date="2025-04-16T21:36:40.007" /><!-- duration: 0ms -->
      </step><!-- duration: 1375ms -->
    </step><!-- duration: 1531ms -->
    <step title="Cleaning up temp files" date="2025-04-16T21:36:40.085" /><!-- duration: 0ms -->
    <step title="Skip function trigger and logicapp sync because function is not enabled." date="2025-04-16T21:36:40.085" /><!-- duration: 0ms -->
  </step><!-- duration: 2250ms -->
  <step title="LockFile &apos;C:\home\site\locks\deployments.lock&apos; released" date="2025-04-16T21:36:40.116" /><!-- duration: 0ms -->
  <step title="Deleting shutdown sentinel file" date="2025-04-16T21:36:40.116" SemaphoreCount="8" /><!-- duration: 0ms -->
</step><!-- duration: 2344ms -->
