<step title="Incoming Request" date="2025-04-16T22:02:08.432" instance="b4a4b2" url="/api/zipdeploy?author=ms-azuretools-vscode&amp;deployer=ms-azuretools-vscode&amp;isAsync=true&amp;trackDeploymentId=true" method="POST" type="request" pid="9316,2,9" Transfer-Encoding="chunked" Accept-Encoding="gzip,deflate" Accept-Language="en" Authorization="Bea..." Host="whiteboardv2-backend-ckf7efgxbxbjg0ft.scm.eastus-01.azurewebsites.net" User-Agent="vscode-azureappservice/0.26.0 core-rest-pipeline/1.19.1 Node/20.18.3 OS/(arm64-Darwin-24.3.0)" x-ms-correlation-request-id="a895a5e7-3eee-4894-b0ae-7d6ca9bd07db" x-ms-client-request-id="e345c718-d18d-4eac-8db6-88dab40d880d" X-ARR-LOG-ID="e345c718-d18d-4eac-8db6-88dab40d880d" CLIENT-IP="24.10.224.120:51959" X-SITE-DEPLOYMENT-ID="Whiteboardv2-backend" WAS-DEFAULT-HOSTNAME="whiteboardv2-backend-ckf7efgxbxbjg0ft.scm.eastus-01.azurewebsites.net" X-Forwarded-Proto="https" X-AppService-Proto="https" X-Forwarded-TlsVersion="1.3" X-WAWS-Unencoded-URL="/api/zipdeploy?author=ms-azuretools-vscode&amp;deployer=ms-azuretools-vscode&amp;isAsync=true&amp;trackDeploymentId=true" >
  <step title="ZipPushDeploy" date="2025-04-16T22:02:08.588" >
    <step title="ZipDeploy. Extract zip. " date="2025-04-16T22:02:08.604" /><!-- duration: 0ms -->
    <step title="Starting PushDeployAsync" date="2025-04-16T22:02:08.604" /><!-- duration: 16ms -->
    <step title="Updating shutdown sentinel last write time" date="2025-04-16T22:02:08.667" SemaphoreCount="7" /><!-- duration: 0ms -->
    <step title="LockFile &apos;C:\home\site\locks\deployments.lock&apos; acquired" date="2025-04-16T22:02:08.667" /><!-- duration: 0ms -->
    <step title="Saving request content to C:\local\Temp\zipdeploy\a2e02ayb.zip" date="2025-04-16T22:02:08.682" >
      <step title="Writing 5,570,832 bytes to C:\local\Temp\zipdeploy\a2e02ayb.zip" date="2025-04-16T22:02:38.769" /><!-- duration: 0ms -->
      <step title="Writing 10,275,134 bytes to C:\local\Temp\zipdeploy\a2e02ayb.zip" date="2025-04-16T22:03:08.832" /><!-- duration: 0ms -->
      <step title="Writing 15,813,246 bytes to C:\local\Temp\zipdeploy\a2e02ayb.zip" date="2025-04-16T22:03:38.905" /><!-- duration: 0ms -->
      <step title="Total 16,585,127 bytes written to C:\local\Temp\zipdeploy\a2e02ayb.zip" date="2025-04-16T22:03:44.636" /><!-- duration: 0ms -->
    </step><!-- duration: 95954ms -->
    <step title="LockFile &apos;C:\home\site\locks\deployments.lock&apos; released" date="2025-04-16T22:03:44.651" /><!-- duration: 0ms -->
    <step title="Deleting shutdown sentinel file" date="2025-04-16T22:03:44.651" SemaphoreCount="8" /><!-- duration: 0ms -->
    <step title="Starting FetchDeploy" date="2025-04-16T22:03:44.667" /><!-- duration: 0ms -->
    <step title="Start deployment in the background" date="2025-04-16T22:03:44.667" /><!-- duration: 62ms -->
  </step><!-- duration: 96141ms -->
  <step title="Outgoing response" date="2025-04-16T22:03:44.761" type="response" statusCode="202" statusText="Accepted" Server="Microsoft-IIS/10.0" x-ms-request-id="e345c718-d18d-4eac-8db6-88dab40d880d" Retry-After="30" Cache-Control="private" X-AspNet-Version="4.0.30319" Location="https://whiteboardv2-backend-ckf7efgxbxbjg0ft.scm.eastus-01.azurewebsites.net/api/deployments/latest?deployer=ms-azuretools-vscode&amp;time=2025-04-16_22-03-44Z" /><!-- duration: 0ms -->
</step><!-- duration: 96329ms -->
