<step title="Incoming Request" date="2025-06-22T23:01:46.543" instance="46bc5b" url="/api/zipdeploy?author=ms-azuretools-vscode&amp;deployer=ms-azuretools-vscode&amp;isAsync=true&amp;trackDeploymentId=true" method="POST" type="request" pid="14068,2,12" Transfer-Encoding="chunked" Accept-Encoding="gzip,deflate" Accept-Language="en" Authorization="Bea..." Host="whiteboardv2-backend-ckf7efgxbxbjg0ft.scm.eastus-01.azurewebsites.net" User-Agent="vscode-azureappservice/0.26.2 core-rest-pipeline/1.20.0 Node/22.15.1 OS/(arm64-Darwin-24.5.0)" x-ms-correlation-request-id="76f92aa5-7456-4d8c-bf03-35d2907c2317" x-ms-client-request-id="3cfcac70-867d-4a1b-af5a-1eec22b3520e" X-ARR-LOG-ID="3cfcac70-867d-4a1b-af5a-1eec22b3520e" CLIENT-IP="24.10.224.120:51489" X-SITE-DEPLOYMENT-ID="Whiteboardv2-backend" WAS-DEFAULT-HOSTNAME="whiteboardv2-backend-ckf7efgxbxbjg0ft.scm.eastus-01.azurewebsites.net" X-Forwarded-Proto="https" X-AppService-Proto="https" X-Forwarded-TlsVersion="1.3" X-WAWS-Unencoded-URL="/api/zipdeploy?author=ms-azuretools-vscode&amp;deployer=ms-azuretools-vscode&amp;isAsync=true&amp;trackDeploymentId=true" >
  <step title="Cleanup Xml Logs" date="2025-06-22T23:01:46.543" /><!-- duration: 0ms -->
  <step title="ZipPushDeploy" date="2025-06-22T23:01:46.575" >
    <step title="ZipDeploy. Extract zip. " date="2025-06-22T23:01:46.606" /><!-- duration: 0ms -->
    <step title="Starting PushDeployAsync" date="2025-06-22T23:01:46.606" /><!-- duration: 0ms -->
    <step title="Updating shutdown sentinel last write time" date="2025-06-22T23:01:46.653" SemaphoreCount="7" /><!-- duration: 0ms -->
    <step title="LockFile &apos;C:\home\site\locks\deployments.lock&apos; acquired" date="2025-06-22T23:01:46.668" /><!-- duration: 0ms -->
    <step title="Saving request content to C:\local\Temp\zipdeploy\xner3www.zip" date="2025-06-22T23:01:46.668" >
      <step title="Total 16,540,244 bytes written to C:\local\Temp\zipdeploy\xner3www.zip" date="2025-06-22T23:01:50.436" /><!-- duration: 0ms -->
    </step><!-- duration: 3784ms -->
    <step title="LockFile &apos;C:\home\site\locks\deployments.lock&apos; released" date="2025-06-22T23:01:50.452" /><!-- duration: 0ms -->
    <step title="Deleting shutdown sentinel file" date="2025-06-22T23:01:50.452" SemaphoreCount="8" /><!-- duration: 0ms -->
    <step title="Starting FetchDeploy" date="2025-06-22T23:01:50.468" /><!-- duration: 0ms -->
    <step title="Start deployment in the background" date="2025-06-22T23:01:50.468" /><!-- duration: 47ms -->
  </step><!-- duration: 3940ms -->
  <step title="Outgoing response" date="2025-06-22T23:01:50.515" type="response" statusCode="202" statusText="Accepted" Server="Microsoft-IIS/10.0" x-ms-request-id="3cfcac70-867d-4a1b-af5a-1eec22b3520e" Retry-After="30" Cache-Control="private" X-AspNet-Version="4.0.30319" Location="https://whiteboardv2-backend-ckf7efgxbxbjg0ft.scm.eastus-01.azurewebsites.net/api/deployments/latest?deployer=ms-azuretools-vscode&amp;time=2025-06-22_23-01-50Z" /><!-- duration: 0ms -->
</step><!-- duration: 3971ms -->
