<step title="Incoming Request" date="2025-06-21T21:03:30.136" instance="46bc5b" url="/api/zipdeploy?author=ms-azuretools-vscode&amp;deployer=ms-azuretools-vscode&amp;isAsync=true&amp;trackDeploymentId=true" method="POST" type="request" pid="20288,2,8" Connection="Keep-Alive" Transfer-Encoding="chunked" Accept-Encoding="gzip,deflate" Accept-Language="en" Authorization="Bea..." Host="whiteboardv2-backend-ckf7efgxbxbjg0ft.scm.eastus-01.azurewebsites.net" User-Agent="vscode-azureappservice/0.26.2 core-rest-pipeline/1.20.0 Node/22.15.1 OS/(arm64-Darwin-24.5.0)" x-ms-correlation-request-id="c517171e-5b82-47c9-96b8-fe9854a8556c" x-ms-client-request-id="87dd7d26-b528-4f08-ad51-e00b4e275bcd" X-ARR-LOG-ID="87dd7d26-b528-4f08-ad51-e00b4e275bcd" CLIENT-IP="67.2.17.107:55989" X-SITE-DEPLOYMENT-ID="Whiteboardv2-backend" WAS-DEFAULT-HOSTNAME="whiteboardv2-backend-ckf7efgxbxbjg0ft.scm.eastus-01.azurewebsites.net" X-Forwarded-Proto="https" X-AppService-Proto="https" X-Forwarded-TlsVersion="1.3" X-WAWS-Unencoded-URL="/api/zipdeploy?author=ms-azuretools-vscode&amp;deployer=ms-azuretools-vscode&amp;isAsync=true&amp;trackDeploymentId=true" X-MS-COLDSTART="1" >
  <step title="ZipPushDeploy" date="2025-06-21T21:03:30.339" >
    <step title="ZipDeploy. Extract zip. " date="2025-06-21T21:03:30.355" /><!-- duration: 16ms -->
    <step title="Starting PushDeployAsync" date="2025-06-21T21:03:30.370" /><!-- duration: 0ms -->
    <step title="Updating shutdown sentinel last write time" date="2025-06-21T21:03:30.417" SemaphoreCount="7" /><!-- duration: 0ms -->
    <step title="LockFile &apos;C:\home\site\locks\deployments.lock&apos; acquired" date="2025-06-21T21:03:30.417" /><!-- duration: 0ms -->
    <step title="Saving request content to C:\local\Temp\zipdeploy\g04krmkc.zip" date="2025-06-21T21:03:30.417" >
      <step title="Total 16,585,127 bytes written to C:\local\Temp\zipdeploy\g04krmkc.zip" date="2025-06-21T21:03:33.327" /><!-- duration: 0ms -->
    </step><!-- duration: 2910ms -->
    <step title="LockFile &apos;C:\home\site\locks\deployments.lock&apos; released" date="2025-06-21T21:03:33.327" /><!-- duration: 0ms -->
    <step title="Deleting shutdown sentinel file" date="2025-06-21T21:03:33.342" SemaphoreCount="8" /><!-- duration: 0ms -->
    <step title="Starting FetchDeploy" date="2025-06-21T21:03:33.342" /><!-- duration: 0ms -->
    <step title="Start deployment in the background" date="2025-06-21T21:03:33.342" /><!-- duration: 62ms -->
  </step><!-- duration: 3066ms -->
  <step title="Outgoing response" date="2025-06-21T21:03:33.420" type="response" statusCode="202" statusText="Accepted" Server="Microsoft-IIS/10.0" x-ms-request-id="87dd7d26-b528-4f08-ad51-e00b4e275bcd" Retry-After="30" Cache-Control="private" X-AspNet-Version="4.0.30319" Location="https://whiteboardv2-backend-ckf7efgxbxbjg0ft.scm.eastus-01.azurewebsites.net/api/deployments/latest?deployer=ms-azuretools-vscode&amp;time=2025-06-21_21-03-33Z" /><!-- duration: 16ms -->
</step><!-- duration: 3300ms -->
