﻿<?xml version="1.0" encoding="utf-8"?>
<deployment>
  <id>1090eb1f7d7a446f844518f3e93f2ad3</id>
  <author>ms-azuretools-vscode</author>
  <deployer>ms-azuretools-vscode</deployer>
  <authorEmail>N/A</authorEmail>
  <message>Created via a push deployment</message>
  <progress></progress>
  <status>Success</status>
  <statusText></statusText>
  <lastSuccessEndTime>2025-06-21T06:33:50.8692709Z</lastSuccessEndTime>
  <receivedTime>2025-06-21T06:33:50.3067675Z</receivedTime>
  <startTime>2025-06-21T06:33:50.384893Z</startTime>
  <endTime>2025-06-21T06:33:50.8692709Z</endTime>
  <complete>True</complete>
  <is_temp>False</is_temp>
  <is_readonly>True</is_readonly>
  <project_type>BASIC</project_type>
  <vsproject_id></vsproject_id>
</deployment>