﻿<?xml version="1.0" encoding="utf-8"?>
<deployment>
  <id>3f7f87b9c8064a8bbccb90fb8f56aa1c</id>
  <author>ms-azuretools-vscode</author>
  <deployer>ms-azuretools-vscode</deployer>
  <authorEmail>N/A</authorEmail>
  <message>Created via a push deployment</message>
  <progress></progress>
  <status>Success</status>
  <statusText></statusText>
  <lastSuccessEndTime>2025-06-22T21:48:41.5605503Z</lastSuccessEndTime>
  <receivedTime>2025-06-22T21:48:40.9977102Z</receivedTime>
  <startTime>2025-06-22T21:48:41.1074118Z</startTime>
  <endTime>2025-06-22T21:48:41.5605503Z</endTime>
  <complete>True</complete>
  <is_temp>False</is_temp>
  <is_readonly>True</is_readonly>
  <project_type>BASIC</project_type>
  <vsproject_id></vsproject_id>
</deployment>